Student_ID,Name,Email,College,Branch,Year,Placement_Date,Study_Hours,Dream_Company,Target_Role,Easy_Solved,Medium_Solved,Hard_Solved,Contest_Rating,Platform_x,DBMS,Operating_System,Computer_Networks,OOP,SQL,Project_ID,Project_Name,Technology,Difficulty,GitHub_Link,Certification_ID,Certification_Name,Platform_y,Status_x,Internship_ID,Company,Role,Duration,Status_y,Resume_ID,ATS_Score,Grammar_Score,Keywords_Matched,Resume_Format,Overall_Status
ST0001,Niharika Samra,oni24@example.com,NIT Rourkela,Mechanical,3,2027-09-10,6,Oracle,Data Analyst,225,100,41,1675,LeetCode,87,74,85,81,74,P0001,Portfolio Website,Flask,Hard,https://github.com/ST0001/project,C0001,Python Programming,NPTEL,In Progress,I0001,Oracle,Frontend Intern,3 Months,Ongoing,R0001,72,90,15,Basic,Good
ST0002,Sudiksha Nori,hsolanki@example.net,NIT Rourkela,CSE,4,2027-10-14,8,Accenture,Data Scientist,268,260,82,1809,LeetCode,85,86,88,96,85,P0002,Portfolio Website,Node.js,Medium,https://github.com/ST0002/project,C0002,SQL for Data Science,Coursera,Completed,I0002,Infosys,ML Intern,6 Months,Not Started,R0002,94,93,20,Modern,Excellent
ST0003,Wahab Naidu,poojashroff@example.com,VSSUT,EEE,4,2027-12-23,6,TCS,Full Stack Developer,151,110,22,1724,LeetCode,70,81,78,70,77,P0003,E-Commerce Website,C++,Hard,https://github.com/ST0003/project,C0003,Machine Learning,edX,In Progress,I0003,Oracle,Frontend Intern,2 Months,Not Started,R0003,81,77,19,Modern,Excellent
ST0004,Krisha Nagar,chavvi40@example.net,NIT Rourkela,IT,4,2027-12-25,10,Adobe,ML Engineer,276,264,78,2226,LeetCode,92,87,90,93,89,P0004,E-Commerce Website,C++,Medium,https://github.com/ST0004/project,C0004,SQL for Data Science,Udemy,Completed,I0004,Capgemini,ML Intern,3 Months,Completed,R0004,99,92,25,Basic,Excellent
ST0005,Advay Saha,mannvincent@example.org,KIIT,EEE,3,2027-11-22,7,Wipro,Frontend Developer,196,169,26,1742,LeetCode,72,82,82,83,84,P0005,Student Management System,C++,Hard,https://github.com/ST0005/project,C0005,Artificial Intelligence Basics,GeeksforGeeks,Completed,I0005,Amazon,ML Intern,6 Months,Not Started,R0005,71,87,14,ATS-Friendly,Good
ST0006,Kai Brar,davesarthak@example.org,IIT Bhubaneswar,CSE,4,2027-09-23,8,Amazon,Software Engineer,314,254,71,1855,LeetCode,99,92,100,92,94,P0006,Portfolio Website,Flask,Medium,https://github.com/ST0006/project,C0006,Full Stack Web Development,Udemy,Completed,I0006,Oracle,Cloud Intern,6 Months,Not Started,R0006,97,86,19,Modern,Excellent
ST0007,Sanaya Bhagat,pahalvasa@example.com,KIIT,ECE,4,2027-11-17,6,Oracle,Software Engineer,248,123,24,1713,LeetCode,88,85,79,71,75,P0007,Student Management System,Java,Easy,https://github.com/ST0007/project,C0007,Machine Learning,NPTEL,Completed,I0007,Cognizant,Frontend Intern,6 Months,Ongoing,R0007,81,77,14,Modern,Excellent
ST0008,Aarav Venkatesh,quincyyohannan@example.com,NIT Rourkela,IT,3,2027-10-03,2,Adobe,Frontend Developer,58,21,5,1350,LeetCode,47,45,57,39,37,P0008,Face Recognition System,MongoDB,Medium,https://github.com/ST0008/project,C0008,Python for Everybody,Udemy,In Progress,I0008,Capgemini,Cloud Intern,1 Month,Not Started,R0008,49,48,7,Modern,Needs Improvement
ST0009,Michael Chacko,edeshpande@example.org,NIT Rourkela,Mechanical,4,2028-01-07,9,Adobe,ML Engineer,257,165,51,2188,LeetCode,93,99,88,85,94,P0009,Chatbot,Java,Medium,https://github.com/ST0009/project,C0009,Artificial Intelligence Basics,Udemy,In Progress,I0009,Microsoft,Web Developer Intern,2 Months,Not Started,R0009,93,90,18,Modern,Excellent
ST0010,Yashica Dave,cheemamadhav@example.net,IIT Bhubaneswar,EEE,3,2027-11-13,7,Wipro,Backend Developer,235,142,22,1737,LeetCode,88,79,77,72,88,P0010,Portfolio Website,Django,Hard,https://github.com/ST0010/project,C0010,Python Programming,Coursera,Completed,I0010,Microsoft,Software Developer Intern,3 Months,Completed,R0010,70,81,19,Modern,Good
ST0011,Pratyush Dube,zsalvi@example.net,KIIT,IT,3,2027-09-02,7,TCS,Full Stack Developer,246,122,28,1723,LeetCode,70,74,81,85,78,P0011,E-Commerce Website,React,Hard,https://github.com/ST0011/project,C0011,Machine Learning,edX,Completed,I0011,Accenture,Web Developer Intern,2 Months,Ongoing,R0011,70,82,20,Modern,Good
ST0012,Bhavani Bhagat,upadhritimohan@example.com,VSSUT,CSE,4,2027-08-01,5,Oracle,ML Engineer,90,31,17,1586,LeetCode,72,71,59,64,61,P0012,Placement Prediction System,MongoDB,Medium,https://github.com/ST0012/project,C0012,Google Data Analytics,GeeksforGeeks,In Progress,I0012,Oracle,ML Intern,3 Months,Completed,R0012,63,74,11,Modern,Average
ST0013,Balvan Khare,parsabaghyawati@example.net,KIIT,ECE,4,2027-10-06,9,Google,Data Analyst,430,258,94,2256,LeetCode,98,89,85,89,95,P0013,Placement Prediction System,C++,Easy,https://github.com/ST0013/project,C0013,AWS Cloud Practitioner,edX,Completed,I0013,Infosys,Backend Intern,6 Months,Not Started,R0013,94,91,18,Basic,Excellent
ST0014,Ayush Borah,draj@example.org,IIT Bhubaneswar,CSE,4,2027-10-11,5,Google,Data Scientist,85,51,15,1410,LeetCode,74,74,70,56,73,P0014,AI Resume Analyzer,MySQL,Medium,https://github.com/ST0014/project,C0014,Cyber Security Essentials,Coursera,In Progress,I0014,Accenture,Software Developer Intern,3 Months,Completed,R0014,55,69,13,Basic,Average
ST0015,Vinaya More,ynori@example.com,VSSUT,CSE,4,2027-10-30,5,Wipro,Frontend Developer,85,53,6,1471,LeetCode,59,55,61,70,61,P0015,Movie Recommendation System,Python,Medium,https://github.com/ST0015/project,C0015,Java Programming,Coursera,Completed,I0015,TCS,ML Intern,1 Month,Ongoing,R0015,62,63,14,Modern,Average
ST0016,Mohammed Patel,abhiramprasad@example.com,IIT Bhubaneswar,CSE,4,2027-10-29,5,Wipro,Data Analyst,91,44,12,1430,LeetCode,60,55,59,56,62,P0016,Weather App,C++,Hard,https://github.com/ST0016/project,C0016,Artificial Intelligence Basics,Udemy,Completed,I0016,Oracle,Backend Intern,6 Months,Not Started,R0016,68,64,11,Basic,Good
ST0017,Jhalak Parekh,shuklaekapad@example.com,NIT Rourkela,CSE,3,2027-11-11,9,Capgemini,Full Stack Developer,420,174,65,1846,LeetCode,88,91,90,87,90,P0017,Hospital Management System,Python,Easy,https://github.com/ST0017/project,C0017,Python Programming,Coursera,Completed,I0017,Infosys,Software Developer Intern,3 Months,Not Started,R0017,90,85,20,Modern,Excellent
ST0018,Adweta Kulkarni,mishrasiya@example.net,IIT Bhubaneswar,EEE,3,2028-01-10,2,Wipro,Backend Developer,32,18,3,1162,LeetCode,51,43,43,47,46,P0018,Movie Recommendation System,Python,Hard,https://github.com/ST0018/project,C0018,NPTEL Computer Networks,Coursera,Completed,I0018,Cognizant,Cloud Intern,1 Month,Ongoing,R0018,38,45,7,ATS-Friendly,Needs Improvement
ST0019,Urvi Ganesh,lshroff@example.net,NIT Rourkela,IT,3,2027-11-03,4,TCS,Software Engineer,120,78,20,1454,LeetCode,57,57,61,65,57,P0019,Movie Recommendation System,MySQL,Easy,https://github.com/ST0019/project,C0019,Cloud Computing,Coursera,Completed,I0019,Wipro,Frontend Intern,3 Months,Ongoing,R0019,59,72,10,Basic,Average
ST0020,Akshay Sekhon,abanik@example.org,IIT Bhubaneswar,Mechanical,3,2027-10-11,4,Google,Data Scientist,104,36,13,1525,LeetCode,62,67,55,67,66,P0020,Attendance Management System,Django,Easy,https://github.com/ST0020/project,C0020,NPTEL DBMS,edX,Completed,I0020,Infosys,Backend Intern,1 Month,Completed,R0020,62,64,11,ATS-Friendly,Average
ST0021,Darika Saran,jgulati@example.net,VSSUT,ECE,4,2027-09-21,5,Oracle,Backend Developer,138,38,18,1447,LeetCode,75,70,61,68,75,P0021,Attendance Management System,Python,Hard,https://github.com/ST0021/project,C0021,Cloud Computing,Coursera,Completed,I0021,TCS,Backend Intern,1 Month,Ongoing,R0021,68,62,11,Basic,Good
ST0022,Yashasvi Raju,sanyasubramaniam@example.org,NIT Rourkela,EEE,3,2027-08-15,8,Wipro,Data Analyst,301,281,76,2280,LeetCode,86,89,99,98,87,P0022,AI Resume Analyzer,MySQL,Medium,https://github.com/ST0022/project,C0022,Machine Learning,Udemy,Completed,I0022,Capgemini,Cloud Intern,6 Months,Not Started,R0022,99,90,23,ATS-Friendly,Excellent
ST0023,Fiyaz Subramanian,narayandaksh@example.org,VSSUT,Mechanical,4,2027-08-02,4,Microsoft,Backend Developer,95,71,7,1531,LeetCode,71,65,67,75,62,P0023,Library Management System,Node.js,Hard,https://github.com/ST0023/project,C0023,Full Stack Web Development,GeeksforGeeks,Completed,I0023,Microsoft,Software Developer Intern,6 Months,Not Started,R0023,61,62,14,Basic,Average
ST0024,Yashvi Sane,xkade@example.org,NIT Rourkela,ECE,4,2027-08-31,4,Adobe,Data Analyst,121,79,10,1522,LeetCode,62,59,59,70,64,P0024,Chatbot,FastAPI,Easy,https://github.com/ST0024/project,C0024,Python for Everybody,NPTEL,In Progress,I0024,Amazon,Web Developer Intern,6 Months,Ongoing,R0024,67,63,10,Basic,Good
ST0025,Henry Natarajan,varmabalhaar@example.net,SOA University,ECE,3,2027-11-01,2,Oracle,Data Analyst,49,14,1,1060,LeetCode,56,58,36,38,37,P0025,Attendance Management System,MySQL,Hard,https://github.com/ST0025/project,C0025,Java Programming,NPTEL,In Progress,I0025,Wipro,Frontend Intern,3 Months,Not Started,R0025,34,60,8,ATS-Friendly,Needs Improvement
ST0026,Dhruv Natt,omudarsh@example.net,KIIT,ECE,3,2027-12-11,4,Amazon,Frontend Developer,88,52,9,1468,LeetCode,73,58,57,64,59,P0026,Weather App,MySQL,Easy,https://github.com/ST0026/project,C0026,Cyber Security Essentials,GeeksforGeeks,In Progress,I0026,TCS,Cloud Intern,1 Month,Completed,R0026,69,62,11,ATS-Friendly,Good
ST0027,Liam Walla,hemang72@example.com,IIT Bhubaneswar,CSE,3,2027-08-14,10,Infosys,Data Scientist,362,198,60,2102,LeetCode,100,90,97,91,94,P0027,Attendance Management System,Python,Hard,https://github.com/ST0027/project,C0027,Google Data Analytics,GeeksforGeeks,Completed,I0027,TCS,Python Developer Intern,6 Months,Ongoing,R0027,96,87,24,Basic,Excellent
ST0028,Victor Lad,kharemax@example.org,SOA University,EEE,3,2027-09-26,3,Capgemini,Data Scientist,15,9,3,1175,LeetCode,37,53,42,42,58,P0028,Library Management System,Node.js,Medium,https://github.com/ST0028/project,C0028,React Development,edX,In Progress,I0028,Microsoft,Web Developer Intern,2 Months,Completed,R0028,41,47,6,Basic,Needs Improvement
ST0029,Yauvani Pai,ranavedika@example.com,KIIT,CSE,3,2027-12-22,8,Adobe,Software Engineer,275,151,83,1813,LeetCode,95,96,98,93,98,P0029,Portfolio Website,MySQL,Hard,https://github.com/ST0029/project,C0029,Cyber Security Essentials,NPTEL,Completed,I0029,TCS,Python Developer Intern,1 Month,Not Started,R0029,85,91,22,Modern,Excellent
ST0030,Lucky Jain,nicholas51@example.net,NIT Rourkela,Mechanical,3,2027-08-18,4,Oracle,ML Engineer,120,57,18,1539,LeetCode,57,71,73,68,59,P0030,AI Resume Analyzer,Node.js,Easy,https://github.com/ST0030/project,C0030,NPTEL DBMS,edX,Completed,I0030,Oracle,Cloud Intern,1 Month,Not Started,R0030,62,71,10,ATS-Friendly,Average
ST0031,Vritti Gaba,gayathri56@example.net,KIIT,Mechanical,3,2028-01-10,3,Infosys,Software Engineer,48,29,1,1065,LeetCode,55,45,57,47,54,P0031,Placement Prediction System,Flask,Medium,https://github.com/ST0031/project,C0031,Machine Learning,Udemy,In Progress,I0031,Accenture,Web Developer Intern,3 Months,Not Started,R0031,43,46,8,Basic,Needs Improvement
ST0032,Ekapad Kunda,chatterjeeekaja@example.net,SOA University,EEE,3,2027-11-22,4,Amazon,Full Stack Developer,88,62,9,1503,LeetCode,62,74,75,64,56,P0032,AI Resume Analyzer,C++,Medium,https://github.com/ST0032/project,C0032,Full Stack Web Development,Coursera,In Progress,I0032,Amazon,Backend Intern,6 Months,Ongoing,R0032,61,67,15,Modern,Average
ST0033,Onkar Savant,harshilahluwalia@example.org,KIIT,EEE,4,2027-12-11,9,Adobe,Frontend Developer,294,168,82,2271,LeetCode,99,86,88,93,85,P0033,Face Recognition System,MySQL,Easy,https://github.com/ST0033/project,C0033,Python for Everybody,NPTEL,Completed,I0033,Capgemini,Python Developer Intern,2 Months,Completed,R0033,87,88,19,Modern,Excellent
ST0034,Eiravati Chahal,bhavini79@example.org,IIT Bhubaneswar,CSE,4,2027-11-18,4,TCS,Full Stack Developer,85,46,5,1464,LeetCode,60,73,59,68,56,P0034,Student Management System,MongoDB,Easy,https://github.com/ST0034/project,C0034,Python Programming,Udemy,Completed,I0034,Amazon,Web Developer Intern,1 Month,Completed,R0034,70,66,13,Modern,Good
ST0035,Baljiwan Sridhar,upmamagar@example.org,VSSUT,EEE,3,2027-08-10,7,Accenture,Data Analyst,181,164,38,1650,LeetCode,75,83,76,87,87,P0035,E-Commerce Website,Java,Medium,https://github.com/ST0035/project,C0035,Artificial Intelligence Basics,edX,In Progress,I0035,Wipro,Frontend Intern,2 Months,Ongoing,R0035,72,90,14,ATS-Friendly,Good
ST0036,Samarth Sehgal,ibal@example.net,VSSUT,CSE,3,2027-09-24,8,Wipro,Full Stack Developer,322,160,62,2155,LeetCode,93,91,94,91,89,P0036,Library Management System,React,Medium,https://github.com/ST0036/project,C0036,Java Programming,GeeksforGeeks,In Progress,I0036,Accenture,Data Analyst Intern,2 Months,Not Started,R0036,96,93,25,Basic,Excellent
ST0037,Dayamai Sethi,nsastry@example.org,KIIT,IT,3,2027-09-03,5,Google,Data Scientist,95,79,17,1574,LeetCode,55,63,70,67,57,P0037,Portfolio Website,MongoDB,Hard,https://github.com/ST0037/project,C0037,Machine Learning,GeeksforGeeks,In Progress,I0037,Oracle,Python Developer Intern,1 Month,Ongoing,R0037,62,61,11,ATS-Friendly,Average
ST0038,Yatan Kashyap,behlfrado@example.com,KIIT,Mechanical,4,2027-08-24,9,Adobe,Full Stack Developer,448,229,75,1938,LeetCode,95,93,87,99,95,P0038,Hospital Management System,Django,Medium,https://github.com/ST0038/project,C0038,NPTEL Computer Networks,edX,In Progress,I0038,Capgemini,Software Developer Intern,1 Month,Not Started,R0038,97,89,23,Modern,Excellent
ST0039,Daniel Khurana,mangalbachittar@example.net,VSSUT,Mechanical,4,2028-01-23,3,Capgemini,Software Engineer,59,16,4,1165,LeetCode,36,60,51,60,40,P0039,Face Recognition System,React,Easy,https://github.com/ST0039/project,C0039,Machine Learning,NPTEL,In Progress,I0039,Capgemini,Python Developer Intern,2 Months,Completed,R0039,39,58,10,Basic,Needs Improvement
ST0040,Yashawini Nath,omkaar32@example.org,SOA University,ECE,4,2027-09-09,4,Google,ML Engineer,81,71,15,1594,LeetCode,72,66,73,55,74,P0040,Face Recognition System,React,Hard,https://github.com/ST0040/project,C0040,Data Structures and Algorithms,Udemy,In Progress,I0040,Google,Backend Intern,1 Month,Completed,R0040,61,66,10,Modern,Average
ST0041,Barkha Mody,pradhangaurang@example.com,NIT Rourkela,Mechanical,4,2027-10-24,5,Capgemini,Data Scientist,95,47,16,1581,LeetCode,66,67,70,65,59,P0041,Student Management System,C++,Easy,https://github.com/ST0041/project,C0041,NPTEL Computer Networks,Udemy,Completed,I0041,Oracle,Cloud Intern,3 Months,Ongoing,R0041,66,72,11,Modern,Good
ST0042,Karan Doctor,pooja38@example.com,KIIT,ECE,4,2027-08-17,9,TCS,Frontend Developer,319,230,79,2266,LeetCode,89,86,98,98,94,P0042,Online Quiz System,MongoDB,Medium,https://github.com/ST0042/project,C0042,Data Structures and Algorithms,NPTEL,In Progress,I0042,Amazon,Software Developer Intern,3 Months,Ongoing,R0042,90,93,20,Basic,Excellent
ST0043,Ekiya Bhalla,zganesan@example.org,SOA University,ECE,3,2028-01-28,6,Amazon,Backend Developer,188,127,37,1721,LeetCode,82,77,79,90,78,P0043,Placement Prediction System,React,Medium,https://github.com/ST0043/project,C0043,Cyber Security Essentials,Coursera,Completed,I0043,Amazon,Frontend Intern,2 Months,Not Started,R0043,80,77,18,Modern,Excellent
ST0044,Dev Palla,vasatikaprabhu@example.net,VSSUT,ECE,4,2027-12-02,7,Google,Data Scientist,234,124,32,1679,LeetCode,87,84,85,70,79,P0044,Attendance Management System,React,Hard,https://github.com/ST0044/project,C0044,Java Programming,Udemy,Completed,I0044,Microsoft,Python Developer Intern,2 Months,Completed,R0044,70,78,20,ATS-Friendly,Good
ST0045,Ryan Mital,gaurav12@example.com,KIIT,IT,3,2027-11-18,5,Amazon,Frontend Developer,109,56,14,1591,LeetCode,65,63,62,56,73,P0045,Placement Prediction System,MySQL,Medium,https://github.com/ST0045/project,C0045,Full Stack Web Development,NPTEL,In Progress,I0045,Capgemini,Cloud Intern,2 Months,Ongoing,R0045,60,75,14,Basic,Average
ST0046,Triveni Amble,rdube@example.com,VSSUT,ECE,4,2028-01-04,8,Accenture,Frontend Developer,289,187,87,2023,LeetCode,85,90,90,87,90,P0046,Face Recognition System,Node.js,Medium,https://github.com/ST0046/project,C0046,SQL for Data Science,Coursera,Completed,I0046,Google,Software Developer Intern,3 Months,Not Started,R0046,98,87,23,Basic,Excellent
ST0047,Chaitanya Gour,samakshtandon@example.org,SOA University,EEE,4,2027-08-19,5,Wipro,Full Stack Developer,125,49,12,1488,LeetCode,64,66,73,73,58,P0047,Face Recognition System,FastAPI,Easy,https://github.com/ST0047/project,C0047,Machine Learning,Udemy,In Progress,I0047,Oracle,Web Developer Intern,6 Months,Ongoing,R0047,62,66,10,ATS-Friendly,Average
ST0048,Nandini Sankaran,onkar92@example.net,NIT Rourkela,EEE,4,2027-09-17,8,TCS,Data Analyst,335,277,80,2127,LeetCode,91,97,98,96,94,P0048,Weather App,Django,Medium,https://github.com/ST0048/project,C0048,Artificial Intelligence Basics,Udemy,Completed,I0048,Google,Python Developer Intern,2 Months,Completed,R0048,100,99,20,ATS-Friendly,Excellent
ST0049,Damini Tak,tanay34@example.org,IIT Bhubaneswar,EEE,3,2027-12-11,5,Adobe,Full Stack Developer,114,46,9,1557,LeetCode,66,65,57,60,63,P0049,AI Resume Analyzer,Java,Easy,https://github.com/ST0049/project,C0049,NPTEL Computer Networks,Coursera,Completed,I0049,Infosys,ML Intern,1 Month,Not Started,R0049,69,68,10,Basic,Good
ST0050,Yuvraj Comar,amol96@example.com,IIT Bhubaneswar,CSE,3,2028-01-19,8,Adobe,Backend Developer,450,193,56,2096,LeetCode,96,87,91,95,99,P0050,Portfolio Website,MongoDB,Hard,https://github.com/ST0050/project,C0050,React Development,Udemy,In Progress,I0050,Cognizant,Backend Intern,1 Month,Completed,R0050,88,96,19,Modern,Excellent
ST0051,Indrajit Radhakrishnan,lrastogi@example.com,IIT Bhubaneswar,EEE,3,2027-10-26,2,Accenture,ML Engineer,16,19,1,1238,LeetCode,42,43,60,47,38,P0051,Face Recognition System,Java,Medium,https://github.com/ST0051/project,C0051,AWS Cloud Practitioner,Coursera,In Progress,I0051,TCS,Python Developer Intern,6 Months,Ongoing,R0051,49,46,7,Basic,Needs Improvement
ST0052,Tanish Dewan,bhargavaadya@example.org,KIIT,IT,3,2027-12-19,7,Google,Full Stack Developer,239,129,27,1767,LeetCode,76,89,70,80,76,P0052,Online Quiz System,Python,Medium,https://github.com/ST0052/project,C0052,Full Stack Web Development,GeeksforGeeks,Completed,I0052,Microsoft,Web Developer Intern,1 Month,Ongoing,R0052,80,86,17,ATS-Friendly,Excellent
ST0053,Raksha Dugal,jasmit31@example.com,VSSUT,Mechanical,4,2027-09-14,2,Wipro,Backend Developer,18,1,4,1296,LeetCode,47,48,53,56,35,P0053,Online Quiz System,Django,Medium,https://github.com/ST0053/project,C0053,Cyber Security Essentials,GeeksforGeeks,In Progress,I0053,Microsoft,Backend Intern,6 Months,Not Started,R0053,49,50,9,Basic,Needs Improvement
ST0054,Umang Nori,barialohit@example.net,NIT Rourkela,ECE,3,2027-08-01,5,Accenture,ML Engineer,137,63,17,1424,LeetCode,71,73,67,56,55,P0054,Library Management System,Django,Easy,https://github.com/ST0054/project,C0054,Data Structures and Algorithms,GeeksforGeeks,In Progress,I0054,Microsoft,Backend Intern,2 Months,Ongoing,R0054,70,60,12,Basic,Good
ST0055,Vyanjana Sani,bhandaridalaja@example.org,KIIT,EEE,4,2027-11-02,9,Adobe,ML Engineer,366,206,83,1898,LeetCode,86,91,90,100,85,P0055,AI Resume Analyzer,MongoDB,Hard,https://github.com/ST0055/project,C0055,AWS Cloud Practitioner,NPTEL,In Progress,I0055,Capgemini,Python Developer Intern,1 Month,Not Started,R0055,100,86,22,ATS-Friendly,Excellent
ST0056,Rudra Bhalla,brinda68@example.com,SOA University,ECE,3,2027-09-11,6,Adobe,ML Engineer,227,91,38,1713,LeetCode,88,89,79,89,82,P0056,Attendance Management System,React,Medium,https://github.com/ST0056/project,C0056,AWS Cloud Practitioner,Coursera,Completed,I0056,Infosys,Web Developer Intern,1 Month,Ongoing,R0056,73,79,18,Modern,Good
ST0057,Harinakshi Bakshi,wdalal@example.com,NIT Rourkela,Mechanical,3,2028-01-19,3,Google,Frontend Developer,78,4,3,1305,LeetCode,46,54,51,47,54,P0057,E-Commerce Website,Node.js,Medium,https://github.com/ST0057/project,C0057,Cloud Computing,NPTEL,Completed,I0057,Oracle,ML Intern,6 Months,Not Started,R0057,47,57,9,ATS-Friendly,Needs Improvement
ST0058,Waida Tailor,chatterjeefaras@example.com,VSSUT,EEE,4,2028-01-15,6,Oracle,Full Stack Developer,177,85,30,1678,LeetCode,76,74,77,83,87,P0058,E-Commerce Website,FastAPI,Medium,https://github.com/ST0058/project,C0058,Full Stack Web Development,edX,Completed,I0058,TCS,Backend Intern,1 Month,Completed,R0058,85,75,16,ATS-Friendly,Excellent
ST0059,Brinda Sankar,noah32@example.net,NIT Rourkela,Mechanical,3,2027-08-26,8,Amazon,Software Engineer,405,240,69,2035,LeetCode,93,98,96,88,97,P0059,Placement Prediction System,Django,Hard,https://github.com/ST0059/project,C0059,AWS Cloud Practitioner,edX,Completed,I0059,Google,Web Developer Intern,6 Months,Not Started,R0059,87,98,22,Modern,Excellent
ST0060,Megha Batra,kamala83@example.net,KIIT,CSE,3,2027-08-20,2,Microsoft,Frontend Developer,12,7,4,1334,LeetCode,42,41,41,43,56,P0060,Portfolio Website,Node.js,Hard,https://github.com/ST0060/project,C0060,Artificial Intelligence Basics,Udemy,In Progress,I0060,Amazon,ML Intern,3 Months,Completed,R0060,35,56,8,Basic,Needs Improvement
ST0061,Bhavna Nair,bhavikaloyal@example.com,IIT Bhubaneswar,EEE,3,2028-01-08,3,Amazon,Software Engineer,19,11,0,1209,LeetCode,42,42,36,49,45,P0061,Weather App,MongoDB,Easy,https://github.com/ST0061/project,C0061,NPTEL DBMS,Coursera,In Progress,I0061,TCS,Software Developer Intern,1 Month,Completed,R0061,40,41,10,Modern,Needs Improvement
ST0062,Gopal Sama,vansha10@example.net,IIT Bhubaneswar,EEE,3,2027-08-10,4,Accenture,Software Engineer,105,69,10,1421,LeetCode,71,60,69,67,66,P0062,Bank Management System,Flask,Easy,https://github.com/ST0062/project,C0062,Cyber Security Essentials,NPTEL,In Progress,I0062,Amazon,Frontend Intern,2 Months,Not Started,R0062,62,69,15,Modern,Average
ST0063,Priya Brar,tristan08@example.org,KIIT,Mechanical,4,2027-08-20,7,Oracle,Full Stack Developer,220,102,23,1792,LeetCode,79,79,70,84,84,P0063,E-Commerce Website,FastAPI,Easy,https://github.com/ST0063/project,C0063,Data Structures and Algorithms,Coursera,In Progress,I0063,Amazon,Data Analyst Intern,2 Months,Completed,R0063,74,85,16,Basic,Good
ST0064,Faras Manda,ladkalpit@example.org,NIT Rourkela,ECE,3,2028-01-04,8,Capgemini,Data Scientist,431,185,61,2187,LeetCode,89,93,88,89,90,P0064,Bank Management System,MongoDB,Medium,https://github.com/ST0064/project,C0064,AWS Cloud Practitioner,Udemy,In Progress,I0064,Google,ML Intern,1 Month,Completed,R0064,99,93,21,Modern,Excellent
ST0065,Gautami Choudhury,hemaltara@example.net,NIT Rourkela,Mechanical,3,2027-09-21,9,Google,ML Engineer,335,236,69,2149,LeetCode,98,89,90,96,90,P0065,Student Management System,C++,Hard,https://github.com/ST0065/project,C0065,Machine Learning,edX,Completed,I0065,Oracle,Software Developer Intern,1 Month,Ongoing,R0065,100,85,19,Modern,Excellent
ST0066,Banjeet Ramesh,anyahans@example.org,NIT Rourkela,EEE,4,2027-11-02,5,TCS,Software Engineer,116,48,5,1456,LeetCode,67,56,71,65,65,P0066,Placement Prediction System,Django,Easy,https://github.com/ST0066/project,C0066,Python for Everybody,GeeksforGeeks,In Progress,I0066,Google,Software Developer Intern,3 Months,Not Started,R0066,69,68,12,ATS-Friendly,Good
ST0067,Widisha Dewan,vrindaseth@example.org,SOA University,IT,3,2028-01-28,8,Infosys,Data Analyst,280,162,91,1862,LeetCode,89,85,94,91,89,P0067,Weather App,Python,Easy,https://github.com/ST0067/project,C0067,Python Programming,NPTEL,In Progress,I0067,Capgemini,Backend Intern,1 Month,Completed,R0067,95,99,23,Modern,Excellent
ST0068,Ranveer Shukla,vanshapau@example.com,NIT Rourkela,CSE,3,2027-09-11,2,Capgemini,Software Engineer,44,5,1,1191,LeetCode,39,52,47,38,55,P0068,Hospital Management System,FastAPI,Medium,https://github.com/ST0068/project,C0068,Data Structures and Algorithms,Udemy,In Progress,I0068,Oracle,Frontend Intern,3 Months,Ongoing,R0068,33,45,5,Basic,Needs Improvement
ST0069,Chaaya Srinivas,qabil19@example.org,VSSUT,IT,3,2027-09-30,6,Microsoft,Data Scientist,198,108,28,1728,LeetCode,72,82,73,84,79,P0069,Placement Prediction System,MongoDB,Medium,https://github.com/ST0069/project,C0069,Python for Everybody,GeeksforGeeks,In Progress,I0069,Cognizant,Cloud Intern,6 Months,Ongoing,R0069,77,90,19,Basic,Good
ST0070,Azad Raghavan,jaisheth@example.net,KIIT,IT,3,2028-01-07,5,Wipro,Frontend Developer,139,52,7,1413,LeetCode,75,58,68,64,70,P0070,Chatbot,React,Medium,https://github.com/ST0070/project,C0070,Data Structures and Algorithms,Coursera,In Progress,I0070,Google,ML Intern,6 Months,Ongoing,R0070,59,61,12,ATS-Friendly,Average
ST0071,Madhav Nazareth,hdara@example.net,IIT Bhubaneswar,ECE,3,2027-10-25,8,Google,Full Stack Developer,404,246,89,1811,LeetCode,89,88,88,96,94,P0071,Placement Prediction System,Java,Easy,https://github.com/ST0071/project,C0071,Data Structures and Algorithms,Coursera,In Progress,I0071,Wipro,Data Analyst Intern,3 Months,Completed,R0071,97,91,24,Basic,Excellent
ST0072,Abeer Contractor,sodhilila@example.net,SOA University,Mechanical,4,2027-09-11,5,Wipro,Data Analyst,88,37,14,1508,LeetCode,62,74,65,66,74,P0072,Library Management System,Flask,Hard,https://github.com/ST0072/project,C0072,NPTEL Computer Networks,GeeksforGeeks,In Progress,I0072,Wipro,Software Developer Intern,2 Months,Ongoing,R0072,68,71,11,Basic,Good
ST0073,Ekani Chahal,aayush41@example.org,NIT Rourkela,ECE,4,2027-11-30,6,Adobe,Frontend Developer,241,102,45,1670,LeetCode,77,78,75,80,80,P0073,Face Recognition System,MongoDB,Easy,https://github.com/ST0073/project,C0073,Cyber Security Essentials,GeeksforGeeks,Completed,I0073,TCS,Python Developer Intern,1 Month,Not Started,R0073,76,83,16,Basic,Good
ST0074,Lucky Krishna,lajitakapur@example.org,VSSUT,EEE,3,2027-11-09,2,Accenture,Backend Developer,32,29,1,1308,LeetCode,43,43,47,51,37,P0074,Placement Prediction System,React,Medium,https://github.com/ST0074/project,C0074,Python Programming,GeeksforGeeks,Completed,I0074,Capgemini,Software Developer Intern,1 Month,Not Started,R0074,50,58,10,Modern,Average
ST0075,Krish Kari,pillaiadvay@example.com,IIT Bhubaneswar,EEE,4,2027-09-24,9,Capgemini,ML Engineer,434,205,85,2054,LeetCode,90,98,90,96,100,P0075,Weather App,Django,Medium,https://github.com/ST0075/project,C0075,Artificial Intelligence Basics,edX,Completed,I0075,Accenture,Python Developer Intern,6 Months,Ongoing,R0075,94,96,19,ATS-Friendly,Excellent
ST0076,William Sekhon,neelima24@example.net,NIT Rourkela,CSE,4,2027-11-01,4,Google,Software Engineer,87,74,7,1455,LeetCode,56,67,58,59,68,P0076,Attendance Management System,MySQL,Easy,https://github.com/ST0076/project,C0076,Google Data Analytics,Udemy,Completed,I0076,TCS,Web Developer Intern,3 Months,Completed,R0076,70,63,14,Basic,Good
ST0077,Zashil Kunda,palthomas@example.net,SOA University,EEE,3,2027-10-29,9,TCS,Data Scientist,400,212,59,1979,LeetCode,99,87,93,88,90,P0077,AI Resume Analyzer,Django,Medium,https://github.com/ST0077/project,C0077,React Development,Udemy,Completed,I0077,Cognizant,Python Developer Intern,3 Months,Not Started,R0077,97,86,21,ATS-Friendly,Excellent
ST0078,Vritti Bhargava,fchawla@example.org,NIT Rourkela,EEE,4,2028-01-20,10,Oracle,Full Stack Developer,293,214,68,2170,LeetCode,96,95,97,100,90,P0078,Chatbot,MySQL,Hard,https://github.com/ST0078/project,C0078,AWS Cloud Practitioner,Coursera,In Progress,I0078,Cognizant,Data Analyst Intern,6 Months,Ongoing,R0078,89,88,20,Basic,Excellent
ST0079,Benjamin Chakraborty,ucchal97@example.net,IIT Bhubaneswar,ECE,4,2028-01-08,10,Capgemini,Data Analyst,302,206,79,2160,LeetCode,85,93,99,90,93,P0079,AI Resume Analyzer,Python,Easy,https://github.com/ST0079/project,C0079,NPTEL Computer Networks,Udemy,In Progress,I0079,Cognizant,Frontend Intern,2 Months,Ongoing,R0079,87,94,25,Basic,Excellent
ST0080,Rachit Bhatti,andrewoak@example.org,KIIT,Mechanical,3,2028-01-21,8,Infosys,ML Engineer,350,179,98,1930,LeetCode,94,98,100,87,100,P0080,Hospital Management System,Node.js,Easy,https://github.com/ST0080/project,C0080,Google Data Analytics,NPTEL,Completed,I0080,Capgemini,ML Intern,1 Month,Completed,R0080,88,90,21,Basic,Excellent
ST0081,Pranav Bora,kharehitesh@example.org,VSSUT,IT,3,2027-08-02,5,Accenture,Software Engineer,102,46,9,1486,LeetCode,73,65,75,75,68,P0081,Portfolio Website,Node.js,Easy,https://github.com/ST0081/project,C0081,AWS Cloud Practitioner,Coursera,Completed,I0081,Wipro,ML Intern,6 Months,Not Started,R0081,56,64,13,ATS-Friendly,Average
ST0082,Priya Dhingra,udarsh28@example.net,VSSUT,IT,4,2027-12-09,5,Google,Software Engineer,137,42,11,1435,LeetCode,64,63,73,55,75,P0082,Movie Recommendation System,FastAPI,Easy,https://github.com/ST0082/project,C0082,NPTEL Computer Networks,Udemy,Completed,I0082,Capgemini,Python Developer Intern,3 Months,Completed,R0082,64,70,10,ATS-Friendly,Average
ST0083,Vrishti Garg,ztak@example.net,NIT Rourkela,Mechanical,3,2028-01-06,7,Google,Software Engineer,222,150,25,1784,LeetCode,87,87,81,76,73,P0083,Placement Prediction System,Django,Medium,https://github.com/ST0083/project,C0083,Python for Everybody,Udemy,In Progress,I0083,Infosys,Web Developer Intern,6 Months,Completed,R0083,72,76,20,Modern,Good
ST0084,Hamsini Handa,karati@example.org,KIIT,Mechanical,4,2027-10-21,5,Oracle,Data Scientist,144,61,19,1423,LeetCode,63,65,68,64,74,P0084,AI Resume Analyzer,C++,Easy,https://github.com/ST0084/project,C0084,Google Data Analytics,GeeksforGeeks,In Progress,I0084,Infosys,Software Developer Intern,3 Months,Not Started,R0084,67,60,15,Basic,Good
ST0085,Damyanti Soman,devansh79@example.org,NIT Rourkela,Mechanical,4,2027-10-16,8,Accenture,ML Engineer,267,245,94,1872,LeetCode,85,95,98,87,95,P0085,Bank Management System,FastAPI,Easy,https://github.com/ST0085/project,C0085,Python for Everybody,Udemy,In Progress,I0085,Infosys,Software Developer Intern,3 Months,Completed,R0085,85,93,22,ATS-Friendly,Excellent
ST0086,Balhaar Padmanabhan,zaitrabir@example.com,KIIT,Mechanical,4,2027-08-10,3,Wipro,Backend Developer,12,1,3,1079,LeetCode,37,50,54,47,50,P0086,Face Recognition System,React,Hard,https://github.com/ST0086/project,C0086,Machine Learning,NPTEL,Completed,I0086,Wipro,ML Intern,1 Month,Completed,R0086,43,51,9,ATS-Friendly,Needs Improvement
ST0087,Finn Chacko,ganga15@example.net,VSSUT,Mechanical,4,2027-12-30,6,Amazon,Frontend Developer,160,130,44,1671,LeetCode,74,71,90,74,82,P0087,Bank Management System,Node.js,Medium,https://github.com/ST0087/project,C0087,SQL for Data Science,Udemy,Completed,I0087,Accenture,Software Developer Intern,2 Months,Completed,R0087,73,89,20,Modern,Good
ST0088,Abhimanyu Narayanan,jdeshmukh@example.org,SOA University,CSE,3,2027-12-05,2,Google,Frontend Developer,47,22,4,1179,LeetCode,41,44,52,51,50,P0088,Movie Recommendation System,Flask,Easy,https://github.com/ST0088/project,C0088,Machine Learning,Udemy,Completed,I0088,Microsoft,Data Analyst Intern,1 Month,Ongoing,R0088,35,42,6,Basic,Needs Improvement
ST0089,Janani Kale,hamsini66@example.org,SOA University,CSE,4,2027-09-29,4,Accenture,Data Scientist,82,34,13,1569,LeetCode,69,57,60,69,56,P0089,Library Management System,Flask,Easy,https://github.com/ST0089/project,C0089,Cyber Security Essentials,Coursera,Completed,I0089,Amazon,ML Intern,3 Months,Ongoing,R0089,61,61,11,Modern,Average
ST0090,Brinda Basu,ranveerbobal@example.org,IIT Bhubaneswar,EEE,4,2027-11-05,6,Accenture,Data Scientist,205,140,23,1609,LeetCode,78,82,73,80,71,P0090,Student Management System,Python,Easy,https://github.com/ST0090/project,C0090,Cloud Computing,NPTEL,In Progress,I0090,Microsoft,Data Analyst Intern,6 Months,Ongoing,R0090,78,79,17,ATS-Friendly,Good
ST0091,Daksh Ramachandran,ekalinga75@example.com,KIIT,IT,4,2027-11-02,7,Accenture,Frontend Developer,206,109,50,1750,LeetCode,76,84,72,74,87,P0091,Hospital Management System,FastAPI,Hard,https://github.com/ST0091/project,C0091,Python Programming,edX,In Progress,I0091,Infosys,Backend Intern,1 Month,Ongoing,R0091,78,79,17,Basic,Good
ST0092,Fariq Naidu,gmani@example.org,KIIT,CSE,4,2027-12-22,8,Oracle,Backend Developer,446,190,89,2074,LeetCode,95,96,86,87,100,P0092,Hospital Management System,FastAPI,Medium,https://github.com/ST0092/project,C0092,Artificial Intelligence Basics,NPTEL,Completed,I0092,Microsoft,ML Intern,1 Month,Completed,R0092,93,97,24,Modern,Excellent
ST0093,Unni Mandal,leenanori@example.com,IIT Bhubaneswar,IT,4,2027-11-28,7,Google,Data Scientist,196,154,36,1791,LeetCode,70,72,84,74,76,P0093,Weather App,Java,Medium,https://github.com/ST0093/project,C0093,Java Programming,Coursera,In Progress,I0093,Amazon,ML Intern,2 Months,Not Started,R0093,83,75,15,Modern,Excellent
ST0094,Umang Dugar,periaryan@example.com,VSSUT,EEE,4,2027-10-23,9,Amazon,Software Engineer,336,193,50,2176,LeetCode,90,99,87,88,97,P0094,Library Management System,C++,Easy,https://github.com/ST0094/project,C0094,React Development,NPTEL,In Progress,I0094,Cognizant,Software Developer Intern,1 Month,Completed,R0094,96,85,22,Basic,Excellent
ST0095,Pavani Murty,mekhala08@example.org,VSSUT,ECE,3,2027-11-10,4,Oracle,Full Stack Developer,86,36,6,1409,LeetCode,67,58,74,56,67,P0095,Bank Management System,Python,Medium,https://github.com/ST0095/project,C0095,Java Programming,GeeksforGeeks,In Progress,I0095,Wipro,Software Developer Intern,2 Months,Completed,R0095,59,63,15,Modern,Average
ST0096,Vansha Dugar,xjoshi@example.com,IIT Bhubaneswar,ECE,3,2027-11-24,8,Google,ML Engineer,421,199,77,1911,LeetCode,94,96,92,88,86,P0096,Chatbot,Python,Medium,https://github.com/ST0096/project,C0096,AWS Cloud Practitioner,NPTEL,Completed,I0096,Google,ML Intern,2 Months,Ongoing,R0096,100,98,20,Modern,Excellent
ST0097,Yochana Ramesh,nehapalla@example.net,SOA University,CSE,3,2028-01-26,3,TCS,Frontend Developer,65,30,0,1378,LeetCode,37,45,45,48,49,P0097,Chatbot,MySQL,Hard,https://github.com/ST0097/project,C0097,Data Structures and Algorithms,NPTEL,Completed,I0097,Google,ML Intern,1 Month,Ongoing,R0097,53,50,10,Basic,Average
ST0098,Agastya Garg,dhaliwalnicholas@example.com,SOA University,EEE,3,2027-10-01,7,Capgemini,Backend Developer,246,157,32,1761,LeetCode,89,73,76,80,80,P0098,Student Management System,Python,Hard,https://github.com/ST0098/project,C0098,Java Programming,NPTEL,Completed,I0098,Amazon,ML Intern,3 Months,Ongoing,R0098,82,88,18,ATS-Friendly,Excellent
ST0099,Siya Ganguly,banjeetmajumdar@example.org,IIT Bhubaneswar,Mechanical,4,2027-12-03,9,Capgemini,Data Scientist,339,179,41,2197,LeetCode,87,87,85,100,88,P0099,Hospital Management System,Python,Easy,https://github.com/ST0099/project,C0099,Machine Learning,Coursera,Completed,I0099,Google,ML Intern,2 Months,Ongoing,R0099,98,99,19,Basic,Excellent
ST0100,Divya Apte,ochoudhry@example.net,SOA University,IT,4,2027-09-06,5,Google,Frontend Developer,105,77,20,1427,LeetCode,70,59,56,65,61,P0100,Weather App,Django,Hard,https://github.com/ST0100/project,C0100,Machine Learning,GeeksforGeeks,Completed,I0100,Cognizant,Web Developer Intern,1 Month,Not Started,R0100,61,72,12,Basic,Average
ST0101,Chavvi Garg,lakshitbail@example.org,KIIT,Mechanical,3,2027-11-18,8,Wipro,Data Scientist,438,263,46,2251,LeetCode,97,88,92,92,91,P0101,Movie Recommendation System,FastAPI,Easy,https://github.com/ST0101/project,C0101,Cloud Computing,edX,In Progress,I0101,Amazon,Python Developer Intern,2 Months,Ongoing,R0101,92,86,18,Basic,Excellent
ST0102,Pallavi Kothari,jeevika37@example.com,NIT Rourkela,Mechanical,3,2027-08-20,3,Oracle,ML Engineer,57,8,5,1362,LeetCode,38,48,47,56,50,P0102,Bank Management System,Node.js,Hard,https://github.com/ST0102/project,C0102,AWS Cloud Practitioner,NPTEL,Completed,I0102,Amazon,Python Developer Intern,6 Months,Completed,R0102,47,56,7,Basic,Needs Improvement
ST0103,Nikita Chad,champak09@example.org,VSSUT,EEE,3,2027-08-16,2,TCS,Backend Developer,77,3,2,1100,LeetCode,60,60,56,50,52,P0103,Placement Prediction System,MongoDB,Easy,https://github.com/ST0103/project,C0103,NPTEL Computer Networks,edX,In Progress,I0103,Capgemini,Software Developer Intern,6 Months,Completed,R0103,46,53,8,Modern,Needs Improvement
ST0104,Madhavi Datta,patlachanchal@example.com,VSSUT,CSE,4,2027-08-10,10,Amazon,ML Engineer,399,207,93,2001,LeetCode,90,88,94,96,98,P0104,Hospital Management System,Python,Hard,https://github.com/ST0104/project,C0104,Python Programming,GeeksforGeeks,Completed,I0104,Google,Web Developer Intern,2 Months,Completed,R0104,98,94,21,ATS-Friendly,Excellent
ST0105,Kala Koshy,maanas80@example.org,KIIT,IT,4,2028-01-04,8,TCS,ML Engineer,295,275,44,2284,LeetCode,87,92,94,88,99,P0105,Library Management System,Python,Hard,https://github.com/ST0105/project,C0105,Data Structures and Algorithms,GeeksforGeeks,Completed,I0105,Infosys,Cloud Intern,3 Months,Not Started,R0105,89,100,21,ATS-Friendly,Excellent
ST0106,Falan Garg,smahal@example.net,NIT Rourkela,IT,3,2027-11-17,3,Microsoft,Backend Developer,53,19,2,1378,LeetCode,51,53,35,40,39,P0106,Attendance Management System,FastAPI,Medium,https://github.com/ST0106/project,C0106,React Development,edX,Completed,I0106,Infosys,Software Developer Intern,6 Months,Ongoing,R0106,30,44,7,ATS-Friendly,Needs Improvement
ST0107,Girish Tailor,jairajswaminathan@example.org,SOA University,IT,4,2027-08-06,8,Oracle,Backend Developer,273,236,97,2040,LeetCode,98,92,97,93,87,P0107,Bank Management System,Java,Hard,https://github.com/ST0107/project,C0107,AWS Cloud Practitioner,edX,Completed,I0107,Google,Data Analyst Intern,3 Months,Ongoing,R0107,94,96,21,Basic,Excellent
ST0108,Rachita Ben,nadignicholas@example.net,KIIT,CSE,4,2027-08-18,3,TCS,Frontend Developer,60,19,3,1056,LeetCode,56,35,50,48,35,P0108,AI Resume Analyzer,Java,Medium,https://github.com/ST0108/project,C0108,Data Structures and Algorithms,NPTEL,In Progress,I0108,Infosys,Web Developer Intern,3 Months,Not Started,R0108,46,40,6,ATS-Friendly,Needs Improvement
ST0109,Advaith Sehgal,bhavika54@example.net,KIIT,CSE,4,2027-11-18,4,Infosys,Data Scientist,128,41,7,1406,LeetCode,56,69,63,71,67,P0109,Expense Tracker,React,Easy,https://github.com/ST0109/project,C0109,Python Programming,Coursera,In Progress,I0109,Wipro,Cloud Intern,6 Months,Not Started,R0109,70,69,11,ATS-Friendly,Good
ST0110,Hemangini Khurana,golamugdha@example.net,SOA University,CSE,3,2027-10-18,4,Capgemini,Frontend Developer,110,52,7,1534,LeetCode,59,58,59,64,75,P0110,Student Management System,React,Medium,https://github.com/ST0110/project,C0110,Artificial Intelligence Basics,Udemy,In Progress,I0110,Capgemini,Cloud Intern,2 Months,Not Started,R0110,70,67,10,ATS-Friendly,Good
ST0111,Dayita Seshadri,bishakha69@example.org,IIT Bhubaneswar,Mechanical,3,2027-12-14,5,TCS,Data Analyst,88,59,16,1432,LeetCode,62,56,67,71,56,P0111,Movie Recommendation System,MySQL,Medium,https://github.com/ST0111/project,C0111,Cyber Security Essentials,edX,In Progress,I0111,Accenture,Software Developer Intern,2 Months,Completed,R0111,61,67,12,Modern,Average
ST0112,Prisha Chhabra,choudhuryharsh@example.net,SOA University,CSE,3,2027-10-09,8,Adobe,Backend Developer,296,233,81,2148,LeetCode,99,91,97,90,96,P0112,Student Management System,Node.js,Hard,https://github.com/ST0112/project,C0112,Machine Learning,Udemy,Completed,I0112,Oracle,Software Developer Intern,6 Months,Not Started,R0112,94,86,22,ATS-Friendly,Excellent
ST0113,Brinda Prasad,bpalla@example.net,KIIT,IT,4,2028-01-11,8,Oracle,Software Engineer,344,293,60,2001,LeetCode,85,96,96,87,93,P0113,Hospital Management System,FastAPI,Easy,https://github.com/ST0113/project,C0113,Python for Everybody,NPTEL,In Progress,I0113,Google,Cloud Intern,1 Month,Not Started,R0113,90,88,19,ATS-Friendly,Excellent
ST0114,Vedika Tailor,ekta07@example.org,IIT Bhubaneswar,ECE,3,2027-10-24,5,TCS,Frontend Developer,95,55,7,1538,LeetCode,60,60,64,58,71,P0114,Placement Prediction System,Django,Easy,https://github.com/ST0114/project,C0114,NPTEL DBMS,edX,Completed,I0114,TCS,ML Intern,6 Months,Ongoing,R0114,67,74,10,ATS-Friendly,Good
ST0115,Harish Mandal,vrastogi@example.org,KIIT,IT,4,2027-08-09,7,TCS,Data Scientist,190,176,32,1653,LeetCode,76,88,80,73,74,P0115,AI Resume Analyzer,Node.js,Easy,https://github.com/ST0115/project,C0115,Machine Learning,Udemy,In Progress,I0115,Accenture,Data Analyst Intern,3 Months,Completed,R0115,72,77,14,ATS-Friendly,Good
ST0116,Peter Barad,rmahal@example.org,KIIT,ECE,3,2027-09-13,8,Amazon,Software Engineer,303,266,96,1931,LeetCode,93,94,90,99,91,P0116,Student Management System,Java,Medium,https://github.com/ST0116/project,C0116,Full Stack Web Development,edX,Completed,I0116,TCS,Backend Intern,6 Months,Ongoing,R0116,96,90,19,Modern,Excellent
ST0117,Isaiah Mishra,unnatideol@example.net,SOA University,Mechanical,3,2027-08-09,5,Microsoft,Frontend Developer,133,42,12,1402,LeetCode,73,64,67,65,74,P0117,E-Commerce Website,Flask,Easy,https://github.com/ST0117/project,C0117,NPTEL DBMS,edX,Completed,I0117,Cognizant,Python Developer Intern,3 Months,Not Started,R0117,68,71,13,Modern,Good
ST0118,Warinder Ranganathan,arunima83@example.com,SOA University,EEE,4,2027-09-26,3,Oracle,Backend Developer,53,17,4,1299,LeetCode,39,47,56,55,41,P0118,Expense Tracker,Java,Hard,https://github.com/ST0118/project,C0118,Python Programming,GeeksforGeeks,Completed,I0118,Capgemini,Software Developer Intern,2 Months,Not Started,R0118,30,47,7,Basic,Needs Improvement
ST0119,Akshay Chad,madhav21@example.net,VSSUT,IT,3,2027-12-03,10,Infosys,Data Analyst,379,297,69,2206,LeetCode,93,85,92,100,94,P0119,Hospital Management System,Django,Easy,https://github.com/ST0119/project,C0119,Data Structures and Algorithms,Coursera,Completed,I0119,Cognizant,Software Developer Intern,1 Month,Not Started,R0119,91,98,19,ATS-Friendly,Excellent
ST0120,Mitali Tara,jairajdate@example.org,VSSUT,EEE,4,2027-12-06,4,Infosys,Software Engineer,138,79,11,1426,LeetCode,71,67,56,66,64,P0120,Online Quiz System,MongoDB,Hard,https://github.com/ST0120/project,C0120,Data Structures and Algorithms,Coursera,In Progress,I0120,Oracle,ML Intern,1 Month,Ongoing,R0120,61,74,12,Basic,Average
ST0121,Xalak Goyal,amaradey@example.org,IIT Bhubaneswar,EEE,3,2027-12-03,10,Adobe,Backend Developer,400,189,84,1855,LeetCode,98,100,98,91,100,P0121,Placement Prediction System,FastAPI,Easy,https://github.com/ST0121/project,C0121,Google Data Analytics,edX,Completed,I0121,Google,Cloud Intern,6 Months,Ongoing,R0121,100,98,18,Basic,Excellent
ST0122,Dhriti Dhar,ekavir95@example.com,KIIT,Mechanical,3,2027-09-28,9,Capgemini,Full Stack Developer,332,294,73,2225,LeetCode,89,85,92,95,94,P0122,Movie Recommendation System,Django,Easy,https://github.com/ST0122/project,C0122,Java Programming,NPTEL,Completed,I0122,Microsoft,Data Analyst Intern,2 Months,Completed,R0122,87,90,20,Modern,Excellent
ST0123,Chandran Bera,duttharinakshi@example.org,KIIT,CSE,4,2028-01-23,7,Adobe,Software Engineer,163,112,32,1796,LeetCode,77,77,79,90,89,P0123,Student Management System,Django,Hard,https://github.com/ST0123/project,C0123,Cloud Computing,NPTEL,Completed,I0123,Microsoft,Software Developer Intern,6 Months,Completed,R0123,77,89,14,ATS-Friendly,Good
ST0124,Zayyan Mohanty,ssodhi@example.org,KIIT,ECE,3,2027-11-29,3,Google,Data Analyst,24,5,0,1369,LeetCode,40,38,48,45,59,P0124,Online Quiz System,FastAPI,Hard,https://github.com/ST0124/project,C0124,NPTEL Computer Networks,NPTEL,Completed,I0124,Google,Backend Intern,6 Months,Ongoing,R0124,42,45,6,Modern,Needs Improvement
ST0125,Hitesh Pall,kamala90@example.net,SOA University,ECE,3,2028-01-14,4,Adobe,Data Scientist,105,64,7,1413,LeetCode,70,68,57,58,59,P0125,Bank Management System,Django,Easy,https://github.com/ST0125/project,C0125,AWS Cloud Practitioner,NPTEL,Completed,I0125,Oracle,Web Developer Intern,3 Months,Not Started,R0125,68,60,11,ATS-Friendly,Good
ST0126,Indira Cherian,doraniharika@example.org,VSSUT,Mechanical,3,2027-12-04,2,TCS,Backend Developer,39,16,1,1359,LeetCode,38,51,48,51,39,P0126,Attendance Management System,Django,Medium,https://github.com/ST0126/project,C0126,Machine Learning,GeeksforGeeks,Completed,I0126,Infosys,Software Developer Intern,2 Months,Ongoing,R0126,37,48,10,Modern,Needs Improvement
ST0127,Kashvi Sane,auroranihal@example.org,KIIT,Mechanical,3,2027-09-08,7,Microsoft,Data Analyst,248,110,49,1709,LeetCode,76,83,78,76,89,P0127,Student Management System,MongoDB,Hard,https://github.com/ST0127/project,C0127,Cyber Security Essentials,Coursera,In Progress,I0127,Capgemini,Python Developer Intern,3 Months,Completed,R0127,80,85,16,Modern,Excellent
ST0128,Advik Sengupta,baghyawati10@example.org,VSSUT,CSE,4,2027-11-21,4,Adobe,Data Analyst,125,74,9,1459,LeetCode,67,72,61,57,70,P0128,Face Recognition System,Python,Easy,https://github.com/ST0128/project,C0128,Google Data Analytics,GeeksforGeeks,Completed,I0128,Amazon,Web Developer Intern,1 Month,Completed,R0128,66,73,15,Basic,Good
ST0129,Wahab Pandya,kabirkrishna@example.net,NIT Rourkela,EEE,3,2027-09-23,3,Infosys,Data Scientist,71,8,1,1087,LeetCode,53,41,37,54,44,P0129,Portfolio Website,Node.js,Medium,https://github.com/ST0129/project,C0129,Python Programming,Udemy,In Progress,I0129,Microsoft,Data Analyst Intern,2 Months,Completed,R0129,34,60,10,Modern,Needs Improvement
ST0130,Devansh Pall,diptadeol@example.net,SOA University,EEE,4,2027-12-15,10,Microsoft,Frontend Developer,366,259,100,1862,LeetCode,86,88,90,89,96,P0130,E-Commerce Website,Flask,Easy,https://github.com/ST0130/project,C0130,AWS Cloud Practitioner,NPTEL,Completed,I0130,Microsoft,Frontend Intern,3 Months,Not Started,R0130,87,98,25,Modern,Excellent
ST0131,Xavier Sura,barkha97@example.com,KIIT,IT,3,2028-01-25,8,Capgemini,Backend Developer,258,250,55,2157,LeetCode,98,86,91,96,87,P0131,Online Quiz System,FastAPI,Medium,https://github.com/ST0131/project,C0131,Data Structures and Algorithms,Udemy,In Progress,I0131,Google,Backend Intern,3 Months,Ongoing,R0131,90,90,20,Basic,Excellent
ST0132,Yasti Bhakta,ntandon@example.org,KIIT,Mechanical,4,2027-11-05,6,Adobe,Backend Developer,241,96,41,1636,LeetCode,82,76,71,88,80,P0132,Hospital Management System,MongoDB,Medium,https://github.com/ST0132/project,C0132,Data Structures and Algorithms,Coursera,In Progress,I0132,TCS,Python Developer Intern,1 Month,Not Started,R0132,76,90,20,Modern,Good
ST0133,Advik Guha,ganesanbahadurjit@example.net,KIIT,Mechanical,4,2027-12-18,5,Microsoft,ML Engineer,110,72,7,1470,LeetCode,55,66,70,61,64,P0133,Movie Recommendation System,Flask,Medium,https://github.com/ST0133/project,C0133,Python Programming,Coursera,Completed,I0133,Cognizant,Python Developer Intern,1 Month,Not Started,R0133,63,61,15,ATS-Friendly,Average
ST0134,Janaki Karan,vagrawal@example.com,NIT Rourkela,ECE,3,2027-10-15,2,Adobe,Full Stack Developer,80,18,0,1267,LeetCode,43,49,60,36,39,P0134,Student Management System,MongoDB,Hard,https://github.com/ST0134/project,C0134,Artificial Intelligence Basics,edX,In Progress,I0134,Amazon,Backend Intern,6 Months,Not Started,R0134,39,49,8,Modern,Needs Improvement
ST0135,Abdul Chaudhary,idikarao@example.com,SOA University,Mechanical,3,2027-11-30,6,Wipro,Data Scientist,247,121,24,1734,LeetCode,75,77,90,86,86,P0135,E-Commerce Website,React,Medium,https://github.com/ST0135/project,C0135,Artificial Intelligence Basics,Coursera,In Progress,I0135,TCS,Backend Intern,2 Months,Ongoing,R0135,76,88,17,Modern,Good
ST0136,Ati Bhakta,jaichar@example.org,KIIT,IT,3,2027-11-14,10,Accenture,Frontend Developer,325,238,67,1924,LeetCode,95,98,99,87,91,P0136,Online Quiz System,Python,Easy,https://github.com/ST0136/project,C0136,Python for Everybody,Udemy,Completed,I0136,Wipro,Software Developer Intern,1 Month,Not Started,R0136,89,87,24,Basic,Excellent
ST0137,Urmi Yohannan,dhruv42@example.net,NIT Rourkela,Mechanical,4,2027-10-26,6,Microsoft,Data Scientist,185,137,33,1642,LeetCode,77,84,75,73,76,P0137,Movie Recommendation System,Django,Easy,https://github.com/ST0137/project,C0137,SQL for Data Science,edX,In Progress,I0137,Accenture,ML Intern,6 Months,Not Started,R0137,82,86,18,Basic,Excellent
ST0138,Yatan Chopra,bariabachittar@example.com,NIT Rourkela,IT,3,2027-10-01,2,Google,Full Stack Developer,13,29,5,1343,LeetCode,50,49,40,58,42,P0138,Face Recognition System,C++,Hard,https://github.com/ST0138/project,C0138,NPTEL Computer Networks,GeeksforGeeks,In Progress,I0138,Microsoft,Python Developer Intern,6 Months,Completed,R0138,44,48,5,ATS-Friendly,Needs Improvement
ST0139,Aadhya Buch,vnazareth@example.net,VSSUT,Mechanical,3,2027-12-17,3,Amazon,Backend Developer,19,29,0,1125,LeetCode,56,47,52,55,57,P0139,Face Recognition System,C++,Medium,https://github.com/ST0139/project,C0139,Data Structures and Algorithms,GeeksforGeeks,In Progress,I0139,Oracle,Backend Intern,6 Months,Not Started,R0139,44,49,8,Basic,Needs Improvement
ST0140,Idika Thakur,vedhika82@example.com,SOA University,Mechanical,3,2027-12-02,8,Adobe,Software Engineer,411,159,49,1857,LeetCode,96,96,90,88,91,P0140,Portfolio Website,Python,Easy,https://github.com/ST0140/project,C0140,AWS Cloud Practitioner,NPTEL,Completed,I0140,Wipro,Python Developer Intern,3 Months,Not Started,R0140,97,91,20,ATS-Friendly,Excellent
ST0141,Jai Kamdar,dkarnik@example.org,NIT Rourkela,ECE,4,2027-08-30,3,Oracle,Software Engineer,21,17,5,1277,LeetCode,48,44,45,46,46,P0141,Student Management System,Java,Hard,https://github.com/ST0141/project,C0141,SQL for Data Science,GeeksforGeeks,Completed,I0141,Oracle,Software Developer Intern,3 Months,Completed,R0141,31,44,8,Basic,Needs Improvement
ST0142,Pallavi Baria,chatterjeevivaan@example.com,KIIT,EEE,4,2027-12-14,7,Capgemini,Frontend Developer,152,131,37,1717,LeetCode,80,81,78,77,76,P0142,Portfolio Website,FastAPI,Hard,https://github.com/ST0142/project,C0142,Full Stack Web Development,Udemy,In Progress,I0142,Accenture,Backend Intern,6 Months,Not Started,R0142,85,85,14,ATS-Friendly,Excellent
ST0143,Warjas Ganesan,chaitalyrajagopal@example.org,IIT Bhubaneswar,Mechanical,4,2027-11-19,2,Adobe,Software Engineer,36,8,0,1239,LeetCode,40,40,59,54,40,P0143,Online Quiz System,Java,Hard,https://github.com/ST0143/project,C0143,Cloud Computing,Udemy,In Progress,I0143,TCS,ML Intern,1 Month,Ongoing,R0143,38,40,7,Modern,Needs Improvement
ST0144,Gaurika Ghosh,ekantakalla@example.net,NIT Rourkela,CSE,3,2027-12-07,10,Oracle,Frontend Developer,441,224,62,2104,LeetCode,87,99,98,88,93,P0144,Library Management System,Java,Medium,https://github.com/ST0144/project,C0144,NPTEL Computer Networks,Udemy,Completed,I0144,Oracle,Data Analyst Intern,2 Months,Not Started,R0144,96,90,22,Modern,Excellent
ST0145,Urvashi Goel,kashvi11@example.net,SOA University,ECE,3,2027-09-15,6,Accenture,Data Analyst,160,105,32,1687,LeetCode,81,78,90,81,87,P0145,AI Resume Analyzer,MySQL,Hard,https://github.com/ST0145/project,C0145,SQL for Data Science,Udemy,In Progress,I0145,Oracle,Frontend Intern,2 Months,Ongoing,R0145,73,81,18,Basic,Good
ST0146,Abdul Parmer,aryachokshi@example.net,NIT Rourkela,Mechanical,4,2027-11-16,6,Google,Full Stack Developer,215,168,43,1675,LeetCode,73,85,80,80,73,P0146,E-Commerce Website,Python,Easy,https://github.com/ST0146/project,C0146,Full Stack Web Development,Coursera,In Progress,I0146,Amazon,Data Analyst Intern,6 Months,Completed,R0146,84,78,14,Basic,Excellent
ST0147,Ayaan Dugal,narasimhankamala@example.com,KIIT,IT,4,2028-01-28,2,Wipro,ML Engineer,61,28,5,1365,LeetCode,54,46,58,51,42,P0147,AI Resume Analyzer,Node.js,Hard,https://github.com/ST0147/project,C0147,Python Programming,GeeksforGeeks,Completed,I0147,Amazon,Frontend Intern,6 Months,Completed,R0147,33,42,7,Modern,Needs Improvement
ST0148,Balveer Dugal,kadewarda@example.com,KIIT,ECE,4,2027-12-03,7,Google,Data Analyst,179,113,31,1678,LeetCode,86,86,88,89,90,P0148,Portfolio Website,Python,Easy,https://github.com/ST0148/project,C0148,AWS Cloud Practitioner,Udemy,Completed,I0148,Oracle,Data Analyst Intern,2 Months,Completed,R0148,85,88,14,Basic,Excellent
ST0149,Isha Nazareth,ira21@example.com,SOA University,CSE,3,2027-10-17,6,Infosys,Frontend Developer,214,176,24,1628,LeetCode,71,85,89,76,72,P0149,Portfolio Website,Node.js,Hard,https://github.com/ST0149/project,C0149,Full Stack Web Development,GeeksforGeeks,Completed,I0149,TCS,Web Developer Intern,1 Month,Ongoing,R0149,76,86,18,Modern,Good
ST0150,Caleb Agate,qadimdixit@example.org,NIT Rourkela,Mechanical,4,2027-09-13,8,Accenture,ML Engineer,405,293,91,2088,LeetCode,87,99,94,95,97,P0150,Placement Prediction System,Java,Hard,https://github.com/ST0150/project,C0150,Python for Everybody,NPTEL,Completed,I0150,Wipro,ML Intern,1 Month,Completed,R0150,92,91,21,Modern,Excellent
ST0151,Elijah Pandey,shroffyamini@example.net,SOA University,CSE,4,2027-09-17,10,Accenture,ML Engineer,279,273,52,2081,LeetCode,95,85,93,86,93,P0151,Expense Tracker,React,Easy,https://github.com/ST0151/project,C0151,Machine Learning,GeeksforGeeks,In Progress,I0151,Wipro,Software Developer Intern,2 Months,Ongoing,R0151,87,97,19,Modern,Excellent
ST0152,Chameli Rout,senyauvani@example.net,VSSUT,Mechanical,3,2027-09-25,4,Google,Data Analyst,105,63,17,1517,LeetCode,56,57,67,69,71,P0152,Online Quiz System,Node.js,Medium,https://github.com/ST0152/project,C0152,Machine Learning,Udemy,Completed,I0152,Google,Cloud Intern,3 Months,Completed,R0152,67,62,13,ATS-Friendly,Good
ST0153,Harita Gandhi,upandya@example.com,NIT Rourkela,Mechanical,4,2027-11-18,7,Adobe,Frontend Developer,195,104,22,1627,LeetCode,78,82,85,73,79,P0153,AI Resume Analyzer,FastAPI,Easy,https://github.com/ST0153/project,C0153,AWS Cloud Practitioner,GeeksforGeeks,Completed,I0153,Infosys,Python Developer Intern,3 Months,Completed,R0153,85,87,19,Basic,Excellent
ST0154,Mason Patil,lajita57@example.net,VSSUT,EEE,3,2027-11-15,9,Capgemini,Full Stack Developer,337,227,60,2066,LeetCode,99,96,89,91,97,P0154,Library Management System,FastAPI,Easy,https://github.com/ST0154/project,C0154,Cyber Security Essentials,Coursera,In Progress,I0154,Infosys,Data Analyst Intern,1 Month,Not Started,R0154,97,98,23,Basic,Excellent
ST0155,Dev Doctor,ishanvidevan@example.net,IIT Bhubaneswar,CSE,3,2027-10-11,6,Accenture,ML Engineer,164,159,26,1749,LeetCode,73,71,79,90,70,P0155,Hospital Management System,C++,Easy,https://github.com/ST0155/project,C0155,AWS Cloud Practitioner,Udemy,In Progress,I0155,Amazon,Data Analyst Intern,2 Months,Completed,R0155,84,89,16,Basic,Excellent
ST0156,Bina Ghose,agastyadewan@example.com,SOA University,IT,3,2027-10-09,8,Accenture,Data Analyst,426,202,55,2086,LeetCode,100,92,85,99,98,P0156,Student Management System,React,Easy,https://github.com/ST0156/project,C0156,AWS Cloud Practitioner,NPTEL,Completed,I0156,Google,Backend Intern,1 Month,Completed,R0156,91,89,23,Basic,Excellent
ST0157,Lucky Mahal,dchoudhry@example.net,IIT Bhubaneswar,CSE,3,2027-09-27,2,TCS,Full Stack Developer,49,29,3,1253,LeetCode,42,50,53,58,57,P0157,AI Resume Analyzer,C++,Easy,https://github.com/ST0157/project,C0157,AWS Cloud Practitioner,Coursera,Completed,I0157,Cognizant,Backend Intern,6 Months,Not Started,R0157,46,57,5,Basic,Needs Improvement
ST0158,Yuvraj Sarma,ddugar@example.net,IIT Bhubaneswar,IT,3,2027-11-01,10,Accenture,Frontend Developer,423,241,67,1838,LeetCode,87,87,91,90,86,P0158,Expense Tracker,Java,Easy,https://github.com/ST0158/project,C0158,Data Structures and Algorithms,NPTEL,In Progress,I0158,Infosys,Software Developer Intern,2 Months,Ongoing,R0158,96,98,25,Modern,Excellent
ST0159,Hardik Chaudhary,janani25@example.org,KIIT,EEE,3,2027-10-26,5,Infosys,Data Analyst,101,37,13,1412,LeetCode,59,62,55,74,69,P0159,Placement Prediction System,Python,Hard,https://github.com/ST0159/project,C0159,Artificial Intelligence Basics,Coursera,In Progress,I0159,Cognizant,Data Analyst Intern,2 Months,Ongoing,R0159,57,63,15,ATS-Friendly,Average
ST0160,Logan Aurora,hbaral@example.net,NIT Rourkela,IT,4,2027-12-04,6,Infosys,Data Analyst,232,158,31,1738,LeetCode,85,79,90,75,72,P0160,Face Recognition System,Django,Medium,https://github.com/ST0160/project,C0160,Java Programming,edX,Completed,I0160,Amazon,Cloud Intern,2 Months,Ongoing,R0160,78,79,18,Modern,Good
ST0161,Vrinda Chahal,chatreshtaneja@example.com,VSSUT,EEE,3,2027-12-26,7,TCS,Full Stack Developer,210,80,50,1666,LeetCode,86,85,75,74,70,P0161,Movie Recommendation System,Django,Easy,https://github.com/ST0161/project,C0161,Cyber Security Essentials,edX,In Progress,I0161,Microsoft,Web Developer Intern,1 Month,Completed,R0161,72,78,17,Basic,Good
ST0162,Arunima Sekhon,rmajumdar@example.net,KIIT,Mechanical,3,2028-01-09,5,Adobe,Frontend Developer,147,68,11,1444,LeetCode,56,58,68,70,66,P0162,Bank Management System,MongoDB,Hard,https://github.com/ST0162/project,C0162,Cyber Security Essentials,NPTEL,In Progress,I0162,Microsoft,ML Intern,6 Months,Completed,R0162,57,68,10,Modern,Average
ST0163,Ishwar Master,dbandi@example.org,KIIT,CSE,4,2027-12-09,7,Infosys,Backend Developer,164,103,41,1618,LeetCode,79,82,88,71,79,P0163,Library Management System,Python,Easy,https://github.com/ST0163/project,C0163,Cloud Computing,Coursera,Completed,I0163,Google,Backend Intern,2 Months,Not Started,R0163,74,87,16,ATS-Friendly,Good
ST0164,Rachit Pall,parth45@example.com,IIT Bhubaneswar,EEE,4,2027-10-27,2,Capgemini,Backend Developer,57,11,1,1388,LeetCode,43,41,57,48,36,P0164,E-Commerce Website,Java,Easy,https://github.com/ST0164/project,C0164,Data Structures and Algorithms,Udemy,In Progress,I0164,Google,Cloud Intern,3 Months,Completed,R0164,42,44,5,Basic,Needs Improvement
ST0165,Oni Rajan,wkoshy@example.com,KIIT,IT,3,2027-10-30,6,TCS,Frontend Developer,215,115,40,1776,LeetCode,79,74,89,88,74,P0165,Expense Tracker,Flask,Medium,https://github.com/ST0165/project,C0165,NPTEL DBMS,edX,Completed,I0165,Amazon,Python Developer Intern,1 Month,Not Started,R0165,75,84,19,ATS-Friendly,Good
ST0166,Yashica Ghose,jalsa63@example.com,IIT Bhubaneswar,IT,4,2027-11-12,2,Wipro,Software Engineer,24,29,4,1218,LeetCode,44,53,37,58,51,P0166,Weather App,Node.js,Medium,https://github.com/ST0166/project,C0166,SQL for Data Science,edX,In Progress,I0166,Accenture,Backend Intern,6 Months,Not Started,R0166,45,54,6,Modern,Needs Improvement
ST0167,Frederick Sha,lila69@example.net,IIT Bhubaneswar,IT,4,2027-10-05,2,Amazon,Frontend Developer,37,15,4,1233,LeetCode,58,57,40,53,51,P0167,Movie Recommendation System,FastAPI,Easy,https://github.com/ST0167/project,C0167,Artificial Intelligence Basics,edX,In Progress,I0167,Cognizant,Software Developer Intern,2 Months,Ongoing,R0167,46,53,6,ATS-Friendly,Needs Improvement
ST0168,Osha Dhingra,dalaja08@example.org,KIIT,EEE,4,2027-10-15,6,Capgemini,ML Engineer,236,80,20,1634,LeetCode,80,78,77,89,70,P0168,AI Resume Analyzer,MongoDB,Easy,https://github.com/ST0168/project,C0168,AWS Cloud Practitioner,NPTEL,Completed,I0168,Cognizant,ML Intern,6 Months,Ongoing,R0168,77,85,14,Basic,Good
ST0169,Yashvi Tandon,aditya40@example.net,SOA University,ECE,3,2027-08-25,6,Wipro,Frontend Developer,172,150,41,1652,LeetCode,85,70,82,89,71,P0169,Portfolio Website,Java,Medium,https://github.com/ST0169/project,C0169,Google Data Analytics,Udemy,Completed,I0169,Oracle,Web Developer Intern,6 Months,Completed,R0169,82,90,20,Basic,Excellent
ST0170,Yauvani Deep,ayushmansehgal@example.net,VSSUT,Mechanical,4,2027-10-22,3,Oracle,Full Stack Developer,26,5,3,1366,LeetCode,35,48,51,55,49,P0170,Attendance Management System,Java,Easy,https://github.com/ST0170/project,C0170,Python for Everybody,NPTEL,Completed,I0170,Oracle,Software Developer Intern,1 Month,Ongoing,R0170,43,44,6,ATS-Friendly,Needs Improvement
ST0171,Chakradhar Gulati,lbarad@example.net,NIT Rourkela,IT,4,2027-12-11,4,Microsoft,Data Scientist,99,65,6,1598,LeetCode,57,72,61,63,70,P0171,Attendance Management System,React,Medium,https://github.com/ST0171/project,C0171,React Development,NPTEL,Completed,I0171,Cognizant,Backend Intern,1 Month,Not Started,R0171,56,67,13,Basic,Average
ST0172,Wazir Johal,senbimala@example.com,IIT Bhubaneswar,Mechanical,4,2027-09-02,6,Adobe,Data Scientist,199,136,44,1646,LeetCode,80,70,75,85,88,P0172,Movie Recommendation System,MySQL,Hard,https://github.com/ST0172/project,C0172,Google Data Analytics,Udemy,In Progress,I0172,Oracle,Frontend Intern,6 Months,Completed,R0172,78,89,19,ATS-Friendly,Good
ST0173,Ekbal Mukherjee,nandavrinda@example.org,IIT Bhubaneswar,CSE,4,2028-01-09,5,Wipro,Full Stack Developer,149,67,7,1464,LeetCode,57,62,66,75,69,P0173,AI Resume Analyzer,MySQL,Easy,https://github.com/ST0173/project,C0173,AWS Cloud Practitioner,NPTEL,Completed,I0173,Amazon,Backend Intern,1 Month,Ongoing,R0173,63,71,10,Basic,Average
ST0174,Mekhala Mangal,pallaekta@example.net,IIT Bhubaneswar,EEE,4,2028-01-09,3,Google,Backend Developer,58,26,4,1167,LeetCode,37,57,36,45,46,P0174,Library Management System,Flask,Easy,https://github.com/ST0174/project,C0174,Java Programming,Coursera,In Progress,I0174,Wipro,Data Analyst Intern,6 Months,Completed,R0174,43,56,7,Basic,Needs Improvement
ST0175,Waida Oza,mitali35@example.com,SOA University,Mechanical,4,2027-08-13,9,TCS,Data Analyst,339,265,46,1831,LeetCode,98,98,93,92,91,P0175,Expense Tracker,C++,Medium,https://github.com/ST0175/project,C0175,AWS Cloud Practitioner,NPTEL,In Progress,I0175,Google,Software Developer Intern,2 Months,Not Started,R0175,94,85,25,Basic,Excellent
ST0176,Fitan Pandit,vansha58@example.com,IIT Bhubaneswar,CSE,3,2027-11-10,8,TCS,Backend Developer,356,200,61,1829,LeetCode,92,87,88,87,92,P0176,Face Recognition System,Flask,Hard,https://github.com/ST0176/project,C0176,AWS Cloud Practitioner,edX,In Progress,I0176,Cognizant,Data Analyst Intern,1 Month,Not Started,R0176,95,92,18,ATS-Friendly,Excellent
ST0177,Vivaan Mani,avnitaneja@example.net,IIT Bhubaneswar,IT,4,2027-11-19,9,Capgemini,Software Engineer,370,287,54,2051,LeetCode,96,93,87,88,91,P0177,AI Resume Analyzer,Java,Easy,https://github.com/ST0177/project,C0177,Cyber Security Essentials,Udemy,In Progress,I0177,Cognizant,Web Developer Intern,3 Months,Not Started,R0177,95,88,25,ATS-Friendly,Excellent
ST0178,Ishani Sama,xsinha@example.org,NIT Rourkela,EEE,4,2027-08-30,4,Wipro,Full Stack Developer,121,48,7,1452,LeetCode,66,56,57,65,67,P0178,Expense Tracker,Node.js,Medium,https://github.com/ST0178/project,C0178,Java Programming,Coursera,Completed,I0178,Capgemini,ML Intern,1 Month,Completed,R0178,55,69,10,ATS-Friendly,Average
ST0179,Falak Sood,yutikade@example.net,IIT Bhubaneswar,IT,3,2027-12-14,3,Amazon,Data Scientist,71,30,3,1187,LeetCode,45,46,44,37,56,P0179,Placement Prediction System,Java,Easy,https://github.com/ST0179/project,C0179,AWS Cloud Practitioner,Coursera,In Progress,I0179,Cognizant,Python Developer Intern,6 Months,Not Started,R0179,46,54,10,Modern,Needs Improvement
ST0180,Odika Sankar,bhatraksha@example.net,VSSUT,Mechanical,4,2028-01-18,8,Oracle,Backend Developer,411,240,65,2274,LeetCode,95,91,85,96,94,P0180,AI Resume Analyzer,Node.js,Hard,https://github.com/ST0180/project,C0180,NPTEL Computer Networks,GeeksforGeeks,Completed,I0180,TCS,Software Developer Intern,3 Months,Completed,R0180,99,95,20,Basic,Excellent
ST0181,Raksha Savant,gmangal@example.org,IIT Bhubaneswar,ECE,4,2027-09-26,10,Capgemini,Backend Developer,282,292,66,1823,LeetCode,99,85,97,87,88,P0181,Face Recognition System,Python,Medium,https://github.com/ST0181/project,C0181,Machine Learning,Udemy,In Progress,I0181,Infosys,Python Developer Intern,1 Month,Not Started,R0181,99,92,21,ATS-Friendly,Excellent
ST0182,Yashasvi Dutta,zachariahbhavika@example.net,NIT Rourkela,EEE,4,2027-11-23,6,Capgemini,Data Analyst,195,116,24,1665,LeetCode,78,84,70,77,76,P0182,Online Quiz System,MongoDB,Easy,https://github.com/ST0182/project,C0182,Machine Learning,NPTEL,Completed,I0182,Wipro,Frontend Intern,2 Months,Ongoing,R0182,70,78,16,ATS-Friendly,Good
ST0183,Banjeet Dass,pratyush02@example.net,SOA University,EEE,4,2028-01-22,10,Microsoft,ML Engineer,377,247,93,2029,LeetCode,88,92,99,95,92,P0183,Weather App,Node.js,Easy,https://github.com/ST0183/project,C0183,AWS Cloud Practitioner,Coursera,Completed,I0183,Infosys,Web Developer Intern,1 Month,Not Started,R0183,96,93,20,ATS-Friendly,Excellent
ST0184,Bakhshi Cherian,pallavirajagopalan@example.com,KIIT,Mechanical,4,2027-09-13,8,Microsoft,Backend Developer,324,185,78,1891,LeetCode,96,96,91,90,99,P0184,Expense Tracker,React,Hard,https://github.com/ST0184/project,C0184,Data Structures and Algorithms,edX,In Progress,I0184,Google,Web Developer Intern,6 Months,Ongoing,R0184,85,99,18,Modern,Excellent
ST0185,Qasim Palla,abhiram37@example.com,SOA University,EEE,3,2027-10-28,9,Wipro,Backend Developer,285,259,54,2063,LeetCode,93,92,93,95,89,P0185,Online Quiz System,Django,Medium,https://github.com/ST0185/project,C0185,NPTEL Computer Networks,edX,In Progress,I0185,Cognizant,ML Intern,6 Months,Not Started,R0185,86,96,19,Modern,Excellent
ST0186,Dalbir Munshi,hemakar@example.org,SOA University,Mechanical,4,2027-11-20,3,Oracle,Software Engineer,37,15,2,1204,LeetCode,56,47,57,59,41,P0186,Student Management System,Flask,Easy,https://github.com/ST0186/project,C0186,Machine Learning,edX,Completed,I0186,TCS,Backend Intern,3 Months,Completed,R0186,38,42,9,Basic,Needs Improvement
ST0187,Indrajit Sibal,turvi23@example.net,SOA University,IT,4,2027-11-01,10,Amazon,ML Engineer,268,168,83,2295,LeetCode,98,89,93,91,96,P0187,Hospital Management System,React,Medium,https://github.com/ST0187/project,C0187,Cyber Security Essentials,Udemy,In Progress,I0187,Oracle,Web Developer Intern,1 Month,Ongoing,R0187,93,88,23,Modern,Excellent
ST0188,Siddharth Shankar,pinglesaanvi@example.net,VSSUT,EEE,4,2027-08-26,2,Oracle,Frontend Developer,36,10,3,1391,LeetCode,38,51,49,45,36,P0188,Expense Tracker,React,Hard,https://github.com/ST0188/project,C0188,Java Programming,Coursera,Completed,I0188,Microsoft,ML Intern,1 Month,Not Started,R0188,42,44,6,ATS-Friendly,Needs Improvement
ST0189,Udyati Joshi,anjali70@example.net,IIT Bhubaneswar,CSE,4,2027-08-20,4,Wipro,Data Scientist,141,64,7,1595,LeetCode,59,62,74,58,55,P0189,Face Recognition System,Java,Medium,https://github.com/ST0189/project,C0189,AWS Cloud Practitioner,edX,Completed,I0189,Infosys,Cloud Intern,3 Months,Ongoing,R0189,63,75,12,ATS-Friendly,Average
ST0190,Bakhshi Kaul,bbhatia@example.com,IIT Bhubaneswar,IT,4,2028-01-28,10,Oracle,Data Scientist,344,230,90,1832,LeetCode,86,95,94,98,88,P0190,Portfolio Website,C++,Hard,https://github.com/ST0190/project,C0190,Google Data Analytics,Coursera,Completed,I0190,Wipro,Cloud Intern,1 Month,Completed,R0190,85,88,24,ATS-Friendly,Excellent
ST0191,Tanay Solanki,sarinbalendra@example.com,NIT Rourkela,ECE,3,2028-01-11,7,Accenture,Software Engineer,190,166,32,1736,LeetCode,76,89,77,75,74,P0191,Bank Management System,Java,Easy,https://github.com/ST0191/project,C0191,NPTEL DBMS,Udemy,Completed,I0191,Wipro,Python Developer Intern,1 Month,Not Started,R0191,78,86,16,Basic,Good
ST0192,Sanya Dara,ygera@example.com,SOA University,CSE,3,2028-01-26,7,Infosys,Data Scientist,150,88,35,1693,LeetCode,76,78,89,79,70,P0192,Library Management System,Python,Medium,https://github.com/ST0192/project,C0192,React Development,Coursera,Completed,I0192,Wipro,ML Intern,6 Months,Ongoing,R0192,72,84,20,ATS-Friendly,Good
ST0193,Peter Din,moreupkaar@example.net,VSSUT,ECE,3,2027-08-16,7,TCS,Frontend Developer,194,84,39,1715,LeetCode,74,86,70,87,85,P0193,Library Management System,Java,Hard,https://github.com/ST0193/project,C0193,Full Stack Web Development,NPTEL,Completed,I0193,Capgemini,ML Intern,2 Months,Completed,R0193,72,83,15,ATS-Friendly,Good
ST0194,Krishna Mangat,binaprashad@example.net,IIT Bhubaneswar,ECE,3,2028-01-13,8,Infosys,Data Scientist,385,278,93,1925,LeetCode,90,97,95,85,98,P0194,E-Commerce Website,React,Easy,https://github.com/ST0194/project,C0194,Java Programming,Udemy,In Progress,I0194,Wipro,Frontend Intern,1 Month,Ongoing,R0194,96,96,21,Modern,Excellent
ST0195,Harita Mall,kharejagat@example.net,SOA University,EEE,3,2027-11-08,2,Oracle,Data Scientist,74,21,4,1031,LeetCode,47,57,39,52,36,P0195,AI Resume Analyzer,FastAPI,Easy,https://github.com/ST0195/project,C0195,Cloud Computing,edX,Completed,I0195,Infosys,ML Intern,6 Months,Ongoing,R0195,37,60,6,ATS-Friendly,Needs Improvement
ST0196,Daksha Hayer,xchada@example.com,KIIT,IT,4,2027-08-25,5,TCS,Full Stack Developer,100,69,10,1525,LeetCode,73,58,56,73,73,P0196,E-Commerce Website,FastAPI,Hard,https://github.com/ST0196/project,C0196,Data Structures and Algorithms,NPTEL,In Progress,I0196,Microsoft,Software Developer Intern,1 Month,Ongoing,R0196,62,69,12,Basic,Average
ST0197,Gaurang Bahl,rkumer@example.org,KIIT,EEE,3,2027-11-14,5,Oracle,Backend Developer,149,34,18,1555,LeetCode,58,74,67,69,70,P0197,Face Recognition System,Java,Hard,https://github.com/ST0197/project,C0197,Machine Learning,Coursera,Completed,I0197,TCS,Cloud Intern,3 Months,Ongoing,R0197,59,65,11,Basic,Average
ST0198,Ryan Varkey,rajagopalkala@example.com,KIIT,ECE,3,2027-11-28,2,Accenture,Data Scientist,19,3,3,1100,LeetCode,39,58,44,60,39,P0198,Portfolio Website,Node.js,Medium,https://github.com/ST0198/project,C0198,Data Structures and Algorithms,Udemy,In Progress,I0198,Microsoft,Backend Intern,6 Months,Ongoing,R0198,37,41,8,Basic,Needs Improvement
ST0199,Neelima Bora,dugarjackson@example.org,VSSUT,EEE,3,2027-08-09,7,Microsoft,Software Engineer,163,141,47,1691,LeetCode,82,89,71,70,82,P0199,Placement Prediction System,Django,Hard,https://github.com/ST0199/project,C0199,Artificial Intelligence Basics,edX,In Progress,I0199,Wipro,Cloud Intern,2 Months,Completed,R0199,83,86,20,Basic,Excellent
ST0200,Indali Sen,bakshiteerth@example.com,VSSUT,CSE,3,2027-09-28,9,Google,Software Engineer,304,294,60,2060,LeetCode,94,93,91,93,99,P0200,Movie Recommendation System,MySQL,Hard,https://github.com/ST0200/project,C0200,Cloud Computing,NPTEL,Completed,I0200,Wipro,Web Developer Intern,3 Months,Ongoing,R0200,100,93,24,Basic,Excellent
ST0201,Chasmum Manda,kwali@example.org,SOA University,IT,3,2027-11-05,3,Microsoft,Backend Developer,75,29,1,1295,LeetCode,49,56,58,51,45,P0201,Hospital Management System,Django,Medium,https://github.com/ST0201/project,C0201,Python Programming,Coursera,In Progress,I0201,Infosys,Python Developer Intern,3 Months,Ongoing,R0201,37,57,9,ATS-Friendly,Needs Improvement
ST0202,Janaki Choudhary,ckapoor@example.com,NIT Rourkela,IT,4,2027-10-31,5,Capgemini,Backend Developer,110,42,5,1478,LeetCode,73,63,66,61,75,P0202,Movie Recommendation System,MySQL,Medium,https://github.com/ST0202/project,C0202,Artificial Intelligence Basics,Coursera,In Progress,I0202,Amazon,Frontend Intern,6 Months,Completed,R0202,63,64,11,Basic,Average
ST0203,Agastya Master,karpeoviya@example.com,SOA University,IT,3,2027-09-24,7,Oracle,Software Engineer,200,139,21,1736,LeetCode,86,73,75,79,88,P0203,Library Management System,C++,Hard,https://github.com/ST0203/project,C0203,SQL for Data Science,Coursera,In Progress,I0203,Microsoft,Backend Intern,3 Months,Completed,R0203,72,87,18,Modern,Good
ST0204,Gavin Sethi,hrajagopalan@example.com,SOA University,Mechanical,4,2027-10-31,9,Wipro,Backend Developer,307,248,55,1805,LeetCode,94,99,95,94,96,P0204,Face Recognition System,Node.js,Medium,https://github.com/ST0204/project,C0204,Google Data Analytics,edX,Completed,I0204,TCS,Frontend Intern,6 Months,Ongoing,R0204,91,91,24,ATS-Friendly,Excellent
ST0205,Bhavna Prabhu,gadejasmit@example.com,KIIT,CSE,4,2027-10-19,10,TCS,Software Engineer,438,221,99,1830,LeetCode,91,91,92,95,89,P0205,Chatbot,MongoDB,Hard,https://github.com/ST0205/project,C0205,Full Stack Web Development,Coursera,Completed,I0205,Oracle,Data Analyst Intern,3 Months,Completed,R0205,95,87,18,Basic,Excellent
ST0206,Reva Mallick,sharafvrishti@example.com,NIT Rourkela,EEE,4,2027-08-23,2,Accenture,Software Engineer,65,12,1,1351,LeetCode,47,41,46,44,52,P0206,Hospital Management System,Django,Hard,https://github.com/ST0206/project,C0206,Java Programming,NPTEL,In Progress,I0206,Microsoft,Software Developer Intern,1 Month,Not Started,R0206,44,51,8,ATS-Friendly,Needs Improvement
ST0207,Advik Keer,udyati43@example.net,NIT Rourkela,Mechanical,4,2027-08-02,7,Google,Software Engineer,164,133,43,1630,LeetCode,77,89,74,81,78,P0207,AI Resume Analyzer,React,Easy,https://github.com/ST0207/project,C0207,NPTEL Computer Networks,Coursera,In Progress,I0207,Accenture,Cloud Intern,3 Months,Completed,R0207,84,79,14,Basic,Excellent
ST0208,Jyoti Bhakta,schokshi@example.net,IIT Bhubaneswar,CSE,3,2027-12-31,2,Google,Full Stack Developer,28,4,0,1339,LeetCode,50,38,46,44,45,P0208,Weather App,MongoDB,Easy,https://github.com/ST0208/project,C0208,Google Data Analytics,NPTEL,Completed,I0208,Oracle,Software Developer Intern,2 Months,Not Started,R0208,34,57,9,Modern,Needs Improvement
ST0209,Jalsa Som,omkaarwali@example.com,NIT Rourkela,CSE,4,2027-08-02,4,Adobe,Data Scientist,124,52,9,1518,LeetCode,57,60,62,59,67,P0209,Portfolio Website,MongoDB,Easy,https://github.com/ST0209/project,C0209,NPTEL DBMS,Coursera,Completed,I0209,Wipro,Backend Intern,3 Months,Ongoing,R0209,67,64,14,Modern,Good
ST0210,Udyati Wali,xavier24@example.org,KIIT,EEE,4,2027-09-22,8,Capgemini,Frontend Developer,322,285,98,2042,LeetCode,97,90,99,95,97,P0210,Face Recognition System,MongoDB,Hard,https://github.com/ST0210/project,C0210,NPTEL Computer Networks,edX,In Progress,I0210,TCS,Data Analyst Intern,6 Months,Not Started,R0210,86,90,21,Modern,Excellent
ST0211,Max Das,ghoshmitesh@example.org,SOA University,CSE,4,2027-08-20,6,Google,Software Engineer,186,159,36,1606,LeetCode,86,87,79,88,80,P0211,Library Management System,FastAPI,Easy,https://github.com/ST0211/project,C0211,Artificial Intelligence Basics,GeeksforGeeks,Completed,I0211,Accenture,Frontend Intern,1 Month,Not Started,R0211,73,82,18,ATS-Friendly,Good
ST0212,Hredhaan Aggarwal,rachanabobal@example.com,SOA University,EEE,3,2027-12-21,8,Accenture,Backend Developer,252,207,71,1902,LeetCode,93,91,89,89,96,P0212,Bank Management System,MySQL,Hard,https://github.com/ST0212/project,C0212,Cloud Computing,Udemy,Completed,I0212,Cognizant,Data Analyst Intern,1 Month,Ongoing,R0212,97,89,19,Modern,Excellent
ST0213,Vasatika Puri,banjeet94@example.net,IIT Bhubaneswar,ECE,4,2027-10-13,2,Infosys,Software Engineer,23,24,3,1321,LeetCode,48,53,39,43,55,P0213,E-Commerce Website,Java,Medium,https://github.com/ST0213/project,C0213,Google Data Analytics,GeeksforGeeks,Completed,I0213,Amazon,ML Intern,2 Months,Ongoing,R0213,33,57,6,ATS-Friendly,Needs Improvement
ST0214,Mason Bora,orinder25@example.net,NIT Rourkela,Mechanical,3,2027-12-29,6,TCS,Frontend Developer,210,105,29,1621,LeetCode,75,76,71,79,90,P0214,Expense Tracker,Java,Medium,https://github.com/ST0214/project,C0214,SQL for Data Science,Coursera,In Progress,I0214,Amazon,Frontend Intern,2 Months,Completed,R0214,81,85,15,ATS-Friendly,Excellent
ST0215,Bhavani More,kkhanna@example.com,NIT Rourkela,ECE,4,2027-12-29,2,Amazon,ML Engineer,32,25,0,1099,LeetCode,55,42,36,59,47,P0215,Online Quiz System,MySQL,Easy,https://github.com/ST0215/project,C0215,Full Stack Web Development,NPTEL,Completed,I0215,Capgemini,Backend Intern,1 Month,Ongoing,R0215,55,55,6,Modern,Average
ST0216,Irya Acharya,orinder92@example.org,VSSUT,Mechanical,3,2027-08-08,6,Adobe,Frontend Developer,167,153,45,1605,LeetCode,79,82,77,78,88,P0216,Bank Management System,MongoDB,Easy,https://github.com/ST0216/project,C0216,SQL for Data Science,NPTEL,Completed,I0216,Wipro,Software Developer Intern,1 Month,Not Started,R0216,77,76,16,Modern,Good
ST0217,Harinakshi Vaidya,priyabail@example.net,NIT Rourkela,Mechanical,3,2027-10-25,3,Infosys,Software Engineer,43,25,0,1302,LeetCode,41,36,57,43,51,P0217,Movie Recommendation System,Node.js,Hard,https://github.com/ST0217/project,C0217,Python for Everybody,Coursera,Completed,I0217,Oracle,Frontend Intern,3 Months,Ongoing,R0217,55,47,6,ATS-Friendly,Average
ST0218,Lakshmi Koshy,kalagrover@example.com,NIT Rourkela,CSE,4,2027-11-09,7,Google,ML Engineer,168,124,24,1776,LeetCode,89,78,71,87,74,P0218,Face Recognition System,Java,Easy,https://github.com/ST0218/project,C0218,Java Programming,GeeksforGeeks,Completed,I0218,Capgemini,Data Analyst Intern,2 Months,Completed,R0218,75,89,16,Basic,Good
ST0219,Onkar Thaman,palandarpan@example.net,NIT Rourkela,CSE,4,2027-11-10,10,Oracle,ML Engineer,280,268,75,1834,LeetCode,93,89,96,96,95,P0219,Attendance Management System,MongoDB,Easy,https://github.com/ST0219/project,C0219,Data Structures and Algorithms,Udemy,Completed,I0219,Infosys,Data Analyst Intern,2 Months,Ongoing,R0219,95,91,19,Basic,Excellent
ST0220,Advika Dar,balasubramanianjason@example.com,VSSUT,IT,4,2027-09-20,4,Accenture,Full Stack Developer,147,44,11,1518,LeetCode,59,63,71,68,63,P0220,Online Quiz System,Java,Medium,https://github.com/ST0220/project,C0220,AWS Cloud Practitioner,edX,Completed,I0220,Oracle,Frontend Intern,3 Months,Completed,R0220,69,73,12,Modern,Good
ST0221,Meera Dixit,om88@example.net,IIT Bhubaneswar,EEE,4,2028-01-11,4,Adobe,Full Stack Developer,118,32,6,1506,LeetCode,71,59,67,65,63,P0221,Attendance Management System,React,Hard,https://github.com/ST0221/project,C0221,Python for Everybody,edX,In Progress,I0221,Google,Backend Intern,3 Months,Completed,R0221,64,75,12,Basic,Average
ST0222,Vritti Barman,gillyahvi@example.net,VSSUT,ECE,4,2027-08-02,3,Amazon,Data Analyst,37,16,2,1170,LeetCode,52,49,60,38,53,P0222,Face Recognition System,Java,Medium,https://github.com/ST0222/project,C0222,Cyber Security Essentials,NPTEL,In Progress,I0222,Amazon,Software Developer Intern,6 Months,Not Started,R0222,54,50,7,ATS-Friendly,Average
ST0223,Aarnav Bhavsar,gulatiupadhriti@example.com,VSSUT,ECE,4,2027-09-03,10,Infosys,Software Engineer,413,200,43,1811,LeetCode,88,88,85,93,85,P0223,Weather App,FastAPI,Medium,https://github.com/ST0223/project,C0223,Machine Learning,edX,Completed,I0223,Wipro,Frontend Intern,1 Month,Completed,R0223,98,93,24,Basic,Excellent
ST0224,Umang Sahni,wardabrar@example.com,NIT Rourkela,ECE,4,2027-08-22,5,TCS,Data Scientist,93,66,15,1556,LeetCode,60,56,73,63,68,P0224,Chatbot,MongoDB,Medium,https://github.com/ST0224/project,C0224,Machine Learning,Coursera,Completed,I0224,Microsoft,Cloud Intern,3 Months,Not Started,R0224,58,61,12,Basic,Average
ST0225,Theodore Sood,caleb93@example.org,VSSUT,CSE,3,2028-01-13,8,TCS,Software Engineer,450,239,53,2149,LeetCode,99,87,89,99,89,P0225,Movie Recommendation System,Node.js,Hard,https://github.com/ST0225/project,C0225,SQL for Data Science,Coursera,In Progress,I0225,Infosys,Software Developer Intern,6 Months,Completed,R0225,100,89,18,Modern,Excellent
ST0226,Umang Krishnan,bahadurjit92@example.net,KIIT,CSE,4,2028-01-05,3,TCS,Data Scientist,31,8,1,1089,LeetCode,35,36,52,38,50,P0226,Library Management System,React,Easy,https://github.com/ST0226/project,C0226,Google Data Analytics,NPTEL,Completed,I0226,Google,Software Developer Intern,3 Months,Completed,R0226,55,51,10,Modern,Average
ST0227,Pallavi Keer,patelgaurika@example.org,IIT Bhubaneswar,EEE,4,2027-11-09,9,Microsoft,Data Analyst,285,262,51,1850,LeetCode,100,92,88,92,93,P0227,Portfolio Website,FastAPI,Hard,https://github.com/ST0227/project,C0227,SQL for Data Science,GeeksforGeeks,In Progress,I0227,Cognizant,Python Developer Intern,6 Months,Not Started,R0227,90,89,24,Basic,Excellent
ST0228,Jonathan Acharya,gautamiom@example.org,KIIT,EEE,4,2028-01-06,10,Accenture,Backend Developer,300,210,76,2273,LeetCode,87,87,86,92,99,P0228,Chatbot,Flask,Easy,https://github.com/ST0228/project,C0228,Python for Everybody,Udemy,In Progress,I0228,Capgemini,ML Intern,3 Months,Ongoing,R0228,87,94,24,ATS-Friendly,Excellent
ST0229,Lipika Bhagat,gaurav15@example.net,KIIT,ECE,4,2028-01-10,6,Amazon,ML Engineer,246,167,26,1729,LeetCode,87,73,81,83,74,P0229,Attendance Management System,C++,Medium,https://github.com/ST0229/project,C0229,AWS Cloud Practitioner,edX,In Progress,I0229,Accenture,Web Developer Intern,3 Months,Ongoing,R0229,75,83,15,ATS-Friendly,Good
ST0230,Aahana Atwal,achakrabarti@example.net,VSSUT,ECE,3,2027-10-12,2,Accenture,Frontend Developer,50,4,3,1051,LeetCode,46,48,60,57,41,P0230,Hospital Management System,C++,Medium,https://github.com/ST0230/project,C0230,Python Programming,Coursera,In Progress,I0230,TCS,Backend Intern,1 Month,Completed,R0230,34,58,7,Modern,Needs Improvement
ST0231,Gauri Mukherjee,amarachandran@example.org,KIIT,ECE,4,2027-08-09,10,Wipro,Software Engineer,431,266,55,2288,LeetCode,85,92,86,100,98,P0231,Hospital Management System,FastAPI,Hard,https://github.com/ST0231/project,C0231,Cyber Security Essentials,GeeksforGeeks,In Progress,I0231,TCS,ML Intern,3 Months,Ongoing,R0231,95,99,22,Modern,Excellent
ST0232,Neel Bhakta,bsha@example.com,KIIT,ECE,3,2028-01-23,7,Capgemini,Frontend Developer,222,154,22,1729,LeetCode,79,78,84,77,75,P0232,Online Quiz System,MySQL,Easy,https://github.com/ST0232/project,C0232,Google Data Analytics,Udemy,Completed,I0232,Google,Backend Intern,6 Months,Ongoing,R0232,74,81,17,Basic,Good
ST0233,Falguni Vohra,arinpal@example.net,NIT Rourkela,EEE,3,2027-12-26,8,Microsoft,Software Engineer,412,209,47,1994,LeetCode,89,88,96,97,85,P0233,Placement Prediction System,React,Hard,https://github.com/ST0233/project,C0233,Machine Learning,NPTEL,Completed,I0233,Capgemini,Data Analyst Intern,3 Months,Ongoing,R0233,100,88,20,ATS-Friendly,Excellent
ST0234,Faraj Keer,megha90@example.com,VSSUT,IT,4,2028-01-01,3,Wipro,Frontend Developer,65,16,3,1394,LeetCode,46,49,39,47,58,P0234,Student Management System,FastAPI,Hard,https://github.com/ST0234/project,C0234,React Development,GeeksforGeeks,Completed,I0234,Capgemini,Cloud Intern,2 Months,Not Started,R0234,44,51,10,ATS-Friendly,Needs Improvement
ST0235,Mohammed Bains,ssalvi@example.org,KIIT,ECE,3,2027-10-12,6,Amazon,Software Engineer,242,169,47,1632,LeetCode,83,71,83,76,79,P0235,AI Resume Analyzer,MySQL,Easy,https://github.com/ST0235/project,C0235,Artificial Intelligence Basics,GeeksforGeeks,In Progress,I0235,Capgemini,Software Developer Intern,1 Month,Completed,R0235,84,77,19,Basic,Excellent
ST0236,Kashish Chaudhari,chakrabartiekbal@example.com,NIT Rourkela,ECE,4,2027-10-24,8,TCS,ML Engineer,376,213,65,1885,LeetCode,92,100,94,88,89,P0236,Online Quiz System,FastAPI,Easy,https://github.com/ST0236/project,C0236,Machine Learning,NPTEL,In Progress,I0236,Amazon,Python Developer Intern,2 Months,Ongoing,R0236,93,97,20,ATS-Friendly,Excellent
ST0237,Ishaan Ganesh,sacharwyatt@example.org,VSSUT,Mechanical,3,2027-08-23,7,Oracle,Software Engineer,169,89,34,1791,LeetCode,88,90,80,85,84,P0237,Weather App,FastAPI,Easy,https://github.com/ST0237/project,C0237,Artificial Intelligence Basics,Coursera,Completed,I0237,Wipro,Cloud Intern,3 Months,Not Started,R0237,82,78,15,Modern,Excellent
ST0238,Om Mistry,tanveer72@example.com,SOA University,EEE,3,2027-11-08,9,Adobe,Frontend Developer,259,196,43,2103,LeetCode,88,99,99,89,96,P0238,Hospital Management System,Python,Easy,https://github.com/ST0238/project,C0238,Java Programming,Udemy,Completed,I0238,Amazon,Frontend Intern,6 Months,Ongoing,R0238,92,91,21,Basic,Excellent
ST0239,Ikbal Vig,darsh46@example.net,IIT Bhubaneswar,CSE,3,2027-11-12,6,Amazon,Frontend Developer,237,158,43,1744,LeetCode,70,70,80,76,81,P0239,Weather App,Node.js,Easy,https://github.com/ST0239/project,C0239,Python Programming,Udemy,Completed,I0239,TCS,Data Analyst Intern,3 Months,Not Started,R0239,72,81,14,Modern,Good
ST0240,Ethan Sarin,chasmummohanty@example.org,VSSUT,IT,3,2027-12-26,10,Infosys,Data Analyst,412,232,42,2232,LeetCode,97,94,90,98,98,P0240,Weather App,MySQL,Easy,https://github.com/ST0240/project,C0240,NPTEL Computer Networks,Coursera,In Progress,I0240,Infosys,Frontend Intern,1 Month,Ongoing,R0240,100,95,19,Modern,Excellent
ST0241,Henry Mahal,gillalexander@example.net,NIT Rourkela,ECE,3,2027-11-23,3,TCS,Data Analyst,12,2,5,1284,LeetCode,40,46,47,53,36,P0241,Student Management System,React,Medium,https://github.com/ST0241/project,C0241,Python for Everybody,NPTEL,In Progress,I0241,Microsoft,Web Developer Intern,3 Months,Completed,R0241,38,56,8,Basic,Needs Improvement
ST0242,Sathvik Gupta,deolojas@example.org,KIIT,IT,4,2027-08-23,3,TCS,ML Engineer,70,10,0,1263,LeetCode,58,54,54,44,39,P0242,Face Recognition System,MySQL,Medium,https://github.com/ST0242/project,C0242,Machine Learning,edX,Completed,I0242,Infosys,Frontend Intern,1 Month,Not Started,R0242,35,46,5,ATS-Friendly,Needs Improvement
ST0243,Kashish Boase,paudeepa@example.com,NIT Rourkela,ECE,3,2028-01-12,10,TCS,Full Stack Developer,431,166,73,1993,LeetCode,93,87,95,100,100,P0243,Online Quiz System,MongoDB,Hard,https://github.com/ST0243/project,C0243,AWS Cloud Practitioner,Udemy,In Progress,I0243,TCS,Backend Intern,1 Month,Not Started,R0243,96,89,22,Modern,Excellent
ST0244,Wakeeta Saran,tanejajason@example.net,NIT Rourkela,Mechanical,3,2027-10-13,3,Wipro,ML Engineer,23,9,0,1273,LeetCode,45,59,46,44,56,P0244,Portfolio Website,Java,Easy,https://github.com/ST0244/project,C0244,SQL for Data Science,Coursera,In Progress,I0244,Capgemini,Python Developer Intern,2 Months,Ongoing,R0244,36,58,6,ATS-Friendly,Needs Improvement
ST0245,Rushil Chokshi,patrick00@example.com,NIT Rourkela,Mechanical,4,2027-10-26,2,Microsoft,Software Engineer,67,18,0,1292,LeetCode,38,45,53,36,47,P0245,Portfolio Website,Python,Easy,https://github.com/ST0245/project,C0245,Machine Learning,GeeksforGeeks,In Progress,I0245,Oracle,Web Developer Intern,6 Months,Not Started,R0245,37,44,5,ATS-Friendly,Needs Improvement
ST0246,Vritti Krishna,hranganathan@example.com,NIT Rourkela,EEE,3,2027-10-16,6,Oracle,Full Stack Developer,227,113,26,1786,LeetCode,72,76,81,82,76,P0246,E-Commerce Website,C++,Hard,https://github.com/ST0246/project,C0246,Full Stack Web Development,NPTEL,In Progress,I0246,Google,Backend Intern,3 Months,Completed,R0246,82,90,17,Modern,Excellent
ST0247,Zehaan Pai,wlata@example.net,NIT Rourkela,IT,4,2027-11-14,9,Google,Software Engineer,359,238,74,2296,LeetCode,98,85,98,92,96,P0247,Hospital Management System,MongoDB,Easy,https://github.com/ST0247/project,C0247,Machine Learning,edX,In Progress,I0247,Wipro,ML Intern,2 Months,Ongoing,R0247,85,94,18,Basic,Excellent
ST0248,Lakshmi Batta,barkhakrishnamurthy@example.org,SOA University,Mechanical,3,2027-12-21,6,Oracle,Frontend Developer,189,121,28,1632,LeetCode,73,82,71,80,76,P0248,Attendance Management System,MongoDB,Easy,https://github.com/ST0248/project,C0248,Google Data Analytics,Udemy,In Progress,I0248,Cognizant,Software Developer Intern,6 Months,Not Started,R0248,80,81,14,Basic,Excellent
ST0249,Lipika Bala,jmohanty@example.net,VSSUT,ECE,3,2027-10-12,3,Google,Full Stack Developer,65,26,0,1141,LeetCode,43,43,57,54,43,P0249,AI Resume Analyzer,Java,Medium,https://github.com/ST0249/project,C0249,Cyber Security Essentials,NPTEL,In Progress,I0249,Oracle,Backend Intern,3 Months,Completed,R0249,31,48,5,Modern,Needs Improvement
ST0250,Lohit Saha,nikita58@example.net,IIT Bhubaneswar,Mechanical,4,2027-12-27,10,Google,Full Stack Developer,297,277,74,2273,LeetCode,87,95,100,97,95,P0250,Student Management System,C++,Medium,https://github.com/ST0250/project,C0250,Full Stack Web Development,Udemy,In Progress,I0250,Capgemini,Python Developer Intern,1 Month,Completed,R0250,85,97,23,Basic,Excellent
ST0251,Yutika Nagarajan,anirudhtella@example.net,NIT Rourkela,Mechanical,4,2027-12-22,3,Adobe,ML Engineer,58,16,5,1071,LeetCode,38,54,56,41,56,P0251,Face Recognition System,Node.js,Medium,https://github.com/ST0251/project,C0251,Full Stack Web Development,Udemy,Completed,I0251,Microsoft,Web Developer Intern,3 Months,Not Started,R0251,45,49,9,Modern,Needs Improvement
ST0252,Bhavika Chadha,jananitata@example.net,SOA University,EEE,3,2027-08-14,8,TCS,Data Analyst,315,243,54,1984,LeetCode,97,91,95,97,93,P0252,Online Quiz System,FastAPI,Hard,https://github.com/ST0252/project,C0252,Cloud Computing,NPTEL,In Progress,I0252,Wipro,ML Intern,1 Month,Completed,R0252,88,92,18,ATS-Friendly,Excellent
ST0253,Sneha Trivedi,dugaranthony@example.net,SOA University,EEE,4,2027-09-15,6,TCS,Frontend Developer,192,109,37,1696,LeetCode,87,85,83,75,85,P0253,Chatbot,Django,Hard,https://github.com/ST0253/project,C0253,NPTEL DBMS,NPTEL,In Progress,I0253,TCS,Python Developer Intern,6 Months,Ongoing,R0253,85,86,18,Basic,Excellent
ST0254,Matthew Jayaraman,yohannanpatrick@example.com,IIT Bhubaneswar,CSE,4,2027-09-17,4,Infosys,Software Engineer,114,66,5,1545,LeetCode,73,62,57,70,68,P0254,Portfolio Website,Flask,Medium,https://github.com/ST0254/project,C0254,AWS Cloud Practitioner,NPTEL,Completed,I0254,Capgemini,Cloud Intern,6 Months,Ongoing,R0254,63,60,15,Modern,Average
ST0255,Jairaj Sengupta,ayaansahota@example.org,VSSUT,CSE,3,2027-09-17,2,Capgemini,ML Engineer,76,1,3,1253,LeetCode,60,48,49,58,57,P0255,Movie Recommendation System,FastAPI,Hard,https://github.com/ST0255/project,C0255,Artificial Intelligence Basics,Udemy,In Progress,I0255,Capgemini,ML Intern,3 Months,Not Started,R0255,39,54,10,ATS-Friendly,Needs Improvement
ST0256,Wyatt Tailor,mahajanisha@example.org,NIT Rourkela,EEE,4,2027-09-26,4,Infosys,ML Engineer,104,38,13,1537,LeetCode,68,68,73,65,72,P0256,Library Management System,Flask,Medium,https://github.com/ST0256/project,C0256,React Development,GeeksforGeeks,Completed,I0256,Infosys,Web Developer Intern,1 Month,Not Started,R0256,56,68,10,Modern,Average
ST0257,Nathaniel Srinivas,vyasdaksha@example.net,KIIT,IT,4,2027-12-14,6,Wipro,Frontend Developer,171,176,38,1756,LeetCode,76,72,88,89,81,P0257,Placement Prediction System,React,Medium,https://github.com/ST0257/project,C0257,SQL for Data Science,Udemy,In Progress,I0257,Microsoft,Python Developer Intern,6 Months,Completed,R0257,75,77,16,Basic,Good
ST0258,Nihal Rau,kamalaben@example.net,NIT Rourkela,Mechanical,3,2027-08-30,2,Google,Frontend Developer,46,16,3,1266,LeetCode,36,58,57,35,35,P0258,Online Quiz System,MySQL,Hard,https://github.com/ST0258/project,C0258,Google Data Analytics,edX,Completed,I0258,Infosys,Cloud Intern,3 Months,Completed,R0258,46,52,9,ATS-Friendly,Needs Improvement
ST0259,Qabil Kapoor,dhruv01@example.net,NIT Rourkela,ECE,4,2027-09-05,5,Amazon,ML Engineer,124,44,5,1423,LeetCode,65,72,67,68,63,P0259,Movie Recommendation System,Flask,Hard,https://github.com/ST0259/project,C0259,Cloud Computing,edX,Completed,I0259,Infosys,Web Developer Intern,3 Months,Not Started,R0259,55,62,12,Modern,Average
ST0260,Rayaan Guha,ria50@example.net,NIT Rourkela,EEE,4,2027-10-17,9,TCS,Full Stack Developer,431,204,64,2132,LeetCode,88,94,95,91,99,P0260,Expense Tracker,MongoDB,Easy,https://github.com/ST0260/project,C0260,Data Structures and Algorithms,Udemy,In Progress,I0260,Oracle,Python Developer Intern,2 Months,Ongoing,R0260,91,93,21,Basic,Excellent
ST0261,Aditya Chowdhury,kalpitdey@example.com,IIT Bhubaneswar,EEE,4,2027-08-08,4,Capgemini,Backend Developer,116,49,7,1516,LeetCode,65,56,71,64,68,P0261,Hospital Management System,MongoDB,Hard,https://github.com/ST0261/project,C0261,SQL for Data Science,edX,Completed,I0261,Wipro,Web Developer Intern,2 Months,Not Started,R0261,59,70,15,Modern,Average
ST0262,Advaith Bose,leelagade@example.org,IIT Bhubaneswar,IT,4,2027-10-03,2,Adobe,Data Analyst,36,9,2,1266,LeetCode,37,48,39,37,43,P0262,AI Resume Analyzer,Flask,Hard,https://github.com/ST0262/project,C0262,SQL for Data Science,edX,In Progress,I0262,Amazon,Frontend Intern,2 Months,Not Started,R0262,46,44,7,ATS-Friendly,Needs Improvement
ST0263,Tripti Palla,utkarsh34@example.org,NIT Rourkela,IT,4,2027-10-28,6,Microsoft,Data Scientist,179,172,31,1678,LeetCode,75,79,80,85,87,P0263,Student Management System,Java,Hard,https://github.com/ST0263/project,C0263,Cloud Computing,GeeksforGeeks,In Progress,I0263,Capgemini,Frontend Intern,1 Month,Not Started,R0263,75,82,16,ATS-Friendly,Good
ST0264,Gagan Sankar,loganreddy@example.org,KIIT,EEE,3,2027-08-16,8,Accenture,ML Engineer,432,254,81,2197,LeetCode,97,89,93,85,86,P0264,Movie Recommendation System,Flask,Hard,https://github.com/ST0264/project,C0264,Cyber Security Essentials,NPTEL,In Progress,I0264,TCS,ML Intern,1 Month,Ongoing,R0264,94,86,23,Modern,Excellent
ST0265,Tripti Sehgal,pranavsha@example.net,IIT Bhubaneswar,IT,3,2027-12-18,8,Microsoft,ML Engineer,437,203,94,2140,LeetCode,93,91,99,85,91,P0265,Online Quiz System,Node.js,Medium,https://github.com/ST0265/project,C0265,Full Stack Web Development,NPTEL,In Progress,I0265,Oracle,ML Intern,2 Months,Completed,R0265,90,85,24,Basic,Excellent
ST0266,Ranbir Mitra,kotalajita@example.com,KIIT,ECE,3,2027-10-14,6,Wipro,Frontend Developer,207,152,34,1788,LeetCode,70,81,88,80,80,P0266,Face Recognition System,FastAPI,Easy,https://github.com/ST0266/project,C0266,NPTEL Computer Networks,GeeksforGeeks,Completed,I0266,TCS,Cloud Intern,6 Months,Not Started,R0266,77,84,16,Basic,Good
ST0267,Vivaan Sastry,ydubey@example.net,VSSUT,ECE,4,2027-12-13,4,Microsoft,Backend Developer,85,71,14,1463,LeetCode,71,70,57,64,69,P0267,Hospital Management System,Django,Hard,https://github.com/ST0267/project,C0267,Cloud Computing,NPTEL,In Progress,I0267,Amazon,Frontend Intern,3 Months,Completed,R0267,60,74,14,Modern,Average
ST0268,Gunbir Nagarajan,aadhya45@example.com,SOA University,IT,3,2027-12-12,10,Wipro,Frontend Developer,279,173,86,2164,LeetCode,91,93,97,99,89,P0268,Expense Tracker,C++,Medium,https://github.com/ST0268/project,C0268,React Development,edX,In Progress,I0268,Wipro,Cloud Intern,1 Month,Not Started,R0268,89,93,23,Modern,Excellent
ST0269,Wahab Gill,rudranayar@example.net,SOA University,ECE,4,2027-11-14,6,Wipro,Backend Developer,237,86,48,1729,LeetCode,90,87,74,89,84,P0269,Online Quiz System,Java,Medium,https://github.com/ST0269/project,C0269,NPTEL DBMS,Coursera,Completed,I0269,Cognizant,ML Intern,6 Months,Completed,R0269,80,88,18,ATS-Friendly,Excellent
ST0270,Jonathan Chana,adya90@example.com,VSSUT,EEE,4,2028-01-10,8,Amazon,Software Engineer,269,205,47,2126,LeetCode,87,98,87,88,96,P0270,Expense Tracker,FastAPI,Easy,https://github.com/ST0270/project,C0270,Google Data Analytics,GeeksforGeeks,Completed,I0270,Wipro,Data Analyst Intern,3 Months,Not Started,R0270,91,99,18,Modern,Excellent
ST0271,Ranbir Nazareth,krishnachahal@example.org,KIIT,CSE,4,2027-09-07,5,Capgemini,Frontend Developer,115,54,10,1548,LeetCode,64,61,68,73,57,P0271,Placement Prediction System,Java,Hard,https://github.com/ST0271/project,C0271,Java Programming,edX,In Progress,I0271,Amazon,Frontend Intern,2 Months,Ongoing,R0271,68,65,10,Modern,Good
ST0272,Brijesh Suresh,chowdhuryanvi@example.org,KIIT,Mechanical,4,2027-12-20,4,Amazon,Frontend Developer,135,76,18,1416,LeetCode,59,68,72,65,69,P0272,Library Management System,Node.js,Hard,https://github.com/ST0272/project,C0272,React Development,Coursera,In Progress,I0272,Cognizant,Software Developer Intern,1 Month,Completed,R0272,66,65,15,ATS-Friendly,Good
ST0273,Onveer Bassi,girindra02@example.net,SOA University,EEE,4,2028-01-08,10,Adobe,Frontend Developer,338,150,52,1853,LeetCode,97,93,87,96,100,P0273,Library Management System,Django,Medium,https://github.com/ST0273/project,C0273,Java Programming,Udemy,In Progress,I0273,Microsoft,Python Developer Intern,2 Months,Ongoing,R0273,90,85,19,Modern,Excellent
ST0274,Ikshita Ramesh,mugdharao@example.org,IIT Bhubaneswar,Mechanical,3,2027-09-13,9,Oracle,Full Stack Developer,441,163,97,2199,LeetCode,86,86,88,96,98,P0274,Placement Prediction System,Django,Hard,https://github.com/ST0274/project,C0274,AWS Cloud Practitioner,edX,In Progress,I0274,Amazon,ML Intern,6 Months,Ongoing,R0274,98,99,25,ATS-Friendly,Excellent
ST0275,Tamanna Gandhi,abasak@example.com,SOA University,CSE,3,2027-11-09,2,Adobe,Software Engineer,73,19,4,1174,LeetCode,38,59,58,56,38,P0275,Library Management System,Django,Medium,https://github.com/ST0275/project,C0275,Artificial Intelligence Basics,Coursera,Completed,I0275,Amazon,Cloud Intern,1 Month,Ongoing,R0275,30,41,10,Modern,Needs Improvement
ST0276,Jyoti Krish,mkuruvilla@example.net,KIIT,IT,4,2027-11-17,3,Accenture,Data Analyst,26,27,4,1082,LeetCode,49,57,40,60,42,P0276,Bank Management System,React,Easy,https://github.com/ST0276/project,C0276,Data Structures and Algorithms,Udemy,Completed,I0276,Microsoft,Data Analyst Intern,3 Months,Not Started,R0276,38,48,9,Modern,Needs Improvement
ST0277,Turvi Dixit,hkrishna@example.net,SOA University,ECE,4,2027-12-07,5,Google,Full Stack Developer,143,49,18,1436,LeetCode,61,73,70,66,66,P0277,Portfolio Website,Node.js,Easy,https://github.com/ST0277/project,C0277,Python for Everybody,NPTEL,In Progress,I0277,Infosys,Cloud Intern,3 Months,Not Started,R0277,56,63,13,Basic,Average
ST0278,Jonathan Pathak,narayanteerth@example.com,KIIT,Mechanical,4,2027-08-09,3,Capgemini,Frontend Developer,44,24,2,1307,LeetCode,52,39,45,50,35,P0278,Library Management System,Java,Medium,https://github.com/ST0278/project,C0278,SQL for Data Science,edX,Completed,I0278,Oracle,ML Intern,1 Month,Completed,R0278,37,48,6,Basic,Needs Improvement
ST0279,Jack Sekhon,banerjeethomas@example.net,NIT Rourkela,Mechanical,3,2027-08-09,7,Microsoft,Data Scientist,150,91,39,1755,LeetCode,88,80,89,83,89,P0279,Chatbot,C++,Hard,https://github.com/ST0279/project,C0279,Cloud Computing,NPTEL,In Progress,I0279,Accenture,Software Developer Intern,1 Month,Not Started,R0279,74,88,17,Basic,Good
ST0280,Chanchal Prabhu,yastitata@example.com,IIT Bhubaneswar,IT,3,2028-01-16,8,Accenture,Data Analyst,264,205,72,1858,LeetCode,85,92,86,91,94,P0280,Bank Management System,Flask,Easy,https://github.com/ST0280/project,C0280,Data Structures and Algorithms,NPTEL,Completed,I0280,Capgemini,Software Developer Intern,2 Months,Completed,R0280,100,90,25,Basic,Excellent
ST0281,Upma Tank,dayita98@example.org,SOA University,EEE,4,2027-08-30,8,Google,ML Engineer,276,152,46,1949,LeetCode,87,100,95,87,94,P0281,Weather App,MySQL,Easy,https://github.com/ST0281/project,C0281,React Development,Udemy,In Progress,I0281,Google,ML Intern,2 Months,Not Started,R0281,94,89,25,Basic,Excellent
ST0282,Matthew Banik,omore@example.com,KIIT,ECE,3,2028-01-04,2,Oracle,Data Scientist,46,11,2,1278,LeetCode,43,37,45,49,58,P0282,Online Quiz System,Node.js,Medium,https://github.com/ST0282/project,C0282,NPTEL DBMS,Coursera,In Progress,I0282,Infosys,Web Developer Intern,6 Months,Not Started,R0282,35,49,5,Basic,Needs Improvement
ST0283,Wyatt Dutt,lajitatella@example.net,VSSUT,IT,4,2028-01-08,4,Accenture,Backend Developer,112,78,19,1444,LeetCode,62,57,59,73,70,P0283,Bank Management System,React,Medium,https://github.com/ST0283/project,C0283,AWS Cloud Practitioner,Udemy,Completed,I0283,Capgemini,Cloud Intern,1 Month,Not Started,R0283,55,62,14,ATS-Friendly,Average
ST0284,Girik Palan,mangatekani@example.net,IIT Bhubaneswar,IT,4,2027-10-26,6,Oracle,ML Engineer,210,89,23,1730,LeetCode,83,84,76,83,76,P0284,AI Resume Analyzer,FastAPI,Easy,https://github.com/ST0284/project,C0284,Artificial Intelligence Basics,NPTEL,In Progress,I0284,Amazon,Web Developer Intern,2 Months,Ongoing,R0284,85,82,15,Basic,Excellent
ST0285,Raksha Puri,vchaudry@example.net,IIT Bhubaneswar,EEE,3,2027-11-25,5,Google,Backend Developer,84,59,10,1533,LeetCode,59,69,63,70,56,P0285,Attendance Management System,Java,Hard,https://github.com/ST0285/project,C0285,Artificial Intelligence Basics,GeeksforGeeks,Completed,I0285,Capgemini,ML Intern,6 Months,Ongoing,R0285,55,60,13,Basic,Average
ST0286,Elijah Bhandari,gargzashil@example.org,KIIT,Mechanical,4,2027-09-16,7,Amazon,Frontend Developer,244,160,37,1660,LeetCode,73,82,70,81,89,P0286,Hospital Management System,Node.js,Medium,https://github.com/ST0286/project,C0286,Cyber Security Essentials,NPTEL,Completed,I0286,Cognizant,ML Intern,6 Months,Completed,R0286,78,77,20,ATS-Friendly,Good
ST0287,Meera Bir,rbail@example.com,IIT Bhubaneswar,Mechanical,4,2027-10-21,4,Adobe,Software Engineer,121,60,14,1420,LeetCode,70,71,66,64,58,P0287,E-Commerce Website,MySQL,Easy,https://github.com/ST0287/project,C0287,React Development,Udemy,In Progress,I0287,Wipro,Web Developer Intern,1 Month,Ongoing,R0287,55,64,12,ATS-Friendly,Average
ST0288,Jack Sethi,faqid27@example.net,KIIT,ECE,4,2027-08-02,8,Oracle,ML Engineer,259,268,71,1994,LeetCode,90,93,91,86,94,P0288,Bank Management System,MongoDB,Hard,https://github.com/ST0288/project,C0288,NPTEL DBMS,NPTEL,Completed,I0288,Amazon,Software Developer Intern,6 Months,Not Started,R0288,100,92,23,Basic,Excellent
ST0289,Saumya Sarma,borrakashish@example.com,KIIT,IT,4,2027-09-08,9,Capgemini,ML Engineer,390,163,56,1836,LeetCode,87,86,92,86,88,P0289,Bank Management System,Java,Easy,https://github.com/ST0289/project,C0289,Java Programming,Udemy,In Progress,I0289,Amazon,Web Developer Intern,1 Month,Completed,R0289,98,86,24,Modern,Excellent
ST0290,Charita Narayanan,ekaraj54@example.com,SOA University,CSE,4,2027-09-20,6,Capgemini,ML Engineer,189,124,33,1682,LeetCode,87,86,90,84,90,P0290,Portfolio Website,React,Medium,https://github.com/ST0290/project,C0290,Python Programming,Udemy,In Progress,I0290,Cognizant,Frontend Intern,1 Month,Not Started,R0290,71,90,20,ATS-Friendly,Good
ST0291,Sara Chadha,mitali54@example.net,NIT Rourkela,Mechanical,4,2027-08-04,9,Microsoft,Data Analyst,299,260,42,1914,LeetCode,97,91,95,93,89,P0291,Hospital Management System,Java,Medium,https://github.com/ST0291/project,C0291,Full Stack Web Development,Coursera,In Progress,I0291,Google,Frontend Intern,2 Months,Completed,R0291,86,92,25,ATS-Friendly,Excellent
ST0292,Ati Ram,manesimon@example.org,NIT Rourkela,EEE,3,2027-09-25,9,Oracle,Software Engineer,339,286,69,2144,LeetCode,98,90,87,89,90,P0292,Movie Recommendation System,Python,Hard,https://github.com/ST0292/project,C0292,Java Programming,NPTEL,In Progress,I0292,Capgemini,ML Intern,1 Month,Completed,R0292,86,92,25,Modern,Excellent
ST0293,Upasna Tella,hemang87@example.net,NIT Rourkela,EEE,4,2027-10-15,6,Adobe,Software Engineer,228,94,28,1617,LeetCode,73,80,87,88,78,P0293,Student Management System,Flask,Medium,https://github.com/ST0293/project,C0293,SQL for Data Science,NPTEL,In Progress,I0293,Google,Backend Intern,6 Months,Completed,R0293,71,90,17,ATS-Friendly,Good
ST0294,Chandran Bala,kalarehaan@example.org,IIT Bhubaneswar,CSE,4,2027-12-23,8,Adobe,Data Scientist,394,276,43,2194,LeetCode,93,95,94,95,99,P0294,Online Quiz System,Node.js,Hard,https://github.com/ST0294/project,C0294,Machine Learning,Udemy,In Progress,I0294,Cognizant,Software Developer Intern,3 Months,Ongoing,R0294,92,91,19,ATS-Friendly,Excellent
ST0295,Vincent Singhal,badamigaurang@example.com,KIIT,IT,3,2027-11-07,4,Google,Full Stack Developer,144,53,14,1554,LeetCode,59,72,62,56,60,P0295,Library Management System,Java,Medium,https://github.com/ST0295/project,C0295,Cloud Computing,GeeksforGeeks,Completed,I0295,Oracle,Web Developer Intern,2 Months,Not Started,R0295,63,68,12,ATS-Friendly,Average
ST0296,Isaac Loyal,chasmummammen@example.org,VSSUT,CSE,3,2027-09-11,2,Google,Backend Developer,67,1,4,1073,LeetCode,58,60,37,38,47,P0296,Library Management System,Django,Medium,https://github.com/ST0296/project,C0296,Machine Learning,edX,In Progress,I0296,Microsoft,Python Developer Intern,1 Month,Ongoing,R0296,45,41,10,ATS-Friendly,Needs Improvement
ST0297,Zarna Sami,fswamy@example.org,KIIT,CSE,3,2027-10-16,10,Google,Backend Developer,377,165,67,1903,LeetCode,92,98,85,98,95,P0297,Student Management System,MySQL,Hard,https://github.com/ST0297/project,C0297,Java Programming,Udemy,Completed,I0297,Microsoft,Web Developer Intern,2 Months,Not Started,R0297,100,87,22,Modern,Excellent
ST0298,Ekanta Goyal,katajai@example.net,SOA University,CSE,3,2028-01-03,4,Amazon,Software Engineer,80,78,17,1584,LeetCode,66,60,57,58,70,P0298,Online Quiz System,FastAPI,Hard,https://github.com/ST0298/project,C0298,Python for Everybody,Coursera,Completed,I0298,Amazon,Software Developer Intern,1 Month,Not Started,R0298,65,65,15,Modern,Good
ST0299,Champak Kadakia,vrattan@example.net,IIT Bhubaneswar,EEE,3,2027-08-01,9,Microsoft,ML Engineer,351,272,53,1824,LeetCode,89,89,90,98,93,P0299,Chatbot,MySQL,Hard,https://github.com/ST0299/project,C0299,Full Stack Web Development,Coursera,Completed,I0299,Microsoft,Data Analyst Intern,2 Months,Ongoing,R0299,96,86,21,ATS-Friendly,Excellent
ST0300,Vivaan Goel,wakeetabatta@example.org,KIIT,EEE,3,2027-10-26,5,TCS,Full Stack Developer,86,52,15,1473,LeetCode,74,71,67,67,69,P0300,Face Recognition System,FastAPI,Medium,https://github.com/ST0300/project,C0300,Cyber Security Essentials,Udemy,In Progress,I0300,Accenture,Frontend Intern,1 Month,Ongoing,R0300,61,65,14,ATS-Friendly,Average
ST0301,Ridhi Ahuja,forum44@example.org,NIT Rourkela,ECE,3,2028-01-09,6,Microsoft,ML Engineer,208,80,36,1671,LeetCode,90,71,88,78,87,P0301,Expense Tracker,MySQL,Easy,https://github.com/ST0301/project,C0301,Python for Everybody,NPTEL,Completed,I0301,Amazon,Backend Intern,1 Month,Not Started,R0301,78,79,19,ATS-Friendly,Good
ST0302,Hardik Balasubramanian,fpradhan@example.com,SOA University,Mechanical,4,2027-08-13,4,Accenture,Backend Developer,143,80,7,1578,LeetCode,68,60,72,70,74,P0302,Online Quiz System,C++,Hard,https://github.com/ST0302/project,C0302,Google Data Analytics,Udemy,Completed,I0302,Wipro,Python Developer Intern,2 Months,Not Started,R0302,58,70,13,Modern,Average
ST0303,Aachal Sheth,teerthravi@example.net,KIIT,Mechanical,3,2028-01-02,5,Accenture,Software Engineer,108,42,11,1409,LeetCode,57,74,57,59,69,P0303,E-Commerce Website,C++,Medium,https://github.com/ST0303/project,C0303,Machine Learning,NPTEL,Completed,I0303,TCS,Web Developer Intern,2 Months,Completed,R0303,62,62,10,ATS-Friendly,Average
ST0304,Brinda Kar,teerthjaggi@example.com,KIIT,EEE,4,2027-10-14,2,Google,ML Engineer,70,23,2,1055,LeetCode,57,48,43,47,41,P0304,Chatbot,C++,Medium,https://github.com/ST0304/project,C0304,NPTEL Computer Networks,Coursera,Completed,I0304,Google,ML Intern,3 Months,Completed,R0304,41,50,5,ATS-Friendly,Needs Improvement
ST0305,Upasna Seshadri,vsarin@example.net,NIT Rourkela,ECE,3,2027-09-19,6,Microsoft,Backend Developer,222,175,42,1730,LeetCode,78,87,87,90,85,P0305,Chatbot,React,Hard,https://github.com/ST0305/project,C0305,Data Structures and Algorithms,GeeksforGeeks,In Progress,I0305,Wipro,Data Analyst Intern,2 Months,Not Started,R0305,80,79,15,Modern,Excellent
ST0306,Harish Rau,nathanlala@example.com,IIT Bhubaneswar,ECE,3,2027-11-29,2,Accenture,Frontend Developer,37,21,1,1311,LeetCode,39,55,41,42,55,P0306,Movie Recommendation System,Django,Easy,https://github.com/ST0306/project,C0306,React Development,edX,Completed,I0306,Cognizant,Web Developer Intern,6 Months,Completed,R0306,44,48,10,Basic,Needs Improvement
ST0307,Qarin Bhavsar,anaybarman@example.org,NIT Rourkela,ECE,3,2027-12-29,3,Oracle,Full Stack Developer,72,3,2,1168,LeetCode,48,48,50,43,50,P0307,Online Quiz System,React,Easy,https://github.com/ST0307/project,C0307,AWS Cloud Practitioner,Coursera,Completed,I0307,Infosys,Backend Intern,2 Months,Completed,R0307,48,46,10,Basic,Needs Improvement
ST0308,Wriddhish Rai,alexanderbora@example.com,VSSUT,CSE,4,2027-12-06,6,Microsoft,Backend Developer,230,103,46,1742,LeetCode,83,81,71,73,71,P0308,Attendance Management System,Node.js,Easy,https://github.com/ST0308/project,C0308,Google Data Analytics,Udemy,Completed,I0308,TCS,Frontend Intern,6 Months,Not Started,R0308,80,80,15,Modern,Excellent
ST0309,Widisha Ram,qushi56@example.com,IIT Bhubaneswar,ECE,4,2028-01-09,3,Adobe,Data Scientist,11,11,0,1119,LeetCode,46,44,39,36,60,P0309,E-Commerce Website,C++,Medium,https://github.com/ST0309/project,C0309,NPTEL Computer Networks,GeeksforGeeks,Completed,I0309,Microsoft,Frontend Intern,6 Months,Ongoing,R0309,31,40,7,Modern,Needs Improvement
ST0310,Yashodhara Ramakrishnan,bhavna80@example.org,SOA University,Mechanical,4,2027-09-21,10,Google,Data Scientist,421,229,84,1853,LeetCode,93,87,94,96,86,P0310,Chatbot,Flask,Hard,https://github.com/ST0310/project,C0310,Python for Everybody,Coursera,Completed,I0310,Capgemini,Python Developer Intern,3 Months,Not Started,R0310,88,91,22,Basic,Excellent
ST0311,Zayan Seth,wbalay@example.net,NIT Rourkela,ECE,4,2027-10-19,8,Microsoft,Full Stack Developer,310,170,79,1816,LeetCode,95,96,85,93,95,P0311,Hospital Management System,React,Easy,https://github.com/ST0311/project,C0311,React Development,Udemy,In Progress,I0311,Oracle,Software Developer Intern,3 Months,Not Started,R0311,94,85,25,Basic,Excellent
ST0312,Theodore Warrior,sai89@example.net,IIT Bhubaneswar,CSE,4,2027-10-12,9,Microsoft,Data Analyst,260,271,51,2251,LeetCode,98,88,99,90,97,P0312,E-Commerce Website,Python,Easy,https://github.com/ST0312/project,C0312,Cloud Computing,edX,In Progress,I0312,Accenture,Backend Intern,1 Month,Not Started,R0312,88,93,24,ATS-Friendly,Excellent
ST0313,Samuel Wason,anita14@example.net,NIT Rourkela,ECE,3,2028-01-03,5,Microsoft,Frontend Developer,128,70,20,1402,LeetCode,74,55,70,62,65,P0313,Face Recognition System,Node.js,Medium,https://github.com/ST0313/project,C0313,Python Programming,NPTEL,Completed,I0313,Microsoft,Frontend Intern,3 Months,Not Started,R0313,70,65,13,Basic,Good
ST0314,Anusha Thakkar,upadhyayomisha@example.net,SOA University,IT,3,2027-10-15,4,Google,ML Engineer,113,78,6,1547,LeetCode,63,72,74,70,67,P0314,Student Management System,Java,Easy,https://github.com/ST0314/project,C0314,Artificial Intelligence Basics,Udemy,Completed,I0314,Microsoft,Cloud Intern,3 Months,Completed,R0314,58,61,10,ATS-Friendly,Average
ST0315,Aarnav Saini,rrandhawa@example.net,IIT Bhubaneswar,EEE,4,2027-09-15,5,Oracle,Software Engineer,138,38,19,1518,LeetCode,63,59,71,62,65,P0315,Hospital Management System,MySQL,Easy,https://github.com/ST0315/project,C0315,Python Programming,edX,Completed,I0315,Amazon,Python Developer Intern,2 Months,Ongoing,R0315,62,60,13,Modern,Average
ST0316,Yash Rajan,niteshchakraborty@example.org,SOA University,Mechanical,3,2027-08-28,5,Accenture,Frontend Developer,136,43,5,1420,LeetCode,57,63,61,66,71,P0316,Attendance Management System,Flask,Easy,https://github.com/ST0316/project,C0316,NPTEL Computer Networks,NPTEL,In Progress,I0316,TCS,ML Intern,6 Months,Not Started,R0316,66,65,15,Modern,Good
ST0317,Netra Shere,omaja86@example.com,KIIT,CSE,4,2027-12-13,7,Accenture,ML Engineer,153,99,42,1670,LeetCode,75,77,89,76,84,P0317,Movie Recommendation System,React,Hard,https://github.com/ST0317/project,C0317,AWS Cloud Practitioner,Udemy,Completed,I0317,TCS,Software Developer Intern,2 Months,Not Started,R0317,83,79,14,ATS-Friendly,Excellent
ST0318,Mekhala Pradhan,epatil@example.com,IIT Bhubaneswar,ECE,3,2028-01-16,10,Oracle,Full Stack Developer,370,279,66,2230,LeetCode,88,85,92,95,97,P0318,Weather App,Flask,Hard,https://github.com/ST0318/project,C0318,Machine Learning,Coursera,Completed,I0318,TCS,ML Intern,6 Months,Not Started,R0318,92,90,24,Modern,Excellent
ST0319,Aarush Ram,tripathirushil@example.org,NIT Rourkela,CSE,3,2027-09-06,7,Wipro,Software Engineer,168,129,49,1601,LeetCode,71,89,70,90,87,P0319,Hospital Management System,C++,Hard,https://github.com/ST0319/project,C0319,SQL for Data Science,Udemy,Completed,I0319,Cognizant,ML Intern,1 Month,Completed,R0319,74,87,14,ATS-Friendly,Good
ST0320,Kala Cheema,masonwali@example.net,IIT Bhubaneswar,Mechanical,4,2027-12-03,3,Adobe,Data Scientist,26,9,1,1014,LeetCode,50,50,44,50,57,P0320,Online Quiz System,MongoDB,Medium,https://github.com/ST0320/project,C0320,SQL for Data Science,Coursera,In Progress,I0320,Accenture,Software Developer Intern,2 Months,Completed,R0320,35,57,5,Modern,Needs Improvement
ST0321,Aarna Dugar,qushideshmukh@example.com,IIT Bhubaneswar,ECE,3,2028-01-22,2,Microsoft,Software Engineer,28,25,2,1232,LeetCode,55,50,51,56,37,P0321,Hospital Management System,Python,Easy,https://github.com/ST0321/project,C0321,NPTEL Computer Networks,Coursera,Completed,I0321,Cognizant,Software Developer Intern,2 Months,Completed,R0321,51,54,10,ATS-Friendly,Average
ST0322,Sanya Shetty,tanveergarde@example.net,KIIT,Mechanical,3,2027-10-31,3,Google,Backend Developer,76,1,2,1283,LeetCode,47,54,50,54,46,P0322,Library Management System,Java,Medium,https://github.com/ST0322/project,C0322,AWS Cloud Practitioner,NPTEL,In Progress,I0322,Oracle,ML Intern,3 Months,Ongoing,R0322,31,52,10,Basic,Needs Improvement
ST0323,Pranit Gandhi,xmurthy@example.net,SOA University,CSE,4,2027-08-01,3,TCS,Backend Developer,63,8,1,1252,LeetCode,55,57,46,46,38,P0323,E-Commerce Website,Java,Easy,https://github.com/ST0323/project,C0323,Python for Everybody,GeeksforGeeks,In Progress,I0323,Wipro,Cloud Intern,6 Months,Ongoing,R0323,49,43,7,Modern,Needs Improvement
ST0324,Matthew Mander,eiravati68@example.com,KIIT,EEE,4,2027-11-15,8,Accenture,Data Analyst,448,157,63,2123,LeetCode,100,96,88,100,92,P0324,Student Management System,Django,Medium,https://github.com/ST0324/project,C0324,Python for Everybody,Coursera,Completed,I0324,Accenture,ML Intern,1 Month,Ongoing,R0324,98,100,23,Modern,Excellent
ST0325,Reyansh Hans,mohammed79@example.com,SOA University,EEE,3,2027-12-30,3,Google,Full Stack Developer,22,30,1,1124,LeetCode,41,49,56,46,49,P0325,Face Recognition System,Node.js,Medium,https://github.com/ST0325/project,C0325,NPTEL Computer Networks,GeeksforGeeks,In Progress,I0325,Capgemini,Backend Intern,1 Month,Ongoing,R0325,34,59,5,Basic,Needs Improvement
ST0326,Owen Narain,zjaggi@example.org,SOA University,Mechanical,4,2027-09-12,3,Capgemini,Software Engineer,29,26,5,1325,LeetCode,56,51,47,46,47,P0326,Bank Management System,Node.js,Medium,https://github.com/ST0326/project,C0326,React Development,edX,Completed,I0326,Google,Web Developer Intern,3 Months,Ongoing,R0326,30,52,5,ATS-Friendly,Needs Improvement
ST0327,Nidhi Sankar,gcontractor@example.com,KIIT,Mechanical,3,2027-09-26,9,Wipro,Data Scientist,418,187,98,2177,LeetCode,93,88,85,99,100,P0327,Portfolio Website,MySQL,Medium,https://github.com/ST0327/project,C0327,React Development,GeeksforGeeks,Completed,I0327,Capgemini,Software Developer Intern,6 Months,Ongoing,R0327,91,93,22,ATS-Friendly,Excellent
ST0328,Ishani Upadhyay,omya80@example.com,NIT Rourkela,EEE,3,2027-09-18,5,Microsoft,Frontend Developer,96,37,16,1599,LeetCode,72,56,71,64,59,P0328,Placement Prediction System,MongoDB,Medium,https://github.com/ST0328/project,C0328,SQL for Data Science,GeeksforGeeks,Completed,I0328,TCS,Backend Intern,6 Months,Completed,R0328,55,64,13,ATS-Friendly,Average
ST0329,Isaac Peri,osarkar@example.com,VSSUT,EEE,3,2027-09-03,5,Wipro,Full Stack Developer,122,66,6,1597,LeetCode,56,69,71,58,69,P0329,Chatbot,C++,Easy,https://github.com/ST0329/project,C0329,Cyber Security Essentials,Coursera,In Progress,I0329,TCS,Backend Intern,1 Month,Not Started,R0329,61,63,10,Modern,Average
ST0330,Eshana Minhas,kdasgupta@example.net,IIT Bhubaneswar,IT,4,2027-10-17,7,Microsoft,Software Engineer,212,169,39,1720,LeetCode,76,74,81,73,88,P0330,Placement Prediction System,FastAPI,Easy,https://github.com/ST0330/project,C0330,NPTEL Computer Networks,NPTEL,In Progress,I0330,Accenture,Frontend Intern,1 Month,Ongoing,R0330,79,77,17,Basic,Good
ST0331,Advaith Sagar,falguni61@example.org,IIT Bhubaneswar,Mechanical,4,2027-11-07,6,Accenture,Data Analyst,169,175,43,1657,LeetCode,86,87,90,79,83,P0331,Chatbot,Node.js,Medium,https://github.com/ST0331/project,C0331,Python for Everybody,Coursera,Completed,I0331,Infosys,Python Developer Intern,6 Months,Not Started,R0331,70,79,18,Basic,Good
ST0332,Ayushman Mutti,neha27@example.org,KIIT,EEE,3,2027-08-10,3,Google,ML Engineer,78,7,3,1216,LeetCode,52,60,58,55,35,P0332,Library Management System,Python,Medium,https://github.com/ST0332/project,C0332,Machine Learning,GeeksforGeeks,In Progress,I0332,Microsoft,Web Developer Intern,6 Months,Completed,R0332,50,53,8,Modern,Average
ST0333,Ishanvi Choudhary,maanassubramaniam@example.net,IIT Bhubaneswar,ECE,4,2027-10-30,4,Adobe,Backend Developer,95,34,19,1532,LeetCode,69,63,71,65,75,P0333,Expense Tracker,FastAPI,Easy,https://github.com/ST0333/project,C0333,Google Data Analytics,Udemy,In Progress,I0333,Google,Frontend Intern,1 Month,Ongoing,R0333,64,73,10,Basic,Average
ST0334,Anusha Nazareth,hmishra@example.org,NIT Rourkela,CSE,4,2027-09-30,7,Accenture,ML Engineer,181,96,44,1674,LeetCode,73,89,88,71,82,P0334,Weather App,C++,Medium,https://github.com/ST0334/project,C0334,React Development,NPTEL,In Progress,I0334,Oracle,Frontend Intern,1 Month,Ongoing,R0334,75,80,17,Basic,Good
ST0335,Anita Dayal,indrajitapte@example.com,VSSUT,EEE,3,2028-01-15,10,Amazon,Software Engineer,388,177,67,2113,LeetCode,94,93,96,92,97,P0335,Online Quiz System,C++,Medium,https://github.com/ST0335/project,C0335,Artificial Intelligence Basics,NPTEL,Completed,I0335,Microsoft,Data Analyst Intern,1 Month,Ongoing,R0335,94,99,23,Basic,Excellent
ST0336,Banjeet Wali,iratiwari@example.org,KIIT,ECE,4,2027-12-13,2,Microsoft,Data Scientist,33,12,3,1151,LeetCode,35,53,57,38,47,P0336,E-Commerce Website,MySQL,Hard,https://github.com/ST0336/project,C0336,Machine Learning,Coursera,Completed,I0336,Microsoft,Data Analyst Intern,1 Month,Ongoing,R0336,46,58,6,ATS-Friendly,Needs Improvement
ST0337,Netra Lala,hemaniyogi@example.org,KIIT,Mechanical,4,2028-01-20,10,Wipro,Full Stack Developer,426,202,91,1862,LeetCode,100,91,99,94,90,P0337,Expense Tracker,Node.js,Hard,https://github.com/ST0337/project,C0337,Artificial Intelligence Basics,Udemy,Completed,I0337,Cognizant,ML Intern,6 Months,Completed,R0337,100,100,24,ATS-Friendly,Excellent
ST0338,Yashodhara Balan,rishisubramanian@example.net,VSSUT,IT,3,2027-10-05,5,Microsoft,Backend Developer,90,32,19,1579,LeetCode,60,66,63,62,73,P0338,Placement Prediction System,C++,Hard,https://github.com/ST0338/project,C0338,Artificial Intelligence Basics,Udemy,In Progress,I0338,TCS,Web Developer Intern,1 Month,Not Started,R0338,58,64,12,Modern,Average
ST0339,Varsha Morar,qsibal@example.net,VSSUT,CSE,3,2027-09-12,10,Accenture,Software Engineer,349,281,40,2084,LeetCode,85,97,92,95,87,P0339,Expense Tracker,React,Easy,https://github.com/ST0339/project,C0339,Cyber Security Essentials,NPTEL,Completed,I0339,Wipro,Python Developer Intern,6 Months,Not Started,R0339,95,86,25,ATS-Friendly,Excellent
ST0340,Vamakshi Sahota,masondeep@example.net,VSSUT,CSE,3,2028-01-26,7,Google,ML Engineer,207,108,28,1623,LeetCode,78,85,88,75,79,P0340,Face Recognition System,Java,Easy,https://github.com/ST0340/project,C0340,AWS Cloud Practitioner,Udemy,In Progress,I0340,Google,Frontend Intern,3 Months,Ongoing,R0340,70,75,17,ATS-Friendly,Good
ST0341,Anmol Suri,borahinaya@example.net,KIIT,EEE,3,2028-01-25,3,Accenture,ML Engineer,19,27,5,1054,LeetCode,53,41,35,40,46,P0341,Face Recognition System,Node.js,Medium,https://github.com/ST0341/project,C0341,AWS Cloud Practitioner,Udemy,In Progress,I0341,Infosys,Software Developer Intern,2 Months,Not Started,R0341,45,50,5,Basic,Needs Improvement
ST0342,Amrita Wagle,skhanna@example.com,SOA University,CSE,3,2028-01-08,3,Google,Data Scientist,52,3,5,1175,LeetCode,55,45,57,43,45,P0342,Face Recognition System,Java,Hard,https://github.com/ST0342/project,C0342,Java Programming,Udemy,Completed,I0342,TCS,Software Developer Intern,6 Months,Completed,R0342,40,47,10,Basic,Needs Improvement
ST0343,Tanish Sachar,hamsinimemon@example.org,SOA University,IT,4,2027-12-28,6,Adobe,Backend Developer,182,123,38,1765,LeetCode,84,80,86,85,72,P0343,Student Management System,Django,Medium,https://github.com/ST0343/project,C0343,Artificial Intelligence Basics,NPTEL,Completed,I0343,Cognizant,Software Developer Intern,6 Months,Completed,R0343,77,82,16,Basic,Good
ST0344,Ijaya Morar,dhruvnarayan@example.net,KIIT,Mechanical,4,2027-09-06,4,Adobe,Data Scientist,86,57,11,1449,LeetCode,56,66,61,60,65,P0344,Student Management System,Flask,Hard,https://github.com/ST0344/project,C0344,Artificial Intelligence Basics,Udemy,In Progress,I0344,Amazon,Software Developer Intern,6 Months,Not Started,R0344,58,75,11,Modern,Average
ST0345,Yashawini Panchal,wpanchal@example.org,VSSUT,ECE,4,2027-10-29,9,Infosys,Data Scientist,320,185,91,2000,LeetCode,88,92,85,95,94,P0345,Library Management System,MongoDB,Hard,https://github.com/ST0345/project,C0345,Cyber Security Essentials,GeeksforGeeks,Completed,I0345,Capgemini,Software Developer Intern,2 Months,Completed,R0345,91,99,23,Basic,Excellent
ST0346,Chaaya Chacko,dbatta@example.com,IIT Bhubaneswar,Mechanical,4,2027-08-01,7,Microsoft,Backend Developer,177,149,21,1774,LeetCode,82,88,73,71,83,P0346,AI Resume Analyzer,C++,Hard,https://github.com/ST0346/project,C0346,Java Programming,NPTEL,Completed,I0346,Cognizant,Web Developer Intern,3 Months,Ongoing,R0346,78,89,14,Modern,Good
ST0347,Gautami Yogi,cparsa@example.net,KIIT,Mechanical,4,2027-10-07,8,Wipro,Data Scientist,284,181,43,2225,LeetCode,100,93,96,85,86,P0347,E-Commerce Website,C++,Hard,https://github.com/ST0347/project,C0347,SQL for Data Science,GeeksforGeeks,In Progress,I0347,Accenture,Frontend Intern,1 Month,Not Started,R0347,85,92,23,Basic,Excellent
ST0348,Gaurav Luthra,aashi40@example.net,VSSUT,CSE,4,2027-08-29,5,Oracle,Data Scientist,104,58,13,1561,LeetCode,66,73,55,74,60,P0348,Movie Recommendation System,Java,Easy,https://github.com/ST0348/project,C0348,Artificial Intelligence Basics,Coursera,Completed,I0348,Google,Data Analyst Intern,2 Months,Completed,R0348,67,62,11,ATS-Friendly,Good
ST0349,Jasmit Padmanabhan,azaan34@example.org,SOA University,Mechanical,3,2027-08-21,10,Infosys,Backend Developer,314,176,97,1976,LeetCode,85,88,98,85,95,P0349,Chatbot,React,Medium,https://github.com/ST0349/project,C0349,Data Structures and Algorithms,edX,In Progress,I0349,Google,Frontend Intern,3 Months,Ongoing,R0349,98,90,24,Basic,Excellent
ST0350,Charvi Mitter,vagarwal@example.net,SOA University,Mechanical,4,2027-11-04,10,Oracle,Frontend Developer,426,242,97,2261,LeetCode,90,93,91,92,97,P0350,Student Management System,C++,Easy,https://github.com/ST0350/project,C0350,Full Stack Web Development,Udemy,Completed,I0350,Wipro,Frontend Intern,1 Month,Ongoing,R0350,92,95,18,Modern,Excellent
ST0351,Dhriti Ranganathan,aadhya77@example.net,VSSUT,EEE,3,2027-10-12,6,Microsoft,Backend Developer,161,88,48,1764,LeetCode,77,81,79,83,79,P0351,Weather App,MySQL,Easy,https://github.com/ST0351/project,C0351,Python Programming,GeeksforGeeks,In Progress,I0351,Infosys,Web Developer Intern,6 Months,Ongoing,R0351,79,75,15,Modern,Good
ST0352,Vanya Bala,urvashichaudhuri@example.org,IIT Bhubaneswar,CSE,4,2027-09-18,10,Oracle,Data Scientist,368,278,63,1811,LeetCode,86,98,97,97,90,P0352,Online Quiz System,Java,Medium,https://github.com/ST0352/project,C0352,Artificial Intelligence Basics,Udemy,Completed,I0352,Oracle,Software Developer Intern,3 Months,Ongoing,R0352,87,100,19,Modern,Excellent
ST0353,Saanvi Saxena,vedhika13@example.org,IIT Bhubaneswar,Mechanical,3,2027-10-11,8,TCS,Data Analyst,269,234,88,2158,LeetCode,98,100,92,96,91,P0353,E-Commerce Website,MySQL,Hard,https://github.com/ST0353/project,C0353,React Development,edX,Completed,I0353,Amazon,Data Analyst Intern,3 Months,Completed,R0353,100,93,19,Basic,Excellent
ST0354,Maanas Rama,omkaar64@example.org,SOA University,ECE,4,2027-12-24,8,Amazon,Frontend Developer,379,178,48,2266,LeetCode,96,87,90,94,91,P0354,Library Management System,Java,Easy,https://github.com/ST0354/project,C0354,NPTEL DBMS,Coursera,Completed,I0354,Cognizant,Software Developer Intern,6 Months,Not Started,R0354,91,100,25,Modern,Excellent
ST0355,Omaja Banik,yashoda89@example.com,NIT Rourkela,EEE,4,2027-09-11,8,Capgemini,Frontend Developer,297,266,48,2098,LeetCode,98,86,89,86,99,P0355,Attendance Management System,Django,Hard,https://github.com/ST0355/project,C0355,Artificial Intelligence Basics,edX,In Progress,I0355,TCS,Backend Intern,1 Month,Completed,R0355,86,89,23,ATS-Friendly,Excellent
ST0356,Barkha Tata,varughesewaida@example.net,NIT Rourkela,EEE,4,2027-08-04,4,Oracle,Software Engineer,147,70,16,1533,LeetCode,69,74,62,73,59,P0356,Placement Prediction System,FastAPI,Easy,https://github.com/ST0356/project,C0356,React Development,NPTEL,Completed,I0356,Microsoft,ML Intern,1 Month,Ongoing,R0356,69,72,13,Modern,Good
ST0357,Geetika Patla,kauljagdish@example.org,KIIT,Mechanical,3,2027-09-15,9,Google,Data Scientist,294,174,77,2044,LeetCode,87,85,100,95,87,P0357,Placement Prediction System,Node.js,Medium,https://github.com/ST0357/project,C0357,Cloud Computing,edX,Completed,I0357,Google,Python Developer Intern,2 Months,Completed,R0357,88,93,22,Basic,Excellent
ST0358,Sudiksha Thakkar,nilima15@example.net,KIIT,EEE,4,2027-10-30,10,Infosys,Software Engineer,326,214,58,2232,LeetCode,97,94,100,99,86,P0358,Placement Prediction System,C++,Medium,https://github.com/ST0358/project,C0358,Full Stack Web Development,NPTEL,In Progress,I0358,Oracle,Backend Intern,2 Months,Completed,R0358,96,88,23,ATS-Friendly,Excellent
ST0359,Janani Rao,gaurang23@example.com,NIT Rourkela,IT,4,2027-08-20,3,Adobe,ML Engineer,31,1,3,1308,LeetCode,40,56,53,37,41,P0359,AI Resume Analyzer,Python,Hard,https://github.com/ST0359/project,C0359,Cyber Security Essentials,edX,In Progress,I0359,Microsoft,Software Developer Intern,3 Months,Not Started,R0359,46,43,7,Basic,Needs Improvement
ST0360,Anirudh Sarin,trattan@example.com,KIIT,ECE,3,2027-11-07,3,Microsoft,Backend Developer,64,26,1,1057,LeetCode,44,37,46,45,49,P0360,Attendance Management System,Node.js,Easy,https://github.com/ST0360/project,C0360,React Development,NPTEL,Completed,I0360,Microsoft,Backend Intern,1 Month,Completed,R0360,37,40,7,ATS-Friendly,Needs Improvement
ST0361,Bhavya Subramanian,ikshitacherian@example.net,IIT Bhubaneswar,CSE,4,2027-11-01,8,Google,Software Engineer,298,216,48,2162,LeetCode,98,91,93,87,98,P0361,E-Commerce Website,Python,Hard,https://github.com/ST0361/project,C0361,Java Programming,Udemy,In Progress,I0361,Accenture,ML Intern,2 Months,Not Started,R0361,89,95,18,Basic,Excellent
ST0362,Samar Tata,duaharish@example.net,IIT Bhubaneswar,ECE,3,2027-12-30,3,Infosys,ML Engineer,51,15,5,1330,LeetCode,55,58,60,58,47,P0362,Weather App,FastAPI,Hard,https://github.com/ST0362/project,C0362,SQL for Data Science,GeeksforGeeks,Completed,I0362,Google,Backend Intern,1 Month,Completed,R0362,53,45,9,ATS-Friendly,Average
ST0363,Meera Kunda,fmaster@example.net,KIIT,EEE,3,2027-09-30,3,Microsoft,Backend Developer,37,22,4,1391,LeetCode,48,56,48,47,55,P0363,AI Resume Analyzer,MySQL,Medium,https://github.com/ST0363/project,C0363,Java Programming,NPTEL,In Progress,I0363,Amazon,Data Analyst Intern,2 Months,Ongoing,R0363,45,48,8,Modern,Needs Improvement
ST0364,Jagvi Narasimhan,lsundaram@example.com,NIT Rourkela,EEE,3,2027-11-15,6,TCS,ML Engineer,213,167,48,1693,LeetCode,89,79,83,90,86,P0364,Hospital Management System,Node.js,Medium,https://github.com/ST0364/project,C0364,Machine Learning,GeeksforGeeks,In Progress,I0364,Accenture,Frontend Intern,1 Month,Ongoing,R0364,82,85,16,Modern,Excellent
ST0365,Michael Sha,rajuyagnesh@example.org,NIT Rourkela,CSE,3,2027-09-07,4,Microsoft,Data Analyst,105,38,15,1457,LeetCode,60,74,61,56,72,P0365,Attendance Management System,Node.js,Hard,https://github.com/ST0365/project,C0365,Cloud Computing,edX,In Progress,I0365,Cognizant,Python Developer Intern,1 Month,Ongoing,R0365,57,63,11,ATS-Friendly,Average
ST0366,Vinaya Aurora,narangunnati@example.com,IIT Bhubaneswar,Mechanical,3,2027-08-27,3,Google,Data Scientist,63,9,1,1127,LeetCode,57,57,39,54,37,P0366,Attendance Management System,React,Hard,https://github.com/ST0366/project,C0366,Artificial Intelligence Basics,NPTEL,Completed,I0366,TCS,Frontend Intern,3 Months,Ongoing,R0366,40,44,5,ATS-Friendly,Needs Improvement
ST0367,Vyanjana Srivastava,qchokshi@example.net,VSSUT,Mechanical,3,2027-10-11,3,TCS,Data Scientist,54,30,1,1272,LeetCode,36,57,36,46,35,P0367,Bank Management System,FastAPI,Medium,https://github.com/ST0367/project,C0367,Python Programming,edX,Completed,I0367,Capgemini,Data Analyst Intern,6 Months,Completed,R0367,49,49,10,ATS-Friendly,Needs Improvement
ST0368,Hardik Parikh,fbahl@example.net,NIT Rourkela,Mechanical,3,2027-09-09,9,Infosys,Backend Developer,312,212,93,1859,LeetCode,95,90,86,85,85,P0368,Portfolio Website,Django,Hard,https://github.com/ST0368/project,C0368,NPTEL DBMS,edX,Completed,I0368,Microsoft,ML Intern,3 Months,Not Started,R0368,92,90,19,ATS-Friendly,Excellent
ST0369,Amaira Narasimhan,david56@example.net,IIT Bhubaneswar,ECE,4,2027-11-29,3,Infosys,Software Engineer,68,0,1,1244,LeetCode,56,44,39,42,56,P0369,Placement Prediction System,MySQL,Hard,https://github.com/ST0369/project,C0369,Python Programming,NPTEL,Completed,I0369,Infosys,Backend Intern,3 Months,Not Started,R0369,49,52,8,Modern,Needs Improvement
ST0370,Kritika Sarna,amritadhaliwal@example.org,SOA University,Mechanical,4,2027-12-29,10,Oracle,Full Stack Developer,344,246,65,2292,LeetCode,93,100,95,99,97,P0370,Portfolio Website,Java,Hard,https://github.com/ST0370/project,C0370,NPTEL DBMS,GeeksforGeeks,Completed,I0370,Oracle,Cloud Intern,3 Months,Not Started,R0370,88,99,25,Basic,Excellent
ST0371,Meera Divan,daksh27@example.org,IIT Bhubaneswar,IT,4,2027-11-20,4,Accenture,Data Analyst,84,34,11,1419,LeetCode,70,68,63,68,69,P0371,E-Commerce Website,Java,Easy,https://github.com/ST0371/project,C0371,Google Data Analytics,Coursera,Completed,I0371,Capgemini,Data Analyst Intern,6 Months,Completed,R0371,66,67,13,Modern,Good
ST0372,Shravya Gour,kalpit31@example.net,VSSUT,IT,4,2028-01-26,8,Oracle,Data Analyst,292,225,68,2061,LeetCode,99,89,86,87,86,P0372,Chatbot,MongoDB,Hard,https://github.com/ST0372/project,C0372,Artificial Intelligence Basics,Udemy,In Progress,I0372,Oracle,Web Developer Intern,1 Month,Completed,R0372,94,96,24,Basic,Excellent
ST0373,Unni Cherian,ekapad79@example.net,NIT Rourkela,ECE,4,2027-10-27,4,Capgemini,Frontend Developer,87,69,16,1435,LeetCode,73,66,72,57,60,P0373,Online Quiz System,Django,Medium,https://github.com/ST0373/project,C0373,Python Programming,Coursera,In Progress,I0373,Amazon,Data Analyst Intern,2 Months,Not Started,R0373,67,64,10,ATS-Friendly,Good
ST0374,Qabil Gill,butalaaditya@example.net,SOA University,EEE,4,2028-01-18,7,Amazon,Frontend Developer,218,178,36,1695,LeetCode,72,77,76,81,76,P0374,AI Resume Analyzer,MongoDB,Easy,https://github.com/ST0374/project,C0374,Full Stack Web Development,Udemy,Completed,I0374,Infosys,Web Developer Intern,3 Months,Completed,R0374,82,86,19,Modern,Excellent
ST0375,Meera D’Alia,basugopal@example.org,VSSUT,IT,3,2027-12-10,3,Accenture,Data Scientist,68,15,3,1055,LeetCode,46,46,40,51,51,P0375,Chatbot,C++,Hard,https://github.com/ST0375/project,C0375,Data Structures and Algorithms,Coursera,In Progress,I0375,Oracle,Frontend Intern,3 Months,Ongoing,R0375,43,58,6,ATS-Friendly,Needs Improvement
ST0376,Michael Oak,mitraishani@example.org,SOA University,IT,4,2027-09-29,7,Infosys,Full Stack Developer,243,106,48,1760,LeetCode,80,85,82,71,84,P0376,Weather App,Node.js,Medium,https://github.com/ST0376/project,C0376,Cloud Computing,Coursera,In Progress,I0376,Google,Python Developer Intern,6 Months,Not Started,R0376,84,84,17,Basic,Excellent
ST0377,Bhavika Palla,rameshchatura@example.com,VSSUT,EEE,3,2027-12-16,5,Accenture,ML Engineer,83,31,14,1569,LeetCode,62,71,66,73,55,P0377,Library Management System,FastAPI,Hard,https://github.com/ST0377/project,C0377,Full Stack Web Development,GeeksforGeeks,In Progress,I0377,Wipro,Frontend Intern,2 Months,Completed,R0377,60,61,10,ATS-Friendly,Average
ST0378,Yuvraj Bhatia,brijesh72@example.org,NIT Rourkela,EEE,4,2027-10-13,6,Microsoft,Frontend Developer,224,122,40,1653,LeetCode,82,78,72,81,89,P0378,Library Management System,Python,Easy,https://github.com/ST0378/project,C0378,AWS Cloud Practitioner,GeeksforGeeks,Completed,I0378,Oracle,Python Developer Intern,6 Months,Ongoing,R0378,77,82,15,Basic,Good
ST0379,Edhitha Parmer,hsubramanian@example.net,NIT Rourkela,ECE,4,2027-12-04,4,Accenture,Full Stack Developer,82,69,6,1467,LeetCode,55,71,69,72,67,P0379,Expense Tracker,MySQL,Easy,https://github.com/ST0379/project,C0379,Cloud Computing,NPTEL,In Progress,I0379,Google,Python Developer Intern,3 Months,Completed,R0379,63,73,15,ATS-Friendly,Average
ST0380,Utkarsh Ganguly,mahaljonathan@example.com,SOA University,IT,3,2027-08-16,3,Oracle,Software Engineer,31,20,5,1256,LeetCode,46,51,49,38,40,P0380,Weather App,Java,Hard,https://github.com/ST0380/project,C0380,React Development,Coursera,Completed,I0380,Wipro,Python Developer Intern,1 Month,Completed,R0380,38,43,10,ATS-Friendly,Needs Improvement
ST0381,Tristan Sachdev,barmanzarna@example.com,SOA University,Mechanical,3,2027-08-26,4,Capgemini,Software Engineer,136,51,19,1537,LeetCode,67,57,57,73,71,P0381,Attendance Management System,Java,Easy,https://github.com/ST0381/project,C0381,Google Data Analytics,Coursera,Completed,I0381,Amazon,Cloud Intern,6 Months,Completed,R0381,62,63,14,ATS-Friendly,Average
ST0382,Vihaan Bajaj,xkade@example.org,NIT Rourkela,IT,4,2028-01-14,5,TCS,Data Analyst,140,42,16,1548,LeetCode,70,67,69,59,61,P0382,Hospital Management System,Python,Easy,https://github.com/ST0382/project,C0382,Data Structures and Algorithms,GeeksforGeeks,In Progress,I0382,Wipro,Cloud Intern,1 Month,Not Started,R0382,70,61,15,Basic,Good
ST0383,Bhavna Jani,bahadurjitdora@example.net,NIT Rourkela,ECE,4,2027-08-11,2,TCS,Backend Developer,77,28,1,1265,LeetCode,45,58,42,51,55,P0383,Placement Prediction System,React,Easy,https://github.com/ST0383/project,C0383,Artificial Intelligence Basics,Udemy,Completed,I0383,Cognizant,Python Developer Intern,2 Months,Ongoing,R0383,31,47,10,Basic,Needs Improvement
ST0384,Laksh Kumer,neharay@example.net,VSSUT,CSE,4,2027-09-05,4,Adobe,ML Engineer,117,56,8,1547,LeetCode,70,58,75,63,60,P0384,Library Management System,React,Hard,https://github.com/ST0384/project,C0384,NPTEL Computer Networks,edX,In Progress,I0384,Microsoft,Backend Intern,3 Months,Completed,R0384,66,69,12,Basic,Good
ST0385,Ikshita Oak,agarwalindrajit@example.net,NIT Rourkela,IT,4,2028-01-20,6,Accenture,Data Analyst,239,94,32,1744,LeetCode,87,76,83,77,86,P0385,Portfolio Website,FastAPI,Hard,https://github.com/ST0385/project,C0385,Google Data Analytics,Udemy,In Progress,I0385,Infosys,Data Analyst Intern,3 Months,Not Started,R0385,78,90,15,Basic,Good
ST0386,Dhruv Datta,tarachameli@example.com,KIIT,ECE,4,2028-01-19,6,TCS,ML Engineer,231,90,45,1785,LeetCode,70,87,80,74,80,P0386,Online Quiz System,React,Easy,https://github.com/ST0386/project,C0386,Python Programming,Udemy,In Progress,I0386,Cognizant,Web Developer Intern,2 Months,Ongoing,R0386,75,78,17,Basic,Good
ST0387,Vritti Kurian,rhalder@example.net,NIT Rourkela,CSE,3,2028-01-24,10,TCS,Frontend Developer,424,182,97,2271,LeetCode,94,86,96,96,100,P0387,Hospital Management System,Java,Medium,https://github.com/ST0387/project,C0387,Cyber Security Essentials,edX,In Progress,I0387,Amazon,Software Developer Intern,3 Months,Not Started,R0387,86,92,21,Modern,Excellent
ST0388,Noah De,yamini67@example.com,IIT Bhubaneswar,CSE,4,2027-10-31,3,TCS,Frontend Developer,45,4,2,1197,LeetCode,38,57,53,41,60,P0388,Portfolio Website,Python,Hard,https://github.com/ST0388/project,C0388,Artificial Intelligence Basics,GeeksforGeeks,Completed,I0388,TCS,Data Analyst Intern,2 Months,Ongoing,R0388,39,48,5,ATS-Friendly,Needs Improvement
ST0389,Akshay Pillai,kpatil@example.com,SOA University,Mechanical,3,2027-09-30,7,Infosys,Full Stack Developer,241,177,48,1618,LeetCode,88,84,78,82,79,P0389,Placement Prediction System,FastAPI,Hard,https://github.com/ST0389/project,C0389,Java Programming,GeeksforGeeks,Completed,I0389,Amazon,Backend Intern,3 Months,Not Started,R0389,75,81,19,Modern,Good
ST0390,Ati Mahajan,meeraarya@example.net,NIT Rourkela,IT,3,2027-12-31,6,Infosys,Data Scientist,182,117,23,1629,LeetCode,72,87,89,79,77,P0390,Placement Prediction System,Django,Medium,https://github.com/ST0390/project,C0390,Python Programming,GeeksforGeeks,In Progress,I0390,Infosys,Python Developer Intern,1 Month,Completed,R0390,73,84,14,Modern,Good
ST0391,Kabir Sethi,lakshmidey@example.com,KIIT,IT,3,2027-12-07,6,Microsoft,Software Engineer,241,176,31,1651,LeetCode,85,78,76,81,72,P0391,Online Quiz System,MySQL,Easy,https://github.com/ST0391/project,C0391,Full Stack Web Development,Coursera,In Progress,I0391,Infosys,Backend Intern,3 Months,Not Started,R0391,70,89,20,ATS-Friendly,Good
ST0392,Ira Sani,pkhosla@example.net,VSSUT,EEE,3,2028-01-06,7,Adobe,ML Engineer,194,107,35,1731,LeetCode,80,82,74,72,80,P0392,Student Management System,Java,Hard,https://github.com/ST0392/project,C0392,SQL for Data Science,GeeksforGeeks,In Progress,I0392,TCS,Data Analyst Intern,2 Months,Not Started,R0392,79,89,18,ATS-Friendly,Good
ST0393,Agastya Saxena,inarang@example.org,VSSUT,Mechanical,4,2027-10-05,4,Microsoft,Full Stack Developer,107,67,18,1547,LeetCode,73,62,73,71,60,P0393,Hospital Management System,Java,Easy,https://github.com/ST0393/project,C0393,NPTEL DBMS,Coursera,In Progress,I0393,Wipro,Web Developer Intern,1 Month,Not Started,R0393,62,65,14,Modern,Average
ST0394,Chaitanya Lal,aayush79@example.com,NIT Rourkela,EEE,4,2028-01-19,7,Adobe,ML Engineer,247,87,41,1691,LeetCode,90,82,75,82,84,P0394,Face Recognition System,Django,Hard,https://github.com/ST0394/project,C0394,Google Data Analytics,Coursera,Completed,I0394,Cognizant,Backend Intern,3 Months,Ongoing,R0394,77,81,18,ATS-Friendly,Good
ST0395,Meera Hayre,rameshishita@example.org,VSSUT,IT,4,2027-10-19,6,Amazon,Data Scientist,182,128,46,1750,LeetCode,83,83,88,83,81,P0395,Weather App,Python,Medium,https://github.com/ST0395/project,C0395,Machine Learning,GeeksforGeeks,In Progress,I0395,Google,Web Developer Intern,6 Months,Ongoing,R0395,85,78,20,Modern,Excellent
ST0396,Samuel Shanker,kumararunima@example.net,VSSUT,Mechanical,3,2027-11-22,5,Capgemini,Software Engineer,111,68,14,1528,LeetCode,73,61,73,75,63,P0396,Movie Recommendation System,MongoDB,Medium,https://github.com/ST0396/project,C0396,Full Stack Web Development,NPTEL,Completed,I0396,Wipro,Web Developer Intern,2 Months,Completed,R0396,62,70,10,Modern,Average
ST0397,Vasana Shenoy,hben@example.net,IIT Bhubaneswar,Mechanical,3,2027-11-24,2,Accenture,Software Engineer,45,23,5,1166,LeetCode,39,54,41,51,37,P0397,Chatbot,Flask,Hard,https://github.com/ST0397/project,C0397,Artificial Intelligence Basics,Udemy,In Progress,I0397,Accenture,Web Developer Intern,2 Months,Ongoing,R0397,46,54,8,Modern,Needs Improvement
ST0398,Abhimanyu Shankar,wishibumb@example.org,NIT Rourkela,CSE,3,2027-12-24,8,TCS,ML Engineer,326,293,41,2183,LeetCode,94,89,95,87,96,P0398,Movie Recommendation System,React,Medium,https://github.com/ST0398/project,C0398,AWS Cloud Practitioner,Coursera,In Progress,I0398,Google,Cloud Intern,3 Months,Ongoing,R0398,100,93,25,Basic,Excellent
ST0399,Triya Barman,manthanmanne@example.net,KIIT,IT,4,2027-10-13,7,Adobe,Full Stack Developer,233,127,33,1625,LeetCode,89,74,70,72,71,P0399,Portfolio Website,MySQL,Easy,https://github.com/ST0399/project,C0399,Machine Learning,GeeksforGeeks,In Progress,I0399,Infosys,Software Developer Intern,1 Month,Not Started,R0399,73,87,15,ATS-Friendly,Good
ST0400,Osha Bera,meghana57@example.org,IIT Bhubaneswar,ECE,3,2027-10-11,5,Oracle,Full Stack Developer,137,63,18,1522,LeetCode,66,66,59,60,74,P0400,Weather App,Flask,Medium,https://github.com/ST0400/project,C0400,Python Programming,Udemy,Completed,I0400,Amazon,Frontend Intern,1 Month,Not Started,R0400,59,69,12,Modern,Average
ST0401,Yashica Mittal,agrawalira@example.net,KIIT,IT,3,2027-09-29,3,Microsoft,Full Stack Developer,14,0,3,1023,LeetCode,43,50,59,48,50,P0401,Hospital Management System,FastAPI,Medium,https://github.com/ST0401/project,C0401,Python for Everybody,Udemy,Completed,I0401,Capgemini,ML Intern,6 Months,Completed,R0401,40,44,6,Modern,Needs Improvement
ST0402,Shivansh Gopal,loyalgeorge@example.com,VSSUT,IT,4,2027-08-04,2,Oracle,ML Engineer,52,5,0,1361,LeetCode,51,53,44,40,35,P0402,AI Resume Analyzer,Flask,Easy,https://github.com/ST0402/project,C0402,Full Stack Web Development,NPTEL,In Progress,I0402,Wipro,Frontend Intern,1 Month,Not Started,R0402,49,60,7,Modern,Needs Improvement
ST0403,Zehaan Swaminathan,masterbimala@example.org,KIIT,ECE,4,2027-10-14,8,Infosys,Data Scientist,433,284,69,1887,LeetCode,94,89,99,90,100,P0403,Placement Prediction System,Node.js,Medium,https://github.com/ST0403/project,C0403,NPTEL DBMS,edX,In Progress,I0403,Infosys,Backend Intern,1 Month,Completed,R0403,89,90,24,Basic,Excellent
ST0404,Kai Bassi,aadhya57@example.net,KIIT,Mechanical,3,2027-11-12,5,Oracle,Data Analyst,143,42,15,1533,LeetCode,63,56,71,66,73,P0404,Placement Prediction System,FastAPI,Hard,https://github.com/ST0404/project,C0404,Python Programming,GeeksforGeeks,In Progress,I0404,Wipro,ML Intern,3 Months,Not Started,R0404,60,65,10,ATS-Friendly,Average
ST0405,Devika Chandra,akale@example.com,VSSUT,IT,4,2027-09-26,7,Wipro,Backend Developer,167,159,46,1771,LeetCode,88,84,79,75,87,P0405,AI Resume Analyzer,MySQL,Medium,https://github.com/ST0405/project,C0405,Artificial Intelligence Basics,NPTEL,In Progress,I0405,TCS,Cloud Intern,3 Months,Ongoing,R0405,77,90,19,Modern,Good
ST0406,Darpan Sule,ranashravya@example.org,VSSUT,ECE,3,2027-10-23,7,Infosys,Frontend Developer,152,80,30,1666,LeetCode,81,73,75,88,89,P0406,Face Recognition System,Python,Medium,https://github.com/ST0406/project,C0406,Full Stack Web Development,NPTEL,In Progress,I0406,Oracle,Python Developer Intern,3 Months,Completed,R0406,75,86,16,ATS-Friendly,Good
ST0407,Adweta Natt,ssangha@example.net,VSSUT,Mechanical,3,2027-08-11,10,Amazon,ML Engineer,342,191,79,2060,LeetCode,91,90,94,85,94,P0407,Expense Tracker,Flask,Hard,https://github.com/ST0407/project,C0407,Python Programming,NPTEL,In Progress,I0407,Amazon,Cloud Intern,1 Month,Completed,R0407,93,96,24,Modern,Excellent
ST0408,Sai Puri,bansaljanani@example.net,SOA University,CSE,3,2028-01-24,7,Infosys,Frontend Developer,192,177,24,1739,LeetCode,89,73,73,82,72,P0408,Student Management System,Python,Medium,https://github.com/ST0408/project,C0408,Machine Learning,GeeksforGeeks,Completed,I0408,Wipro,ML Intern,6 Months,Completed,R0408,71,82,20,Basic,Good
ST0409,Anirudh Doshi,pchana@example.com,KIIT,EEE,4,2028-01-20,6,Capgemini,ML Engineer,187,151,48,1626,LeetCode,82,72,78,81,82,P0409,AI Resume Analyzer,Flask,Medium,https://github.com/ST0409/project,C0409,SQL for Data Science,GeeksforGeeks,Completed,I0409,Accenture,Web Developer Intern,3 Months,Ongoing,R0409,70,76,19,ATS-Friendly,Good
ST0410,Bahadurjit Bose,vanshasengupta@example.org,KIIT,CSE,4,2027-09-28,9,Microsoft,Data Scientist,385,257,69,2260,LeetCode,85,87,99,96,98,P0410,Library Management System,Java,Easy,https://github.com/ST0410/project,C0410,AWS Cloud Practitioner,GeeksforGeeks,Completed,I0410,Infosys,Software Developer Intern,6 Months,Not Started,R0410,85,99,24,Modern,Excellent
ST0411,Samarth Bandi,pbava@example.com,KIIT,EEE,3,2027-09-13,9,Oracle,Backend Developer,340,186,85,1968,LeetCode,92,87,85,91,92,P0411,Student Management System,Python,Medium,https://github.com/ST0411/project,C0411,NPTEL DBMS,Udemy,Completed,I0411,Google,Data Analyst Intern,2 Months,Completed,R0411,100,99,20,Modern,Excellent
ST0412,Kritika Bassi,upadhriti75@example.net,SOA University,EEE,4,2027-08-30,8,Amazon,Frontend Developer,432,294,65,2173,LeetCode,88,98,90,98,88,P0412,Bank Management System,React,Easy,https://github.com/ST0412/project,C0412,Artificial Intelligence Basics,NPTEL,In Progress,I0412,Amazon,Python Developer Intern,6 Months,Ongoing,R0412,92,96,22,ATS-Friendly,Excellent
ST0413,Max Khalsa,ranbir98@example.org,VSSUT,CSE,4,2028-01-07,6,Google,Full Stack Developer,156,171,23,1612,LeetCode,83,82,90,90,72,P0413,Hospital Management System,Java,Easy,https://github.com/ST0413/project,C0413,NPTEL Computer Networks,NPTEL,Completed,I0413,Oracle,Backend Intern,1 Month,Completed,R0413,78,77,18,Basic,Good
ST0414,Girindra Kade,rvarughese@example.net,SOA University,IT,4,2027-08-31,5,Infosys,ML Engineer,80,69,13,1563,LeetCode,74,59,64,64,55,P0414,Face Recognition System,MongoDB,Medium,https://github.com/ST0414/project,C0414,Java Programming,edX,In Progress,I0414,Cognizant,ML Intern,2 Months,Ongoing,R0414,58,64,11,ATS-Friendly,Average
ST0415,Gautami Chaudhari,jhalaktripathi@example.net,IIT Bhubaneswar,CSE,3,2027-10-01,4,Google,Frontend Developer,85,42,6,1409,LeetCode,60,66,56,57,58,P0415,Student Management System,Python,Medium,https://github.com/ST0415/project,C0415,Machine Learning,Udemy,In Progress,I0415,Capgemini,Python Developer Intern,3 Months,Ongoing,R0415,70,65,10,Basic,Good
ST0416,Kevin Deshmukh,chandaniapte@example.com,VSSUT,EEE,3,2027-12-10,7,Google,Software Engineer,223,140,41,1770,LeetCode,89,71,87,74,75,P0416,Student Management System,React,Easy,https://github.com/ST0416/project,C0416,Machine Learning,edX,Completed,I0416,Cognizant,Frontend Intern,1 Month,Not Started,R0416,85,78,20,ATS-Friendly,Excellent
ST0417,Rajeshri Saha,kabir49@example.org,KIIT,IT,3,2027-09-13,10,Oracle,Full Stack Developer,344,268,69,1849,LeetCode,97,97,89,96,98,P0417,Chatbot,C++,Medium,https://github.com/ST0417/project,C0417,Python for Everybody,GeeksforGeeks,Completed,I0417,Infosys,Frontend Intern,6 Months,Completed,R0417,86,95,18,ATS-Friendly,Excellent
ST0418,Chameli Chana,rkala@example.org,IIT Bhubaneswar,CSE,4,2027-10-22,5,Amazon,Full Stack Developer,108,39,8,1563,LeetCode,57,70,74,60,60,P0418,Online Quiz System,MySQL,Medium,https://github.com/ST0418/project,C0418,Data Structures and Algorithms,GeeksforGeeks,In Progress,I0418,Cognizant,Cloud Intern,6 Months,Not Started,R0418,58,66,15,Modern,Average
ST0419,Ekani Kumer,qasimmangat@example.net,VSSUT,CSE,3,2028-01-28,9,Microsoft,Backend Developer,286,270,87,1868,LeetCode,98,99,92,92,90,P0419,Attendance Management System,C++,Medium,https://github.com/ST0419/project,C0419,Python Programming,edX,Completed,I0419,Capgemini,Python Developer Intern,1 Month,Completed,R0419,92,98,24,Modern,Excellent
ST0420,Ekavir Bose,ttoor@example.net,NIT Rourkela,IT,4,2027-11-01,8,Accenture,Data Scientist,267,254,74,2097,LeetCode,93,94,94,94,86,P0420,Placement Prediction System,MongoDB,Easy,https://github.com/ST0420/project,C0420,Machine Learning,NPTEL,Completed,I0420,Microsoft,Backend Intern,2 Months,Ongoing,R0420,86,85,22,ATS-Friendly,Excellent
ST0421,Viraj Ben,ubanik@example.org,NIT Rourkela,Mechanical,3,2027-08-07,2,Accenture,Backend Developer,11,6,0,1332,LeetCode,35,49,57,41,57,P0421,Weather App,MongoDB,Easy,https://github.com/ST0421/project,C0421,Python for Everybody,edX,In Progress,I0421,Capgemini,Cloud Intern,6 Months,Not Started,R0421,52,58,6,ATS-Friendly,Average
ST0422,Hredhaan Sha,keya06@example.com,SOA University,IT,4,2027-12-02,2,Infosys,Frontend Developer,16,10,3,1292,LeetCode,42,57,50,39,54,P0422,Library Management System,Flask,Hard,https://github.com/ST0422/project,C0422,Python for Everybody,GeeksforGeeks,In Progress,I0422,Capgemini,Frontend Intern,2 Months,Ongoing,R0422,33,57,5,Modern,Needs Improvement
ST0423,Mekhala Thaker,osetty@example.org,VSSUT,Mechanical,4,2027-12-26,6,Accenture,Software Engineer,210,136,33,1689,LeetCode,81,90,83,71,88,P0423,Online Quiz System,MongoDB,Medium,https://github.com/ST0423/project,C0423,Machine Learning,Coursera,Completed,I0423,Oracle,ML Intern,1 Month,Completed,R0423,83,84,17,Modern,Excellent
ST0424,Sathvik Garde,nsrinivasan@example.net,VSSUT,ECE,3,2027-09-28,2,Adobe,Full Stack Developer,22,24,0,1327,LeetCode,55,49,38,57,57,P0424,E-Commerce Website,Django,Easy,https://github.com/ST0424/project,C0424,Artificial Intelligence Basics,GeeksforGeeks,In Progress,I0424,Cognizant,Backend Intern,1 Month,Completed,R0424,44,55,8,Modern,Needs Improvement
ST0425,Jai Tailor,reddyjanya@example.com,VSSUT,Mechanical,4,2027-09-30,7,TCS,Software Engineer,219,171,44,1688,LeetCode,78,71,71,90,86,P0425,Weather App,React,Hard,https://github.com/ST0425/project,C0425,Java Programming,Udemy,Completed,I0425,TCS,Software Developer Intern,2 Months,Completed,R0425,75,83,18,Modern,Good
ST0426,Maanas Sura,kondaturvi@example.com,IIT Bhubaneswar,Mechanical,3,2027-08-15,8,Wipro,Software Engineer,393,193,91,2005,LeetCode,85,97,98,87,96,P0426,Hospital Management System,Node.js,Easy,https://github.com/ST0426/project,C0426,Python for Everybody,NPTEL,In Progress,I0426,Cognizant,Data Analyst Intern,1 Month,Completed,R0426,88,100,23,Modern,Excellent
ST0427,Raksha Chacko,maxkrishna@example.org,SOA University,ECE,4,2027-10-26,9,Infosys,Data Analyst,251,202,41,2150,LeetCode,85,85,89,87,91,P0427,Bank Management System,Flask,Hard,https://github.com/ST0427/project,C0427,Cloud Computing,NPTEL,Completed,I0427,Oracle,Cloud Intern,1 Month,Not Started,R0427,93,96,25,Modern,Excellent
ST0428,Akshay Ranganathan,bina98@example.org,SOA University,CSE,3,2027-09-30,4,Google,ML Engineer,100,37,19,1516,LeetCode,68,55,74,58,67,P0428,Portfolio Website,Django,Medium,https://github.com/ST0428/project,C0428,Google Data Analytics,NPTEL,In Progress,I0428,Amazon,Backend Intern,3 Months,Completed,R0428,63,66,10,Modern,Average
ST0429,Aahana Mallick,tanish54@example.org,NIT Rourkela,CSE,3,2027-08-30,9,Wipro,Backend Developer,401,182,90,2024,LeetCode,90,90,97,86,96,P0429,Student Management System,Java,Medium,https://github.com/ST0429/project,C0429,Python Programming,edX,Completed,I0429,Google,Data Analyst Intern,6 Months,Not Started,R0429,89,90,21,Basic,Excellent
ST0430,Kritika Lalla,jeremiahrao@example.net,NIT Rourkela,ECE,4,2027-08-12,2,Oracle,Full Stack Developer,40,2,1,1357,LeetCode,49,43,41,59,55,P0430,Placement Prediction System,C++,Hard,https://github.com/ST0430/project,C0430,AWS Cloud Practitioner,NPTEL,In Progress,I0430,Microsoft,Python Developer Intern,3 Months,Completed,R0430,47,56,9,Basic,Needs Improvement
ST0431,Vedika Ghose,nathanielsandhu@example.net,KIIT,Mechanical,4,2027-08-28,7,Infosys,Frontend Developer,231,147,39,1626,LeetCode,76,74,75,82,72,P0431,Attendance Management System,React,Easy,https://github.com/ST0431/project,C0431,Python Programming,GeeksforGeeks,Completed,I0431,Google,Frontend Intern,2 Months,Completed,R0431,70,83,17,Basic,Good
ST0432,Krish Sant,dmani@example.com,NIT Rourkela,CSE,4,2027-12-28,8,TCS,ML Engineer,290,189,85,2226,LeetCode,93,98,98,96,91,P0432,Online Quiz System,MySQL,Easy,https://github.com/ST0432/project,C0432,SQL for Data Science,edX,In Progress,I0432,Cognizant,Data Analyst Intern,1 Month,Not Started,R0432,90,90,22,Modern,Excellent
ST0433,Harita Dhar,advay26@example.com,SOA University,EEE,4,2027-11-29,4,TCS,Backend Developer,106,50,12,1470,LeetCode,55,71,57,64,72,P0433,Placement Prediction System,Java,Hard,https://github.com/ST0433/project,C0433,Cyber Security Essentials,NPTEL,Completed,I0433,Capgemini,Backend Intern,2 Months,Completed,R0433,58,60,14,Basic,Average
ST0434,Dominic Buch,pratyushnori@example.net,SOA University,CSE,4,2027-08-06,7,Microsoft,Full Stack Developer,175,88,47,1701,LeetCode,89,87,70,86,77,P0434,Hospital Management System,Java,Easy,https://github.com/ST0434/project,C0434,Machine Learning,Udemy,Completed,I0434,Google,Data Analyst Intern,6 Months,Not Started,R0434,77,85,16,Basic,Good
ST0435,Raagini Bajwa,chahalwarinder@example.org,KIIT,CSE,4,2027-09-07,5,Google,Backend Developer,80,67,8,1473,LeetCode,57,56,59,62,66,P0435,Attendance Management System,Node.js,Easy,https://github.com/ST0435/project,C0435,Machine Learning,GeeksforGeeks,Completed,I0435,Cognizant,Software Developer Intern,3 Months,Not Started,R0435,60,68,12,Modern,Average
ST0436,Advaith Bandi,nhanda@example.com,NIT Rourkela,ECE,4,2027-09-10,3,Wipro,ML Engineer,57,21,4,1267,LeetCode,60,44,54,58,54,P0436,Hospital Management System,Python,Medium,https://github.com/ST0436/project,C0436,Java Programming,Udemy,In Progress,I0436,TCS,Web Developer Intern,3 Months,Completed,R0436,36,53,7,Basic,Needs Improvement
ST0437,Dayamai Bhattacharyya,chandereiravati@example.net,SOA University,IT,4,2027-09-06,10,Adobe,Data Analyst,355,237,57,2042,LeetCode,92,93,88,93,92,P0437,Student Management System,Django,Easy,https://github.com/ST0437/project,C0437,NPTEL Computer Networks,edX,In Progress,I0437,Infosys,Python Developer Intern,3 Months,Completed,R0437,97,85,20,Basic,Excellent
ST0438,Manthan Sethi,dadadhruv@example.com,NIT Rourkela,CSE,3,2027-09-08,5,Adobe,ML Engineer,142,47,8,1449,LeetCode,55,64,66,58,55,P0438,Attendance Management System,C++,Medium,https://github.com/ST0438/project,C0438,NPTEL Computer Networks,Coursera,In Progress,I0438,Accenture,Data Analyst Intern,2 Months,Ongoing,R0438,58,73,14,Modern,Average
ST0439,Darpan Bahl,zsur@example.com,SOA University,ECE,3,2027-08-27,8,Google,Data Scientist,428,204,54,2206,LeetCode,97,85,95,99,96,P0439,Portfolio Website,Python,Hard,https://github.com/ST0439/project,C0439,Artificial Intelligence Basics,NPTEL,Completed,I0439,Amazon,Cloud Intern,1 Month,Completed,R0439,94,95,25,Modern,Excellent
ST0440,Sudiksha Ben,tagate@example.com,SOA University,CSE,3,2027-10-19,9,TCS,Data Scientist,296,264,87,1875,LeetCode,89,93,93,95,89,P0440,Bank Management System,C++,Easy,https://github.com/ST0440/project,C0440,Cyber Security Essentials,GeeksforGeeks,Completed,I0440,Microsoft,Frontend Intern,1 Month,Completed,R0440,96,89,24,ATS-Friendly,Excellent
ST0441,Rayaan Deol,kala10@example.net,IIT Bhubaneswar,EEE,3,2027-11-19,3,Microsoft,Frontend Developer,16,11,4,1047,LeetCode,49,57,44,41,55,P0441,Student Management System,Django,Easy,https://github.com/ST0441/project,C0441,Java Programming,Udemy,Completed,I0441,Google,Python Developer Intern,3 Months,Ongoing,R0441,44,59,9,ATS-Friendly,Needs Improvement
ST0442,Manya Dutta,gautam48@example.com,VSSUT,ECE,3,2027-09-21,10,Oracle,Data Analyst,363,266,65,2083,LeetCode,100,97,92,86,87,P0442,Online Quiz System,Java,Medium,https://github.com/ST0442/project,C0442,NPTEL DBMS,Udemy,Completed,I0442,TCS,Web Developer Intern,1 Month,Completed,R0442,91,93,21,ATS-Friendly,Excellent
ST0443,Faqid Sagar,nakshbutala@example.com,NIT Rourkela,Mechanical,4,2027-11-19,2,Oracle,Data Analyst,40,15,5,1117,LeetCode,56,58,51,50,48,P0443,Chatbot,React,Easy,https://github.com/ST0443/project,C0443,Cloud Computing,edX,In Progress,I0443,Accenture,ML Intern,1 Month,Ongoing,R0443,44,55,9,Modern,Needs Improvement
ST0444,Wyatt Chad,chakrikasehgal@example.com,SOA University,CSE,3,2027-10-13,8,Google,Backend Developer,426,199,56,1914,LeetCode,85,88,100,95,91,P0444,Bank Management System,Flask,Medium,https://github.com/ST0444/project,C0444,AWS Cloud Practitioner,Coursera,In Progress,I0444,Infosys,Backend Intern,6 Months,Ongoing,R0444,93,87,20,Basic,Excellent
ST0445,Lohit Ahuja,gulatitamanna@example.net,SOA University,IT,3,2027-09-18,4,Capgemini,Full Stack Developer,150,35,18,1503,LeetCode,58,72,59,63,66,P0445,Chatbot,Node.js,Medium,https://github.com/ST0445/project,C0445,Python Programming,Udemy,In Progress,I0445,Cognizant,ML Intern,2 Months,Not Started,R0445,64,74,12,ATS-Friendly,Average
ST0446,Adweta Dani,oeshi58@example.com,NIT Rourkela,EEE,3,2027-09-15,10,Wipro,Frontend Developer,448,168,75,1877,LeetCode,100,91,90,89,89,P0446,Face Recognition System,MySQL,Easy,https://github.com/ST0446/project,C0446,Java Programming,edX,Completed,I0446,Cognizant,Backend Intern,2 Months,Completed,R0446,98,100,19,Basic,Excellent
ST0447,Upasna Agrawal,sundaramluke@example.com,KIIT,Mechanical,4,2027-08-01,9,Infosys,ML Engineer,280,299,98,1878,LeetCode,90,97,92,91,87,P0447,Chatbot,Node.js,Medium,https://github.com/ST0447/project,C0447,Cloud Computing,GeeksforGeeks,Completed,I0447,Microsoft,Backend Intern,1 Month,Ongoing,R0447,90,96,23,Modern,Excellent
ST0448,Charvi Gopal,reva44@example.com,VSSUT,Mechanical,3,2027-08-10,5,Amazon,Data Scientist,135,68,7,1486,LeetCode,65,73,70,55,61,P0448,Library Management System,Node.js,Hard,https://github.com/ST0448/project,C0448,Full Stack Web Development,NPTEL,Completed,I0448,Google,Software Developer Intern,3 Months,Completed,R0448,68,68,14,ATS-Friendly,Good
ST0449,Jason Menon,wpandya@example.com,SOA University,EEE,3,2027-09-06,8,TCS,Software Engineer,422,236,41,2064,LeetCode,87,94,93,88,87,P0449,Hospital Management System,MySQL,Medium,https://github.com/ST0449/project,C0449,Artificial Intelligence Basics,Udemy,Completed,I0449,Amazon,Python Developer Intern,3 Months,Completed,R0449,87,94,24,ATS-Friendly,Excellent
ST0450,Zayyan Bajwa,gadewahab@example.org,SOA University,IT,3,2027-08-11,5,Adobe,ML Engineer,95,63,5,1400,LeetCode,55,63,60,66,68,P0450,Expense Tracker,Flask,Hard,https://github.com/ST0450/project,C0450,Python for Everybody,Coursera,Completed,I0450,Capgemini,Web Developer Intern,6 Months,Completed,R0450,57,75,11,ATS-Friendly,Average
ST0451,Forum Zachariah,dhingrajalsa@example.org,NIT Rourkela,EEE,3,2027-11-12,9,Infosys,Full Stack Developer,344,280,43,1810,LeetCode,89,97,95,95,94,P0451,Online Quiz System,Node.js,Medium,https://github.com/ST0451/project,C0451,Python Programming,NPTEL,Completed,I0451,Capgemini,Web Developer Intern,2 Months,Ongoing,R0451,94,94,25,Modern,Excellent
ST0452,Eesha Sekhon,vupadhyay@example.com,NIT Rourkela,CSE,4,2027-10-07,7,TCS,Backend Developer,184,84,23,1767,LeetCode,87,86,75,71,86,P0452,Hospital Management System,C++,Medium,https://github.com/ST0452/project,C0452,NPTEL Computer Networks,Udemy,Completed,I0452,Amazon,Data Analyst Intern,2 Months,Not Started,R0452,80,85,20,Modern,Excellent
ST0453,Irya Shukla,zehaandhawan@example.com,NIT Rourkela,IT,4,2027-10-31,2,Adobe,Backend Developer,69,27,3,1190,LeetCode,58,55,35,37,39,P0453,Attendance Management System,FastAPI,Hard,https://github.com/ST0453/project,C0453,Cyber Security Essentials,GeeksforGeeks,Completed,I0453,Wipro,Web Developer Intern,3 Months,Ongoing,R0453,42,45,9,ATS-Friendly,Needs Improvement
ST0454,Fiyaz Patla,pranav48@example.net,VSSUT,IT,3,2027-11-27,10,Amazon,Software Engineer,258,249,62,1844,LeetCode,92,89,94,90,95,P0454,Expense Tracker,Node.js,Hard,https://github.com/ST0454/project,C0454,Cyber Security Essentials,Udemy,Completed,I0454,Amazon,Python Developer Intern,3 Months,Not Started,R0454,91,93,24,ATS-Friendly,Excellent
ST0455,Sanya Tripathi,yauvanikala@example.org,SOA University,EEE,3,2027-11-11,6,TCS,Software Engineer,223,171,27,1764,LeetCode,78,82,83,71,90,P0455,Bank Management System,Java,Medium,https://github.com/ST0455/project,C0455,React Development,GeeksforGeeks,Completed,I0455,Microsoft,Backend Intern,2 Months,Ongoing,R0455,75,75,19,ATS-Friendly,Good
ST0456,Hemal Biswas,balanneha@example.net,KIIT,Mechanical,3,2027-09-24,7,Google,ML Engineer,206,98,20,1657,LeetCode,89,72,78,83,88,P0456,Library Management System,Flask,Easy,https://github.com/ST0456/project,C0456,Java Programming,NPTEL,Completed,I0456,Oracle,Cloud Intern,3 Months,Completed,R0456,71,88,17,Modern,Good
ST0457,Garima Dhawan,gsehgal@example.net,NIT Rourkela,CSE,3,2027-09-26,3,Google,Software Engineer,16,17,4,1126,LeetCode,48,52,60,43,57,P0457,Library Management System,Node.js,Easy,https://github.com/ST0457/project,C0457,Artificial Intelligence Basics,Udemy,Completed,I0457,Accenture,Python Developer Intern,6 Months,Ongoing,R0457,36,49,9,ATS-Friendly,Needs Improvement
ST0458,Sara Nadig,eesha74@example.net,NIT Rourkela,CSE,3,2028-01-09,3,TCS,Full Stack Developer,45,30,0,1298,LeetCode,60,60,46,57,57,P0458,Weather App,C++,Medium,https://github.com/ST0458/project,C0458,AWS Cloud Practitioner,NPTEL,Completed,I0458,Google,Software Developer Intern,3 Months,Completed,R0458,53,48,10,Modern,Average
ST0459,Indali Edwin,aurorayauvani@example.com,IIT Bhubaneswar,EEE,3,2027-11-11,2,Microsoft,Full Stack Developer,17,29,5,1238,LeetCode,52,40,52,56,59,P0459,Expense Tracker,FastAPI,Medium,https://github.com/ST0459/project,C0459,AWS Cloud Practitioner,GeeksforGeeks,Completed,I0459,Accenture,Data Analyst Intern,2 Months,Completed,R0459,35,48,9,Modern,Needs Improvement
ST0460,Vrinda Sheth,shivanimisra@example.com,VSSUT,EEE,3,2027-08-12,6,Infosys,Data Analyst,238,130,49,1684,LeetCode,83,76,80,70,88,P0460,Face Recognition System,FastAPI,Easy,https://github.com/ST0460/project,C0460,SQL for Data Science,Coursera,In Progress,I0460,Oracle,Backend Intern,2 Months,Ongoing,R0460,82,78,18,ATS-Friendly,Excellent
ST0461,Ladli Oak,jvaidya@example.com,NIT Rourkela,EEE,3,2027-11-12,7,Amazon,Data Analyst,153,123,30,1606,LeetCode,71,70,75,76,84,P0461,Library Management System,Flask,Medium,https://github.com/ST0461/project,C0461,Python for Everybody,Udemy,In Progress,I0461,Accenture,Python Developer Intern,6 Months,Ongoing,R0461,83,87,17,Basic,Excellent
ST0462,Krishna Vyas,jacksonchaudhary@example.org,NIT Rourkela,CSE,4,2027-09-23,2,Wipro,Full Stack Developer,47,26,0,1374,LeetCode,42,46,55,38,35,P0462,Face Recognition System,MongoDB,Easy,https://github.com/ST0462/project,C0462,Cloud Computing,Coursera,Completed,I0462,Wipro,Cloud Intern,2 Months,Completed,R0462,34,57,7,Basic,Needs Improvement
ST0463,Vyanjana Mohanty,aahanauppal@example.net,IIT Bhubaneswar,IT,4,2027-10-23,4,Amazon,ML Engineer,85,54,17,1567,LeetCode,68,74,62,62,68,P0463,Chatbot,MySQL,Hard,https://github.com/ST0463/project,C0463,Data Structures and Algorithms,Udemy,Completed,I0463,Amazon,Data Analyst Intern,1 Month,Completed,R0463,70,70,11,Basic,Good
ST0464,Patrick Devi,wyatt98@example.org,SOA University,Mechanical,3,2028-01-28,2,Infosys,Full Stack Developer,42,12,1,1172,LeetCode,45,57,41,53,60,P0464,Online Quiz System,Django,Medium,https://github.com/ST0464/project,C0464,Cloud Computing,Udemy,Completed,I0464,Amazon,Python Developer Intern,2 Months,Completed,R0464,42,60,6,ATS-Friendly,Needs Improvement
ST0465,Ayush Ram,shettyaarav@example.com,IIT Bhubaneswar,EEE,4,2027-09-11,5,Amazon,Frontend Developer,99,42,20,1524,LeetCode,75,71,72,75,68,P0465,Online Quiz System,Node.js,Hard,https://github.com/ST0465/project,C0465,Full Stack Web Development,Udemy,In Progress,I0465,Oracle,Backend Intern,1 Month,Ongoing,R0465,66,61,15,Basic,Good
ST0466,Chatura Palla,chameli66@example.net,KIIT,Mechanical,3,2028-01-16,7,Microsoft,Software Engineer,247,141,27,1634,LeetCode,70,74,71,86,76,P0466,Chatbot,MySQL,Easy,https://github.com/ST0466/project,C0466,NPTEL Computer Networks,GeeksforGeeks,Completed,I0466,Amazon,ML Intern,3 Months,Completed,R0466,84,87,18,ATS-Friendly,Excellent
ST0467,Dalaja Kaul,ishwar65@example.org,VSSUT,IT,3,2027-11-09,6,Amazon,Backend Developer,202,137,20,1787,LeetCode,70,75,80,76,74,P0467,AI Resume Analyzer,FastAPI,Easy,https://github.com/ST0467/project,C0467,Machine Learning,Udemy,In Progress,I0467,Amazon,Software Developer Intern,3 Months,Not Started,R0467,76,81,14,ATS-Friendly,Good
ST0468,Barkha Yohannan,niharika71@example.org,IIT Bhubaneswar,CSE,4,2027-10-07,8,Accenture,Data Analyst,341,239,60,1943,LeetCode,92,100,96,99,87,P0468,Placement Prediction System,Python,Medium,https://github.com/ST0468/project,C0468,NPTEL Computer Networks,edX,Completed,I0468,TCS,Frontend Intern,2 Months,Not Started,R0468,85,92,23,Modern,Excellent
ST0469,Ridhi Badal,viraj57@example.com,VSSUT,EEE,3,2028-01-14,10,Adobe,Frontend Developer,333,160,82,1982,LeetCode,89,98,96,95,87,P0469,Bank Management System,Python,Hard,https://github.com/ST0469/project,C0469,Java Programming,Udemy,Completed,I0469,TCS,Python Developer Intern,2 Months,Completed,R0469,100,99,18,Modern,Excellent
ST0470,Jeremiah Mall,tgopal@example.org,NIT Rourkela,ECE,3,2027-08-19,6,Oracle,Frontend Developer,200,141,37,1742,LeetCode,88,76,77,87,81,P0470,Placement Prediction System,C++,Hard,https://github.com/ST0470/project,C0470,Data Structures and Algorithms,GeeksforGeeks,Completed,I0470,Google,Backend Intern,1 Month,Completed,R0470,76,84,19,Basic,Good
ST0471,Chandresh Murthy,karrushil@example.com,NIT Rourkela,EEE,4,2027-11-24,10,Wipro,Software Engineer,331,243,90,2181,LeetCode,99,93,96,97,99,P0471,Library Management System,FastAPI,Easy,https://github.com/ST0471/project,C0471,Data Structures and Algorithms,GeeksforGeeks,Completed,I0471,Google,Cloud Intern,3 Months,Ongoing,R0471,100,94,20,ATS-Friendly,Excellent
ST0472,William Krish,aadhya40@example.com,IIT Bhubaneswar,IT,3,2027-10-02,9,Oracle,Data Analyst,424,179,77,1823,LeetCode,93,86,89,94,93,P0472,Placement Prediction System,Python,Hard,https://github.com/ST0472/project,C0472,SQL for Data Science,NPTEL,In Progress,I0472,Microsoft,Python Developer Intern,1 Month,Not Started,R0472,96,92,20,Modern,Excellent
ST0473,Vaishnavi Bajaj,wahabpai@example.com,SOA University,CSE,3,2027-11-02,3,Microsoft,Data Scientist,21,8,4,1399,LeetCode,40,47,59,48,49,P0473,Portfolio Website,Django,Medium,https://github.com/ST0473/project,C0473,Data Structures and Algorithms,Udemy,In Progress,I0473,Infosys,Backend Intern,1 Month,Not Started,R0473,55,45,8,Modern,Average
ST0474,Ekta Rajagopalan,ishanidas@example.com,IIT Bhubaneswar,Mechanical,3,2027-11-25,2,Amazon,Data Scientist,18,26,1,1148,LeetCode,37,43,59,41,44,P0474,Face Recognition System,Flask,Hard,https://github.com/ST0474/project,C0474,NPTEL Computer Networks,NPTEL,Completed,I0474,Infosys,Web Developer Intern,1 Month,Not Started,R0474,32,50,6,Basic,Needs Improvement
ST0475,Ijaya Singh,ekiya92@example.net,IIT Bhubaneswar,IT,3,2028-01-07,7,Amazon,Backend Developer,177,106,21,1693,LeetCode,81,85,87,76,87,P0475,Library Management System,Flask,Medium,https://github.com/ST0475/project,C0475,Python for Everybody,edX,In Progress,I0475,Google,Web Developer Intern,2 Months,Not Started,R0475,79,75,15,Modern,Good
ST0476,Avni Saran,ebava@example.com,VSSUT,IT,3,2027-10-10,3,Oracle,Full Stack Developer,29,9,0,1185,LeetCode,53,60,36,39,56,P0476,Placement Prediction System,Django,Easy,https://github.com/ST0476/project,C0476,Cloud Computing,GeeksforGeeks,In Progress,I0476,Infosys,ML Intern,2 Months,Completed,R0476,49,47,6,Modern,Needs Improvement
ST0477,Peter Pillay,ayaan62@example.com,SOA University,IT,4,2027-10-24,9,TCS,ML Engineer,352,272,92,2165,LeetCode,87,94,86,89,94,P0477,E-Commerce Website,FastAPI,Hard,https://github.com/ST0477/project,C0477,Machine Learning,Udemy,Completed,I0477,TCS,Cloud Intern,6 Months,Not Started,R0477,99,98,18,Basic,Excellent
ST0478,Avni Muni,wchandran@example.net,NIT Rourkela,CSE,4,2027-09-13,2,Oracle,ML Engineer,12,4,3,1381,LeetCode,37,52,40,41,39,P0478,Movie Recommendation System,MongoDB,Easy,https://github.com/ST0478/project,C0478,NPTEL DBMS,edX,Completed,I0478,Oracle,Backend Intern,2 Months,Ongoing,R0478,51,46,6,Basic,Average
ST0479,Udarsh Hayre,jatinthaker@example.org,NIT Rourkela,ECE,4,2028-01-05,9,Capgemini,Backend Developer,400,164,88,1875,LeetCode,94,100,92,88,90,P0479,E-Commerce Website,Node.js,Medium,https://github.com/ST0479/project,C0479,Full Stack Web Development,Coursera,In Progress,I0479,Wipro,ML Intern,2 Months,Ongoing,R0479,95,86,19,ATS-Friendly,Excellent
ST0480,Lakshit Sekhon,charan23@example.net,IIT Bhubaneswar,Mechanical,4,2027-08-31,4,TCS,Full Stack Developer,90,30,12,1416,LeetCode,71,69,67,67,73,P0480,Student Management System,MySQL,Easy,https://github.com/ST0480/project,C0480,Python Programming,NPTEL,Completed,I0480,Microsoft,ML Intern,3 Months,Completed,R0480,63,68,14,Modern,Average
ST0481,Bhavani Ben,raveljatin@example.net,IIT Bhubaneswar,CSE,4,2028-01-10,7,TCS,Frontend Developer,193,138,49,1613,LeetCode,89,72,77,71,84,P0481,Library Management System,Python,Medium,https://github.com/ST0481/project,C0481,Cloud Computing,edX,Completed,I0481,Google,Frontend Intern,6 Months,Ongoing,R0481,79,87,15,Basic,Good
ST0482,Harshil Seshadri,malhotraleela@example.net,SOA University,ECE,4,2027-10-20,4,Wipro,ML Engineer,97,76,7,1423,LeetCode,60,74,60,69,73,P0482,Weather App,Java,Hard,https://github.com/ST0482/project,C0482,AWS Cloud Practitioner,NPTEL,In Progress,I0482,Microsoft,Backend Intern,1 Month,Not Started,R0482,59,67,11,ATS-Friendly,Average
ST0483,Charita Ramakrishnan,jalsa85@example.org,KIIT,Mechanical,3,2027-12-18,8,Amazon,Full Stack Developer,284,236,41,1880,LeetCode,98,99,85,96,95,P0483,Weather App,Python,Medium,https://github.com/ST0483/project,C0483,Java Programming,edX,Completed,I0483,Accenture,Frontend Intern,3 Months,Completed,R0483,91,92,22,ATS-Friendly,Excellent
ST0484,Wahab Magar,anikathaker@example.net,NIT Rourkela,Mechanical,3,2027-09-17,7,Accenture,Software Engineer,207,95,34,1745,LeetCode,80,74,85,89,74,P0484,Movie Recommendation System,Java,Medium,https://github.com/ST0484/project,C0484,Artificial Intelligence Basics,Udemy,In Progress,I0484,Capgemini,Data Analyst Intern,1 Month,Completed,R0484,82,88,16,Modern,Excellent
ST0485,Oeshi Zachariah,xnadkarni@example.com,VSSUT,Mechanical,3,2027-12-08,3,Google,ML Engineer,35,11,3,1205,LeetCode,48,35,59,50,42,P0485,Portfolio Website,Flask,Hard,https://github.com/ST0485/project,C0485,Cloud Computing,NPTEL,Completed,I0485,Google,Frontend Intern,6 Months,Ongoing,R0485,55,45,9,ATS-Friendly,Average
ST0486,Veer Dass,andrewvenkataraman@example.net,KIIT,CSE,3,2027-12-20,9,Amazon,Software Engineer,437,158,55,2290,LeetCode,95,85,99,88,87,P0486,Movie Recommendation System,Flask,Easy,https://github.com/ST0486/project,C0486,NPTEL Computer Networks,Udemy,In Progress,I0486,TCS,Software Developer Intern,3 Months,Completed,R0486,90,93,19,Modern,Excellent
ST0487,Zilmil Bhasin,arunima99@example.net,SOA University,ECE,3,2028-01-25,7,Infosys,Data Scientist,204,130,35,1622,LeetCode,74,89,77,85,85,P0487,Attendance Management System,React,Medium,https://github.com/ST0487/project,C0487,Cloud Computing,NPTEL,In Progress,I0487,Microsoft,Python Developer Intern,6 Months,Completed,R0487,77,82,19,ATS-Friendly,Good
ST0488,Zaitra Viswanathan,emody@example.com,KIIT,EEE,4,2028-01-20,8,Capgemini,Data Scientist,308,189,60,2258,LeetCode,91,90,90,95,92,P0488,Online Quiz System,Java,Easy,https://github.com/ST0488/project,C0488,Cyber Security Essentials,edX,In Progress,I0488,Amazon,Software Developer Intern,1 Month,Ongoing,R0488,88,95,18,ATS-Friendly,Excellent
ST0489,Dominic Chander,tarachanchal@example.net,NIT Rourkela,CSE,3,2027-11-21,2,Microsoft,Backend Developer,52,24,5,1346,LeetCode,38,57,41,59,49,P0489,Bank Management System,MongoDB,Medium,https://github.com/ST0489/project,C0489,Python for Everybody,NPTEL,In Progress,I0489,Google,Data Analyst Intern,2 Months,Not Started,R0489,31,42,5,Modern,Needs Improvement
ST0490,Jhalak Pall,ekalingarana@example.com,NIT Rourkela,IT,3,2027-10-16,6,Wipro,Software Engineer,230,133,29,1721,LeetCode,90,89,77,79,80,P0490,Library Management System,C++,Hard,https://github.com/ST0490/project,C0490,Java Programming,NPTEL,Completed,I0490,Amazon,Python Developer Intern,3 Months,Completed,R0490,75,89,16,Modern,Good
ST0491,Nathan Uppal,oray@example.com,SOA University,EEE,3,2027-10-02,5,Infosys,Frontend Developer,134,68,5,1555,LeetCode,61,67,64,67,55,P0491,E-Commerce Website,Django,Easy,https://github.com/ST0491/project,C0491,Cloud Computing,edX,Completed,I0491,Amazon,Software Developer Intern,2 Months,Completed,R0491,62,71,14,Basic,Average
ST0492,Chaman Varghese,vrattan@example.net,SOA University,IT,3,2027-10-20,4,TCS,Data Scientist,114,46,7,1446,LeetCode,72,59,61,71,59,P0492,Placement Prediction System,Java,Easy,https://github.com/ST0492/project,C0492,Cloud Computing,NPTEL,In Progress,I0492,Wipro,Web Developer Intern,1 Month,Completed,R0492,65,67,13,Basic,Good
ST0493,Vanya Kapur,caleb28@example.com,SOA University,CSE,3,2027-12-12,5,Capgemini,Full Stack Developer,92,71,15,1503,LeetCode,60,74,64,67,73,P0493,Expense Tracker,Flask,Easy,https://github.com/ST0493/project,C0493,Google Data Analytics,GeeksforGeeks,Completed,I0493,Cognizant,Data Analyst Intern,3 Months,Not Started,R0493,68,65,10,Basic,Good
ST0494,Eiravati Badal,sharafdarsh@example.com,KIIT,EEE,4,2027-11-15,7,TCS,Full Stack Developer,240,120,33,1778,LeetCode,71,87,82,84,84,P0494,Online Quiz System,React,Easy,https://github.com/ST0494/project,C0494,Python for Everybody,GeeksforGeeks,Completed,I0494,Cognizant,Frontend Intern,1 Month,Not Started,R0494,83,87,15,ATS-Friendly,Excellent
ST0495,Chandani Nagar,janya67@example.com,SOA University,EEE,3,2027-08-03,7,Infosys,Full Stack Developer,188,171,36,1607,LeetCode,73,90,85,83,76,P0495,E-Commerce Website,Flask,Hard,https://github.com/ST0495/project,C0495,Cloud Computing,Udemy,In Progress,I0495,Oracle,Backend Intern,6 Months,Completed,R0495,73,78,18,Modern,Good
ST0496,Rajata Khalsa,ndhar@example.com,NIT Rourkela,ECE,4,2027-12-31,6,Infosys,Backend Developer,189,94,31,1736,LeetCode,80,82,73,89,76,P0496,Library Management System,C++,Easy,https://github.com/ST0496/project,C0496,AWS Cloud Practitioner,GeeksforGeeks,Completed,I0496,Accenture,ML Intern,1 Month,Ongoing,R0496,79,88,14,Basic,Good
ST0497,Ansh Sur,tanish05@example.net,KIIT,EEE,3,2028-01-07,3,Accenture,Full Stack Developer,64,25,2,1024,LeetCode,59,38,58,43,41,P0497,Placement Prediction System,Django,Medium,https://github.com/ST0497/project,C0497,Python Programming,Coursera,Completed,I0497,Cognizant,Data Analyst Intern,2 Months,Completed,R0497,43,48,7,Basic,Needs Improvement
ST0498,Theodore Tripathi,lhari@example.org,KIIT,Mechanical,4,2027-12-24,4,Oracle,Frontend Developer,86,66,11,1479,LeetCode,64,65,57,61,58,P0498,E-Commerce Website,Flask,Medium,https://github.com/ST0498/project,C0498,Cloud Computing,Udemy,In Progress,I0498,Oracle,Software Developer Intern,2 Months,Ongoing,R0498,60,73,14,Basic,Average
ST0499,Nidhi Khalsa,sathechampak@example.com,VSSUT,Mechanical,3,2027-09-09,5,Adobe,Backend Developer,134,66,13,1551,LeetCode,75,62,58,55,70,P0499,Face Recognition System,Python,Medium,https://github.com/ST0499/project,C0499,AWS Cloud Practitioner,Coursera,In Progress,I0499,Wipro,Backend Intern,1 Month,Not Started,R0499,65,66,14,Modern,Good
ST0500,Dayamai Toor,abhimanyuthaker@example.net,SOA University,CSE,3,2027-09-25,3,Google,Software Engineer,73,23,2,1157,LeetCode,54,46,49,53,46,P0500,E-Commerce Website,Python,Hard,https://github.com/ST0500/project,C0500,Full Stack Web Development,NPTEL,Completed,I0500,Microsoft,Web Developer Intern,6 Months,Ongoing,R0500,43,54,9,Modern,Needs Improvement
ST0501,Chatura Gera,wishibuch@example.com,NIT Rourkela,IT,3,2027-10-22,3,Amazon,Frontend Developer,49,25,4,1167,LeetCode,46,43,49,35,38,P0501,Student Management System,MySQL,Medium,https://github.com/ST0501/project,C0501,Machine Learning,Coursera,In Progress,I0501,TCS,ML Intern,3 Months,Not Started,R0501,45,48,8,Basic,Needs Improvement
ST0502,Rachita Bawa,bmurthy@example.org,VSSUT,IT,3,2027-08-21,2,Oracle,Frontend Developer,72,19,3,1342,LeetCode,58,55,40,46,45,P0502,Library Management System,React,Easy,https://github.com/ST0502/project,C0502,Java Programming,edX,Completed,I0502,Cognizant,ML Intern,1 Month,Completed,R0502,37,45,7,Basic,Needs Improvement
ST0503,Tanvi Bhandari,tatarobert@example.com,NIT Rourkela,Mechanical,3,2027-09-30,7,Amazon,ML Engineer,179,112,31,1791,LeetCode,72,89,89,78,79,P0503,Movie Recommendation System,React,Hard,https://github.com/ST0503/project,C0503,Java Programming,NPTEL,In Progress,I0503,Oracle,Backend Intern,6 Months,Ongoing,R0503,77,84,16,Basic,Good
ST0504,Jai Menon,isawhney@example.com,IIT Bhubaneswar,Mechanical,4,2027-09-11,5,Google,Data Scientist,80,78,5,1420,LeetCode,70,63,64,68,63,P0504,E-Commerce Website,C++,Hard,https://github.com/ST0504/project,C0504,Cloud Computing,Udemy,In Progress,I0504,Cognizant,Data Analyst Intern,3 Months,Ongoing,R0504,65,64,14,ATS-Friendly,Good
ST0505,Rishi Munshi,triveni98@example.org,KIIT,ECE,4,2027-08-15,3,Google,Data Scientist,61,12,0,1165,LeetCode,55,35,38,39,39,P0505,Placement Prediction System,Java,Medium,https://github.com/ST0505/project,C0505,Google Data Analytics,Udemy,In Progress,I0505,Microsoft,Software Developer Intern,2 Months,Ongoing,R0505,38,40,10,Modern,Needs Improvement
ST0506,Charan Atwal,mpant@example.com,KIIT,IT,4,2027-12-25,2,Microsoft,Backend Developer,33,16,0,1198,LeetCode,60,36,58,41,56,P0506,Student Management System,C++,Hard,https://github.com/ST0506/project,C0506,Data Structures and Algorithms,edX,In Progress,I0506,Google,Backend Intern,3 Months,Completed,R0506,44,48,7,Basic,Needs Improvement
ST0507,Alexander Purohit,rajagopalrudra@example.org,VSSUT,IT,3,2027-12-28,9,Microsoft,Data Analyst,416,234,67,2083,LeetCode,99,97,100,87,91,P0507,Bank Management System,Django,Easy,https://github.com/ST0507/project,C0507,AWS Cloud Practitioner,Udemy,In Progress,I0507,Wipro,Frontend Intern,6 Months,Ongoing,R0507,88,98,19,ATS-Friendly,Excellent
ST0508,Omisha Mitra,maanasverma@example.com,KIIT,Mechanical,3,2028-01-21,5,Infosys,Data Analyst,102,68,16,1443,LeetCode,73,70,70,74,62,P0508,E-Commerce Website,MongoDB,Hard,https://github.com/ST0508/project,C0508,AWS Cloud Practitioner,Udemy,Completed,I0508,Microsoft,ML Intern,2 Months,Completed,R0508,59,73,15,ATS-Friendly,Average
ST0509,Vedant Soni,sakshamshah@example.org,VSSUT,CSE,4,2027-08-12,4,Amazon,ML Engineer,84,80,12,1526,LeetCode,65,61,73,65,62,P0509,Library Management System,Java,Hard,https://github.com/ST0509/project,C0509,NPTEL DBMS,Coursera,Completed,I0509,Cognizant,Backend Intern,3 Months,Ongoing,R0509,56,65,13,Modern,Average
ST0510,Rajeshri Dhawan,wdalal@example.com,IIT Bhubaneswar,Mechanical,4,2027-09-08,8,Capgemini,Full Stack Developer,388,180,67,1898,LeetCode,90,94,85,85,95,P0510,Placement Prediction System,Flask,Hard,https://github.com/ST0510/project,C0510,Cloud Computing,GeeksforGeeks,In Progress,I0510,Accenture,Frontend Intern,6 Months,Ongoing,R0510,100,89,20,ATS-Friendly,Excellent
ST0511,Leena Prabhu,rajatawarrior@example.net,VSSUT,IT,4,2028-01-03,2,Amazon,Full Stack Developer,39,20,0,1249,LeetCode,49,38,44,35,56,P0511,Portfolio Website,MongoDB,Hard,https://github.com/ST0511/project,C0511,AWS Cloud Practitioner,Coursera,Completed,I0511,Accenture,Web Developer Intern,3 Months,Not Started,R0511,40,52,6,Modern,Needs Improvement
ST0512,Eiravati Chauhan,ldutt@example.net,NIT Rourkela,CSE,4,2028-01-19,7,Wipro,Data Analyst,202,109,24,1614,LeetCode,87,83,86,79,83,P0512,Portfolio Website,React,Hard,https://github.com/ST0512/project,C0512,Python for Everybody,edX,Completed,I0512,Wipro,Data Analyst Intern,6 Months,Not Started,R0512,71,85,20,Modern,Good
ST0513,Megha Gopal,hemani95@example.org,SOA University,EEE,3,2027-09-06,5,Accenture,Frontend Developer,110,38,7,1500,LeetCode,57,55,57,57,69,P0513,Placement Prediction System,Python,Medium,https://github.com/ST0513/project,C0513,Python Programming,GeeksforGeeks,In Progress,I0513,Infosys,Backend Intern,6 Months,Completed,R0513,61,63,12,Modern,Average
ST0514,Caleb Kala,chanadarpan@example.org,IIT Bhubaneswar,Mechanical,3,2027-09-21,9,Oracle,Full Stack Developer,281,211,86,1803,LeetCode,85,100,98,98,97,P0514,Attendance Management System,Django,Medium,https://github.com/ST0514/project,C0514,Cloud Computing,edX,Completed,I0514,Google,Frontend Intern,2 Months,Not Started,R0514,92,87,19,Basic,Excellent
ST0515,Aahana Uppal,groverfarhan@example.org,IIT Bhubaneswar,CSE,4,2027-09-16,6,Capgemini,Frontend Developer,213,102,31,1628,LeetCode,80,83,70,73,82,P0515,Expense Tracker,Java,Medium,https://github.com/ST0515/project,C0515,NPTEL DBMS,Coursera,In Progress,I0515,Infosys,Data Analyst Intern,6 Months,Not Started,R0515,77,86,17,Basic,Good
ST0516,Ijaya Nori,pdewan@example.org,VSSUT,EEE,3,2027-10-06,8,Accenture,Data Analyst,376,279,46,1843,LeetCode,89,100,91,92,86,P0516,AI Resume Analyzer,FastAPI,Medium,https://github.com/ST0516/project,C0516,Full Stack Web Development,edX,Completed,I0516,TCS,Frontend Intern,3 Months,Ongoing,R0516,91,85,23,ATS-Friendly,Excellent
ST0517,Niharika Chana,routnandini@example.net,IIT Bhubaneswar,Mechanical,4,2028-01-24,4,Microsoft,Data Analyst,145,52,14,1483,LeetCode,60,75,71,72,59,P0517,E-Commerce Website,React,Easy,https://github.com/ST0517/project,C0517,Full Stack Web Development,Coursera,Completed,I0517,Capgemini,Frontend Intern,3 Months,Completed,R0517,59,72,14,Basic,Average
ST0518,Qadim Venkataraman,alexanderdutta@example.com,SOA University,Mechanical,3,2027-09-09,10,Google,ML Engineer,338,175,67,1984,LeetCode,91,87,99,86,93,P0518,Portfolio Website,Flask,Medium,https://github.com/ST0518/project,C0518,Python for Everybody,edX,Completed,I0518,Cognizant,Frontend Intern,3 Months,Ongoing,R0518,98,94,23,Basic,Excellent
ST0519,Vanya Pall,regevasudha@example.org,SOA University,EEE,4,2027-08-17,2,Infosys,Data Scientist,22,4,5,1347,LeetCode,38,56,47,36,47,P0519,Library Management System,Python,Hard,https://github.com/ST0519/project,C0519,NPTEL Computer Networks,edX,Completed,I0519,Google,Data Analyst Intern,3 Months,Completed,R0519,37,56,6,Modern,Needs Improvement
ST0520,Omaja Vig,upadhritirajagopalan@example.org,IIT Bhubaneswar,IT,3,2027-08-14,3,Adobe,Software Engineer,17,10,2,1203,LeetCode,39,59,37,40,39,P0520,Student Management System,MySQL,Hard,https://github.com/ST0520/project,C0520,Full Stack Web Development,Coursera,In Progress,I0520,Google,Software Developer Intern,1 Month,Ongoing,R0520,53,41,10,Basic,Average
ST0521,Ati Mallick,chasmum53@example.net,IIT Bhubaneswar,Mechanical,3,2027-12-04,10,TCS,Data Scientist,269,234,90,1900,LeetCode,98,86,88,92,99,P0521,AI Resume Analyzer,Django,Easy,https://github.com/ST0521/project,C0521,Python for Everybody,Udemy,Completed,I0521,Microsoft,Web Developer Intern,3 Months,Ongoing,R0521,93,98,23,Basic,Excellent
ST0522,Kai Cherian,krishnasolanki@example.org,SOA University,IT,3,2027-11-24,8,Accenture,ML Engineer,354,177,54,1839,LeetCode,91,97,98,87,100,P0522,Bank Management System,Django,Medium,https://github.com/ST0522/project,C0522,Python Programming,GeeksforGeeks,In Progress,I0522,Infosys,Backend Intern,6 Months,Completed,R0522,89,90,20,ATS-Friendly,Excellent
ST0523,Anvi Chauhan,vyanjanakhatri@example.net,KIIT,IT,4,2027-08-29,6,Oracle,ML Engineer,185,96,43,1605,LeetCode,72,88,81,88,85,P0523,Bank Management System,Python,Easy,https://github.com/ST0523/project,C0523,React Development,Coursera,Completed,I0523,TCS,Cloud Intern,2 Months,Ongoing,R0523,77,79,19,Basic,Good
ST0524,Faras Bir,wriddhish86@example.net,KIIT,EEE,3,2027-10-23,5,Adobe,Data Scientist,83,45,12,1403,LeetCode,66,66,66,64,62,P0524,Chatbot,MySQL,Easy,https://github.com/ST0524/project,C0524,AWS Cloud Practitioner,GeeksforGeeks,In Progress,I0524,TCS,Cloud Intern,6 Months,Completed,R0524,57,71,12,Basic,Average
ST0525,Vaishnavi Tak,gaurikachakraborty@example.org,SOA University,CSE,3,2027-08-17,9,Microsoft,Full Stack Developer,304,284,95,2115,LeetCode,93,95,86,88,88,P0525,Portfolio Website,React,Medium,https://github.com/ST0525/project,C0525,AWS Cloud Practitioner,edX,Completed,I0525,Oracle,Cloud Intern,2 Months,Completed,R0525,100,94,20,Modern,Excellent
ST0526,Lila Puri,koshyyashawini@example.net,IIT Bhubaneswar,IT,4,2027-10-10,3,Microsoft,Data Analyst,38,27,4,1267,LeetCode,37,50,50,56,57,P0526,Online Quiz System,Java,Easy,https://github.com/ST0526/project,C0526,Machine Learning,GeeksforGeeks,Completed,I0526,Oracle,Backend Intern,6 Months,Ongoing,R0526,34,54,7,Basic,Needs Improvement
ST0527,Hitesh Loke,avihanda@example.org,VSSUT,CSE,3,2027-09-02,2,Wipro,Full Stack Developer,67,21,1,1307,LeetCode,53,51,35,38,58,P0527,Weather App,Python,Hard,https://github.com/ST0527/project,C0527,Google Data Analytics,GeeksforGeeks,In Progress,I0527,TCS,Python Developer Intern,1 Month,Completed,R0527,31,55,6,Modern,Needs Improvement
ST0528,Veer Barad,ishanisrinivas@example.org,KIIT,EEE,4,2027-08-24,8,Wipro,Frontend Developer,325,232,75,2231,LeetCode,88,91,98,89,87,P0528,Library Management System,Flask,Hard,https://github.com/ST0528/project,C0528,React Development,GeeksforGeeks,Completed,I0528,Capgemini,Data Analyst Intern,3 Months,Not Started,R0528,95,87,24,Modern,Excellent
ST0529,Nisha Bir,mahikaiyengar@example.org,SOA University,ECE,4,2027-10-18,8,TCS,ML Engineer,327,172,74,1971,LeetCode,87,95,85,86,96,P0529,Chatbot,Java,Easy,https://github.com/ST0529/project,C0529,Full Stack Web Development,GeeksforGeeks,Completed,I0529,Accenture,Data Analyst Intern,6 Months,Ongoing,R0529,94,100,24,Modern,Excellent
ST0530,Wishi Chandra,fmuni@example.net,NIT Rourkela,ECE,4,2028-01-02,10,Google,Full Stack Developer,413,207,52,1849,LeetCode,92,88,90,85,95,P0530,Attendance Management System,Python,Medium,https://github.com/ST0530/project,C0530,Full Stack Web Development,GeeksforGeeks,Completed,I0530,Wipro,ML Intern,1 Month,Ongoing,R0530,100,95,21,ATS-Friendly,Excellent
ST0531,Aarini Gill,charles28@example.org,VSSUT,CSE,4,2027-12-16,10,Google,Backend Developer,339,219,51,2232,LeetCode,89,96,87,100,95,P0531,Online Quiz System,Python,Easy,https://github.com/ST0531/project,C0531,Full Stack Web Development,GeeksforGeeks,In Progress,I0531,Amazon,Backend Intern,2 Months,Completed,R0531,94,97,18,Basic,Excellent
ST0532,Hamsini Majumdar,manya60@example.com,VSSUT,CSE,3,2027-09-03,3,Wipro,Software Engineer,73,11,1,1174,LeetCode,36,49,46,36,40,P0532,Placement Prediction System,FastAPI,Medium,https://github.com/ST0532/project,C0532,Python Programming,edX,Completed,I0532,Accenture,Python Developer Intern,1 Month,Ongoing,R0532,31,51,9,Basic,Needs Improvement
ST0533,Leena Luthra,kapadianikita@example.com,SOA University,Mechanical,3,2027-12-04,10,TCS,ML Engineer,265,236,49,1968,LeetCode,99,100,88,88,85,P0533,Attendance Management System,FastAPI,Hard,https://github.com/ST0533/project,C0533,NPTEL DBMS,Coursera,Completed,I0533,Microsoft,Data Analyst Intern,1 Month,Ongoing,R0533,86,85,23,Basic,Excellent
ST0534,Mohammed Koshy,manthan56@example.net,VSSUT,CSE,3,2027-11-27,4,Google,Backend Developer,150,54,13,1577,LeetCode,72,74,66,56,68,P0534,Student Management System,Flask,Easy,https://github.com/ST0534/project,C0534,Machine Learning,edX,Completed,I0534,Amazon,Frontend Intern,2 Months,Ongoing,R0534,69,61,10,Basic,Good
ST0535,Oviya Sama,daksharege@example.net,NIT Rourkela,EEE,4,2027-08-30,10,Oracle,Data Scientist,329,214,62,2027,LeetCode,87,97,90,89,100,P0535,Attendance Management System,FastAPI,Hard,https://github.com/ST0535/project,C0535,Artificial Intelligence Basics,Coursera,In Progress,I0535,Accenture,Software Developer Intern,3 Months,Not Started,R0535,98,92,22,Modern,Excellent
ST0536,Isaac Batra,schanda@example.net,SOA University,CSE,4,2027-08-04,10,Google,Data Scientist,327,259,52,2049,LeetCode,98,90,86,93,85,P0536,Expense Tracker,React,Easy,https://github.com/ST0536/project,C0536,Cyber Security Essentials,Udemy,Completed,I0536,Wipro,Python Developer Intern,3 Months,Not Started,R0536,89,85,22,ATS-Friendly,Excellent
ST0537,Christopher Sundaram,dharanusha@example.com,VSSUT,EEE,3,2027-08-19,7,Adobe,ML Engineer,221,146,48,1642,LeetCode,89,80,75,83,81,P0537,Expense Tracker,Python,Hard,https://github.com/ST0537/project,C0537,Python for Everybody,NPTEL,In Progress,I0537,Amazon,Software Developer Intern,1 Month,Ongoing,R0537,82,85,18,ATS-Friendly,Excellent
ST0538,Dalaja Jhaveri,gaurangimore@example.org,NIT Rourkela,CSE,3,2027-08-11,3,Accenture,Software Engineer,35,1,4,1359,LeetCode,39,60,55,53,45,P0538,E-Commerce Website,Django,Medium,https://github.com/ST0538/project,C0538,NPTEL Computer Networks,edX,In Progress,I0538,Google,Python Developer Intern,1 Month,Ongoing,R0538,40,44,7,ATS-Friendly,Needs Improvement
ST0539,Lavanya Banik,omajabora@example.com,KIIT,ECE,4,2028-01-27,5,Wipro,Frontend Developer,116,59,18,1512,LeetCode,64,71,63,55,70,P0539,Student Management System,React,Hard,https://github.com/ST0539/project,C0539,Java Programming,GeeksforGeeks,In Progress,I0539,Infosys,Software Developer Intern,2 Months,Not Started,R0539,70,67,15,Basic,Good
ST0540,Ganga Saini,kritikadugal@example.org,SOA University,EEE,3,2027-08-02,10,Accenture,Backend Developer,393,294,49,1961,LeetCode,95,88,96,99,97,P0540,Bank Management System,C++,Easy,https://github.com/ST0540/project,C0540,Java Programming,edX,In Progress,I0540,Capgemini,Python Developer Intern,2 Months,Completed,R0540,90,89,18,ATS-Friendly,Excellent
ST0541,Jeet Gulati,vasatikamaharaj@example.org,KIIT,Mechanical,3,2027-08-26,9,Capgemini,Frontend Developer,274,214,40,2230,LeetCode,92,95,87,85,88,P0541,Bank Management System,Java,Easy,https://github.com/ST0541/project,C0541,Cyber Security Essentials,GeeksforGeeks,Completed,I0541,Accenture,Frontend Intern,3 Months,Ongoing,R0541,89,90,24,Modern,Excellent
ST0542,Zaid Ranganathan,champakbarad@example.net,IIT Bhubaneswar,ECE,4,2027-09-12,6,Amazon,ML Engineer,151,180,35,1774,LeetCode,74,77,84,90,76,P0542,Library Management System,Django,Easy,https://github.com/ST0542/project,C0542,Full Stack Web Development,GeeksforGeeks,Completed,I0542,Microsoft,Python Developer Intern,1 Month,Not Started,R0542,78,87,17,ATS-Friendly,Good
ST0543,Neel Chaudhuri,jbarman@example.com,KIIT,IT,3,2027-12-11,10,Accenture,Software Engineer,302,213,58,2299,LeetCode,93,86,85,85,98,P0543,AI Resume Analyzer,React,Easy,https://github.com/ST0543/project,C0543,Cyber Security Essentials,Udemy,Completed,I0543,Google,Backend Intern,2 Months,Completed,R0543,97,87,25,ATS-Friendly,Excellent
ST0544,Joshua Narain,krishnatripathi@example.org,SOA University,Mechanical,3,2028-01-17,3,Microsoft,Backend Developer,27,0,5,1125,LeetCode,41,36,37,40,42,P0544,Attendance Management System,Node.js,Easy,https://github.com/ST0544/project,C0544,Java Programming,Udemy,Completed,I0544,Wipro,Cloud Intern,1 Month,Completed,R0544,32,54,9,ATS-Friendly,Needs Improvement
ST0545,Anjali Chada,qushihayre@example.com,SOA University,IT,4,2027-12-18,3,Oracle,Backend Developer,55,11,4,1279,LeetCode,38,53,55,60,47,P0545,Weather App,MongoDB,Easy,https://github.com/ST0545/project,C0545,Java Programming,edX,Completed,I0545,Google,Cloud Intern,6 Months,Ongoing,R0545,54,54,6,Modern,Average
ST0546,Gagan Iyengar,dev04@example.net,KIIT,Mechanical,4,2027-09-10,5,Wipro,Data Analyst,80,75,12,1448,LeetCode,74,61,73,65,72,P0546,Movie Recommendation System,Java,Hard,https://github.com/ST0546/project,C0546,Cloud Computing,Coursera,Completed,I0546,Accenture,ML Intern,2 Months,Completed,R0546,63,70,12,Modern,Average
ST0547,Chandani Loyal,harish48@example.net,NIT Rourkela,Mechanical,3,2028-01-12,7,Capgemini,Full Stack Developer,160,96,23,1795,LeetCode,86,73,70,75,88,P0547,Hospital Management System,FastAPI,Hard,https://github.com/ST0547/project,C0547,AWS Cloud Practitioner,Coursera,In Progress,I0547,Google,Web Developer Intern,3 Months,Not Started,R0547,75,76,16,Basic,Good
ST0548,Udarsh Gill,ishani39@example.org,KIIT,EEE,4,2027-09-21,8,TCS,Full Stack Developer,383,196,72,2274,LeetCode,94,98,99,99,98,P0548,Bank Management System,Node.js,Medium,https://github.com/ST0548/project,C0548,AWS Cloud Practitioner,Coursera,In Progress,I0548,Microsoft,Software Developer Intern,3 Months,Completed,R0548,90,97,22,Modern,Excellent
ST0549,Chasmum Babu,useth@example.org,NIT Rourkela,CSE,4,2027-11-23,5,Accenture,Data Analyst,95,33,9,1476,LeetCode,73,71,67,71,63,P0549,Face Recognition System,React,Hard,https://github.com/ST0549/project,C0549,Full Stack Web Development,Coursera,Completed,I0549,Infosys,Data Analyst Intern,1 Month,Not Started,R0549,70,69,11,Basic,Good
ST0550,Qarin Sidhu,dominicmallick@example.org,SOA University,IT,3,2027-10-07,10,Oracle,Software Engineer,439,241,80,1836,LeetCode,98,89,95,88,88,P0550,Student Management System,Django,Hard,https://github.com/ST0550/project,C0550,NPTEL DBMS,Coursera,In Progress,I0550,TCS,Backend Intern,3 Months,Not Started,R0550,100,85,25,ATS-Friendly,Excellent
ST0551,Matthew Mitra,yachana74@example.net,IIT Bhubaneswar,ECE,3,2027-10-15,7,Amazon,Full Stack Developer,220,121,37,1647,LeetCode,90,88,77,85,75,P0551,Movie Recommendation System,Flask,Easy,https://github.com/ST0551/project,C0551,React Development,edX,Completed,I0551,Oracle,ML Intern,3 Months,Ongoing,R0551,76,86,20,Basic,Good
ST0552,Aishani Manne,nehabadami@example.org,VSSUT,EEE,4,2027-10-23,6,Capgemini,Software Engineer,170,92,21,1643,LeetCode,83,86,77,83,71,P0552,Library Management System,Flask,Easy,https://github.com/ST0552/project,C0552,Data Structures and Algorithms,edX,In Progress,I0552,Accenture,Frontend Intern,6 Months,Ongoing,R0552,73,84,16,Modern,Good
ST0553,Amaira Sur,boaserohan@example.com,SOA University,Mechanical,4,2027-08-11,8,Wipro,Frontend Developer,344,212,98,2253,LeetCode,95,89,99,94,87,P0553,AI Resume Analyzer,MySQL,Hard,https://github.com/ST0553/project,C0553,Google Data Analytics,NPTEL,Completed,I0553,Wipro,Software Developer Intern,2 Months,Completed,R0553,97,98,24,Modern,Excellent
ST0554,Ojasvi Khalsa,kdhar@example.org,NIT Rourkela,IT,4,2028-01-14,2,Capgemini,Full Stack Developer,10,18,5,1187,LeetCode,39,55,39,60,38,P0554,Weather App,Django,Medium,https://github.com/ST0554/project,C0554,Python for Everybody,Coursera,In Progress,I0554,Cognizant,Backend Intern,3 Months,Not Started,R0554,49,56,9,Modern,Needs Improvement
ST0555,Vidhi Banerjee,sagarfaraj@example.net,SOA University,ECE,4,2027-08-29,6,Google,Backend Developer,188,101,47,1622,LeetCode,73,90,72,81,80,P0555,Attendance Management System,React,Medium,https://github.com/ST0555/project,C0555,NPTEL Computer Networks,edX,Completed,I0555,Capgemini,Data Analyst Intern,1 Month,Ongoing,R0555,81,87,19,Modern,Excellent
ST0556,Yasti Vyas,narainsudiksha@example.com,NIT Rourkela,CSE,4,2028-01-21,9,Wipro,Backend Developer,283,173,76,2054,LeetCode,88,87,85,87,98,P0556,Movie Recommendation System,Django,Hard,https://github.com/ST0556/project,C0556,Java Programming,edX,In Progress,I0556,TCS,Web Developer Intern,3 Months,Completed,R0556,92,100,25,Basic,Excellent
ST0557,Arunima Sachar,rajankamya@example.org,IIT Bhubaneswar,ECE,3,2027-08-14,10,Microsoft,Data Scientist,343,197,74,1886,LeetCode,99,86,97,91,91,P0557,Online Quiz System,Flask,Hard,https://github.com/ST0557/project,C0557,SQL for Data Science,GeeksforGeeks,In Progress,I0557,Amazon,Cloud Intern,6 Months,Ongoing,R0557,91,91,22,Modern,Excellent
ST0558,Abeer Pall,nakul18@example.org,NIT Rourkela,CSE,4,2027-08-30,7,Adobe,Data Scientist,168,106,31,1770,LeetCode,83,71,76,74,81,P0558,Bank Management System,Node.js,Medium,https://github.com/ST0558/project,C0558,React Development,Coursera,In Progress,I0558,Microsoft,Cloud Intern,3 Months,Completed,R0558,83,76,16,Modern,Excellent
ST0559,Mohammed Murthy,karidalbir@example.net,IIT Bhubaneswar,ECE,3,2027-10-19,5,Adobe,Frontend Developer,93,52,9,1440,LeetCode,70,58,58,62,74,P0559,Portfolio Website,FastAPI,Medium,https://github.com/ST0559/project,C0559,Cyber Security Essentials,Udemy,Completed,I0559,Accenture,Frontend Intern,2 Months,Not Started,R0559,58,75,11,Modern,Average
ST0560,Baghyawati Bose,caleb86@example.net,KIIT,Mechanical,3,2027-08-23,5,TCS,Full Stack Developer,88,57,15,1567,LeetCode,74,63,64,61,65,P0560,Chatbot,Python,Hard,https://github.com/ST0560/project,C0560,Python for Everybody,NPTEL,Completed,I0560,Oracle,ML Intern,2 Months,Ongoing,R0560,56,74,12,Basic,Average
ST0561,Keya Kumer,tde@example.org,VSSUT,IT,3,2027-11-02,10,Infosys,Full Stack Developer,437,223,55,2154,LeetCode,90,100,97,96,88,P0561,Movie Recommendation System,FastAPI,Easy,https://github.com/ST0561/project,C0561,NPTEL DBMS,edX,Completed,I0561,Wipro,Cloud Intern,2 Months,Not Started,R0561,86,98,20,Modern,Excellent
ST0562,Robert Misra,mitterishanvi@example.com,NIT Rourkela,EEE,4,2028-01-21,7,Google,Data Analyst,231,125,23,1671,LeetCode,80,76,89,79,78,P0562,Bank Management System,React,Easy,https://github.com/ST0562/project,C0562,Full Stack Web Development,edX,Completed,I0562,Accenture,Software Developer Intern,2 Months,Completed,R0562,80,76,20,Basic,Excellent
ST0563,Adweta Bhavsar,naikfrado@example.net,NIT Rourkela,ECE,3,2028-01-28,2,Microsoft,ML Engineer,11,16,3,1297,LeetCode,50,38,41,41,36,P0563,Placement Prediction System,Node.js,Easy,https://github.com/ST0563/project,C0563,Google Data Analytics,Coursera,In Progress,I0563,Oracle,Cloud Intern,6 Months,Ongoing,R0563,35,40,6,Modern,Needs Improvement
ST0564,Sathvik Soman,aramakrishnan@example.org,VSSUT,ECE,3,2027-11-19,9,Capgemini,Software Engineer,428,185,80,2063,LeetCode,93,96,97,87,100,P0564,Student Management System,Python,Hard,https://github.com/ST0564/project,C0564,React Development,Coursera,In Progress,I0564,TCS,Software Developer Intern,1 Month,Not Started,R0564,85,90,24,Modern,Excellent
ST0565,Rajata Rout,krishdivya@example.org,KIIT,ECE,3,2027-12-30,2,Wipro,Backend Developer,62,2,2,1217,LeetCode,35,37,59,60,56,P0565,Online Quiz System,Flask,Medium,https://github.com/ST0565/project,C0565,AWS Cloud Practitioner,edX,Completed,I0565,TCS,ML Intern,3 Months,Completed,R0565,43,45,9,Modern,Needs Improvement
ST0566,Onkar Korpal,ravelmanya@example.com,NIT Rourkela,IT,3,2027-10-15,5,Infosys,Backend Developer,114,65,15,1418,LeetCode,65,69,71,59,75,P0566,Hospital Management System,FastAPI,Medium,https://github.com/ST0566/project,C0566,Java Programming,Udemy,Completed,I0566,Capgemini,Frontend Intern,3 Months,Completed,R0566,64,65,11,ATS-Friendly,Average
ST0567,Bakhshi Singh,sarannathaniel@example.com,NIT Rourkela,IT,3,2027-12-15,5,Amazon,Backend Developer,112,77,10,1412,LeetCode,56,74,57,63,61,P0567,Online Quiz System,MySQL,Medium,https://github.com/ST0567/project,C0567,Java Programming,edX,Completed,I0567,Capgemini,Web Developer Intern,2 Months,Ongoing,R0567,65,65,11,ATS-Friendly,Good
ST0568,Qabil Balakrishnan,ethan41@example.org,SOA University,ECE,4,2027-09-05,7,TCS,Software Engineer,196,152,38,1626,LeetCode,82,77,84,78,82,P0568,Chatbot,MySQL,Easy,https://github.com/ST0568/project,C0568,AWS Cloud Practitioner,edX,In Progress,I0568,Google,Frontend Intern,3 Months,Ongoing,R0568,80,86,16,Modern,Excellent
ST0569,Bhavini Lalla,gautam46@example.com,SOA University,Mechanical,4,2027-08-13,5,TCS,Backend Developer,106,30,18,1487,LeetCode,65,73,66,60,74,P0569,Student Management System,React,Easy,https://github.com/ST0569/project,C0569,Java Programming,GeeksforGeeks,In Progress,I0569,Oracle,Data Analyst Intern,1 Month,Completed,R0569,56,66,10,Basic,Average
ST0570,Chasmum Mander,yohannanbaghyawati@example.com,IIT Bhubaneswar,EEE,3,2027-09-09,8,Capgemini,Frontend Developer,410,275,76,2147,LeetCode,85,91,100,98,98,P0570,Chatbot,React,Medium,https://github.com/ST0570/project,C0570,Machine Learning,edX,In Progress,I0570,Infosys,Data Analyst Intern,1 Month,Ongoing,R0570,93,94,18,Modern,Excellent
ST0571,Ansh Sane,koshyharita@example.com,VSSUT,IT,4,2027-11-07,8,TCS,Data Scientist,324,188,63,2018,LeetCode,96,85,96,97,95,P0571,Hospital Management System,Flask,Easy,https://github.com/ST0571/project,C0571,Machine Learning,edX,Completed,I0571,Oracle,Web Developer Intern,6 Months,Completed,R0571,85,100,22,Modern,Excellent
ST0572,Gayathri Gupta,sbrar@example.org,NIT Rourkela,IT,3,2027-11-29,2,Infosys,Full Stack Developer,62,4,3,1075,LeetCode,41,42,56,39,45,P0572,Bank Management System,Python,Easy,https://github.com/ST0572/project,C0572,Full Stack Web Development,Udemy,In Progress,I0572,Infosys,Backend Intern,6 Months,Completed,R0572,55,50,9,Modern,Average
ST0573,Tara Lal,aryanguha@example.org,IIT Bhubaneswar,ECE,4,2027-11-03,4,Wipro,ML Engineer,111,41,7,1590,LeetCode,65,62,63,74,69,P0573,AI Resume Analyzer,Node.js,Hard,https://github.com/ST0573/project,C0573,Cloud Computing,edX,Completed,I0573,Infosys,Cloud Intern,6 Months,Ongoing,R0573,67,73,13,Basic,Good
ST0574,Niharika Kara,abeerdayal@example.net,IIT Bhubaneswar,CSE,3,2027-08-28,3,Amazon,ML Engineer,17,29,3,1121,LeetCode,59,42,40,38,38,P0574,Weather App,Java,Medium,https://github.com/ST0574/project,C0574,Google Data Analytics,NPTEL,Completed,I0574,Wipro,Backend Intern,3 Months,Not Started,R0574,30,50,8,Modern,Needs Improvement
ST0575,Nitara Tank,odin@example.net,KIIT,Mechanical,4,2027-08-12,8,Google,Frontend Developer,412,221,65,1847,LeetCode,89,99,88,96,100,P0575,Hospital Management System,MongoDB,Medium,https://github.com/ST0575/project,C0575,SQL for Data Science,Udemy,In Progress,I0575,Wipro,Web Developer Intern,6 Months,Completed,R0575,85,93,25,Modern,Excellent
ST0576,Simon Sood,gopal23@example.com,KIIT,CSE,3,2027-12-31,9,Amazon,Full Stack Developer,299,232,56,1957,LeetCode,88,98,94,98,93,P0576,Weather App,Django,Medium,https://github.com/ST0576/project,C0576,NPTEL Computer Networks,Udemy,In Progress,I0576,Infosys,Backend Intern,2 Months,Ongoing,R0576,89,87,19,ATS-Friendly,Excellent
ST0577,Jai Sarkar,skonda@example.net,IIT Bhubaneswar,Mechanical,3,2027-10-07,6,Capgemini,Full Stack Developer,196,121,43,1775,LeetCode,72,85,74,87,73,P0577,E-Commerce Website,Node.js,Medium,https://github.com/ST0577/project,C0577,Artificial Intelligence Basics,edX,In Progress,I0577,Oracle,Software Developer Intern,1 Month,Not Started,R0577,75,84,20,Basic,Good
ST0578,Charvi Chakrabarti,sara99@example.net,SOA University,IT,3,2027-12-09,2,Microsoft,Full Stack Developer,21,3,1,1083,LeetCode,47,47,46,58,35,P0578,Expense Tracker,MongoDB,Hard,https://github.com/ST0578/project,C0578,React Development,GeeksforGeeks,In Progress,I0578,TCS,ML Intern,1 Month,Not Started,R0578,30,59,8,Basic,Needs Improvement
ST0579,Edhitha Hegde,manibarkha@example.net,SOA University,EEE,3,2027-10-26,7,Adobe,Frontend Developer,219,85,42,1798,LeetCode,87,80,86,78,82,P0579,Placement Prediction System,Django,Hard,https://github.com/ST0579/project,C0579,Cloud Computing,Udemy,Completed,I0579,Capgemini,Python Developer Intern,1 Month,Completed,R0579,78,82,20,Basic,Good
ST0580,Amara Shetty,mugdha24@example.com,IIT Bhubaneswar,CSE,4,2027-09-09,5,Amazon,Frontend Developer,104,43,8,1413,LeetCode,73,75,63,64,67,P0580,Library Management System,Java,Hard,https://github.com/ST0580/project,C0580,Data Structures and Algorithms,Coursera,In Progress,I0580,Microsoft,Software Developer Intern,3 Months,Completed,R0580,63,75,11,Basic,Average
ST0581,Vanya Ganguly,tbala@example.net,NIT Rourkela,ECE,3,2028-01-17,6,Infosys,Software Engineer,205,101,34,1695,LeetCode,85,72,87,79,75,P0581,Bank Management System,MongoDB,Easy,https://github.com/ST0581/project,C0581,Cloud Computing,GeeksforGeeks,In Progress,I0581,Cognizant,Frontend Intern,3 Months,Not Started,R0581,70,86,17,ATS-Friendly,Good
ST0582,Ijaya Bala,osem@example.org,NIT Rourkela,EEE,4,2027-08-28,7,Capgemini,ML Engineer,152,118,40,1670,LeetCode,73,89,70,71,86,P0582,Online Quiz System,Flask,Easy,https://github.com/ST0582/project,C0582,Data Structures and Algorithms,GeeksforGeeks,In Progress,I0582,Oracle,Software Developer Intern,3 Months,Ongoing,R0582,71,88,17,Modern,Good
ST0583,Agastya Wable,akshaybobal@example.com,VSSUT,CSE,4,2027-08-17,10,Google,Software Engineer,413,229,53,2028,LeetCode,96,96,89,94,97,P0583,Student Management System,Python,Easy,https://github.com/ST0583/project,C0583,NPTEL DBMS,GeeksforGeeks,In Progress,I0583,TCS,Backend Intern,3 Months,Not Started,R0583,93,95,18,Basic,Excellent
ST0584,Xavier Toor,hredhaan06@example.net,KIIT,IT,3,2027-08-26,6,Microsoft,Data Scientist,209,172,41,1622,LeetCode,73,85,71,90,85,P0584,Face Recognition System,Java,Easy,https://github.com/ST0584/project,C0584,Artificial Intelligence Basics,GeeksforGeeks,Completed,I0584,Infosys,Python Developer Intern,1 Month,Ongoing,R0584,71,79,15,Modern,Good
ST0585,Urvi Kalita,chandameghana@example.com,NIT Rourkela,ECE,3,2027-11-09,8,Accenture,ML Engineer,430,177,82,1982,LeetCode,90,87,99,96,88,P0585,Library Management System,Python,Medium,https://github.com/ST0585/project,C0585,Python Programming,Coursera,Completed,I0585,Wipro,Data Analyst Intern,2 Months,Completed,R0585,97,88,20,Basic,Excellent
ST0586,Jhalak Mandal,fsawhney@example.net,NIT Rourkela,ECE,4,2027-10-02,8,Wipro,Data Analyst,441,275,89,2222,LeetCode,95,98,89,95,89,P0586,Chatbot,React,Easy,https://github.com/ST0586/project,C0586,Cyber Security Essentials,Udemy,Completed,I0586,Cognizant,Software Developer Intern,6 Months,Completed,R0586,100,88,22,ATS-Friendly,Excellent
ST0587,Keya Kanda,xiyer@example.com,KIIT,EEE,4,2028-01-01,10,Accenture,Backend Developer,321,194,87,1886,LeetCode,99,85,96,92,87,P0587,E-Commerce Website,MongoDB,Medium,https://github.com/ST0587/project,C0587,Full Stack Web Development,GeeksforGeeks,Completed,I0587,Accenture,Frontend Intern,1 Month,Ongoing,R0587,96,99,24,Basic,Excellent
ST0588,Zaitra Mohan,chhabraeesha@example.com,VSSUT,EEE,3,2027-09-27,4,Oracle,Data Analyst,140,65,9,1456,LeetCode,71,61,58,62,58,P0588,E-Commerce Website,Java,Medium,https://github.com/ST0588/project,C0588,Cyber Security Essentials,edX,In Progress,I0588,Accenture,Software Developer Intern,3 Months,Not Started,R0588,57,69,11,ATS-Friendly,Average
ST0589,Isha Radhakrishnan,iyerpallavi@example.org,VSSUT,EEE,3,2027-08-13,4,Infosys,Software Engineer,92,61,16,1489,LeetCode,70,56,72,63,73,P0589,Expense Tracker,MySQL,Easy,https://github.com/ST0589/project,C0589,Full Stack Web Development,edX,In Progress,I0589,Infosys,ML Intern,6 Months,Ongoing,R0589,66,71,15,Basic,Good
ST0590,Dayamai Sama,kaladevansh@example.org,NIT Rourkela,ECE,4,2027-11-14,5,Amazon,Frontend Developer,97,74,18,1422,LeetCode,70,64,58,57,61,P0590,Student Management System,FastAPI,Easy,https://github.com/ST0590/project,C0590,Cloud Computing,GeeksforGeeks,In Progress,I0590,Infosys,Web Developer Intern,3 Months,Completed,R0590,60,65,14,ATS-Friendly,Average
ST0591,Manya Ram,hemanigera@example.com,IIT Bhubaneswar,CSE,4,2027-08-25,8,Microsoft,Data Analyst,258,224,81,1884,LeetCode,87,93,94,87,88,P0591,Portfolio Website,React,Medium,https://github.com/ST0591/project,C0591,NPTEL DBMS,Udemy,Completed,I0591,Capgemini,ML Intern,2 Months,Not Started,R0591,91,93,21,Modern,Excellent
ST0592,Gautam Wable,raagini50@example.com,IIT Bhubaneswar,IT,3,2028-01-17,5,Amazon,Data Scientist,83,52,13,1546,LeetCode,70,75,73,61,69,P0592,Expense Tracker,MongoDB,Easy,https://github.com/ST0592/project,C0592,React Development,Coursera,Completed,I0592,Amazon,ML Intern,3 Months,Completed,R0592,67,71,14,ATS-Friendly,Good
ST0593,Radha Bajwa,bjayaraman@example.com,NIT Rourkela,ECE,3,2027-09-19,3,Microsoft,Data Scientist,48,26,1,1320,LeetCode,41,50,56,44,54,P0593,E-Commerce Website,FastAPI,Medium,https://github.com/ST0593/project,C0593,React Development,Udemy,Completed,I0593,Cognizant,Cloud Intern,1 Month,Not Started,R0593,37,52,6,Basic,Needs Improvement
ST0594,Jason Grover,ishani92@example.com,IIT Bhubaneswar,ECE,3,2027-11-26,5,Accenture,Data Analyst,128,63,5,1490,LeetCode,59,74,62,55,66,P0594,Movie Recommendation System,Flask,Medium,https://github.com/ST0594/project,C0594,Artificial Intelligence Basics,NPTEL,Completed,I0594,Amazon,Data Analyst Intern,2 Months,Not Started,R0594,59,74,15,Basic,Average
ST0595,Liam Nadig,diya05@example.com,NIT Rourkela,IT,4,2027-12-06,7,Microsoft,Frontend Developer,160,175,35,1697,LeetCode,80,89,78,89,89,P0595,Movie Recommendation System,FastAPI,Medium,https://github.com/ST0595/project,C0595,Data Structures and Algorithms,Udemy,Completed,I0595,Capgemini,Frontend Intern,1 Month,Completed,R0595,74,87,20,Modern,Good
ST0596,Aachal Ramakrishnan,kantsara@example.org,VSSUT,ECE,3,2028-01-14,7,Adobe,Data Scientist,211,167,28,1730,LeetCode,71,71,84,72,85,P0596,Student Management System,Flask,Hard,https://github.com/ST0596/project,C0596,Google Data Analytics,edX,Completed,I0596,Capgemini,Frontend Intern,3 Months,Ongoing,R0596,75,89,14,ATS-Friendly,Good
ST0597,Nidhi Narasimhan,oscar39@example.net,NIT Rourkela,CSE,3,2027-09-04,6,Oracle,Software Engineer,238,88,46,1792,LeetCode,84,90,90,74,86,P0597,Online Quiz System,C++,Easy,https://github.com/ST0597/project,C0597,React Development,Coursera,In Progress,I0597,TCS,Web Developer Intern,1 Month,Ongoing,R0597,78,80,17,ATS-Friendly,Good
ST0598,Ishanvi Venkataraman,vbiswas@example.net,KIIT,ECE,4,2027-10-20,4,Microsoft,Data Scientist,146,32,11,1534,LeetCode,63,69,62,63,59,P0598,Weather App,Python,Easy,https://github.com/ST0598/project,C0598,Cyber Security Essentials,Udemy,Completed,I0598,TCS,Frontend Intern,2 Months,Ongoing,R0598,69,71,14,Basic,Good
ST0599,Laban Johal,annedalaja@example.com,KIIT,IT,3,2027-10-03,4,Adobe,Data Analyst,128,37,11,1472,LeetCode,71,74,71,69,74,P0599,Placement Prediction System,Flask,Medium,https://github.com/ST0599/project,C0599,Python Programming,Udemy,Completed,I0599,Accenture,Data Analyst Intern,1 Month,Ongoing,R0599,59,61,11,Modern,Average
ST0600,Chakrika Deshpande,xmani@example.net,KIIT,EEE,3,2027-10-10,4,Google,Frontend Developer,101,45,20,1405,LeetCode,75,66,67,69,72,P0600,Chatbot,MySQL,Hard,https://github.com/ST0600/project,C0600,NPTEL DBMS,Udemy,In Progress,I0600,Infosys,Web Developer Intern,3 Months,Not Started,R0600,56,73,11,Modern,Average
ST0601,Deepa Nagarajan,sachireddy@example.com,NIT Rourkela,ECE,4,2027-09-09,3,Capgemini,Backend Developer,15,8,4,1157,LeetCode,40,52,42,43,43,P0601,Bank Management System,React,Medium,https://github.com/ST0601/project,C0601,Java Programming,Coursera,In Progress,I0601,Cognizant,Frontend Intern,2 Months,Not Started,R0601,48,57,8,Basic,Needs Improvement
ST0602,Oscar Narang,shenoydominic@example.net,SOA University,CSE,4,2027-08-04,10,Microsoft,Data Scientist,287,252,51,1872,LeetCode,87,94,91,92,91,P0602,Student Management System,Python,Medium,https://github.com/ST0602/project,C0602,NPTEL Computer Networks,NPTEL,In Progress,I0602,Infosys,Software Developer Intern,3 Months,Not Started,R0602,85,91,22,Basic,Excellent
ST0603,Triya Saraf,lekhadua@example.net,KIIT,CSE,3,2027-10-08,6,TCS,Data Scientist,159,171,27,1702,LeetCode,70,84,79,71,72,P0603,Student Management System,Django,Easy,https://github.com/ST0603/project,C0603,Data Structures and Algorithms,NPTEL,In Progress,I0603,Microsoft,Web Developer Intern,3 Months,Ongoing,R0603,74,90,19,Basic,Good
ST0604,Indali Sekhon,jasmitbath@example.net,SOA University,Mechanical,4,2027-09-05,6,Microsoft,Data Analyst,159,167,44,1627,LeetCode,75,72,87,86,78,P0604,Placement Prediction System,Node.js,Medium,https://github.com/ST0604/project,C0604,SQL for Data Science,GeeksforGeeks,Completed,I0604,Oracle,Data Analyst Intern,3 Months,Not Started,R0604,78,82,18,ATS-Friendly,Good
ST0605,Mugdha Kalla,nathanprashad@example.com,SOA University,IT,3,2027-09-27,9,Capgemini,Full Stack Developer,347,186,41,2204,LeetCode,99,95,93,97,97,P0605,AI Resume Analyzer,C++,Easy,https://github.com/ST0605/project,C0605,Cloud Computing,Udemy,In Progress,I0605,Cognizant,Data Analyst Intern,6 Months,Completed,R0605,85,85,21,ATS-Friendly,Excellent
ST0606,Radhika Chandran,azaanjoshi@example.com,SOA University,CSE,3,2027-08-14,6,Infosys,Data Scientist,234,118,25,1786,LeetCode,84,88,75,88,80,P0606,Movie Recommendation System,C++,Hard,https://github.com/ST0606/project,C0606,NPTEL Computer Networks,Coursera,In Progress,I0606,Google,Python Developer Intern,2 Months,Not Started,R0606,71,78,16,Basic,Good
ST0607,Avni Raju,darika54@example.com,VSSUT,Mechanical,3,2027-09-10,7,Wipro,Data Analyst,231,105,26,1728,LeetCode,82,90,74,82,84,P0607,Chatbot,React,Medium,https://github.com/ST0607/project,C0607,AWS Cloud Practitioner,GeeksforGeeks,In Progress,I0607,Google,Web Developer Intern,3 Months,Ongoing,R0607,85,86,14,Modern,Excellent
ST0608,Anya Shroff,aarna42@example.org,IIT Bhubaneswar,IT,3,2027-09-04,7,Microsoft,ML Engineer,178,129,28,1738,LeetCode,82,89,74,79,86,P0608,Placement Prediction System,MongoDB,Hard,https://github.com/ST0608/project,C0608,Java Programming,NPTEL,In Progress,I0608,Google,Data Analyst Intern,2 Months,Ongoing,R0608,83,90,20,Modern,Excellent
ST0609,Ishanvi Chokshi,randhawanidhi@example.org,SOA University,CSE,4,2027-08-16,3,Google,ML Engineer,61,21,1,1223,LeetCode,41,57,43,39,50,P0609,Attendance Management System,Node.js,Easy,https://github.com/ST0609/project,C0609,Machine Learning,Coursera,Completed,I0609,Cognizant,Software Developer Intern,3 Months,Not Started,R0609,30,40,7,Modern,Needs Improvement
ST0610,Chanakya Mammen,mdada@example.net,KIIT,Mechanical,3,2027-12-03,3,TCS,Data Analyst,40,1,5,1038,LeetCode,41,55,60,43,38,P0610,Face Recognition System,Node.js,Easy,https://github.com/ST0610/project,C0610,Python Programming,NPTEL,In Progress,I0610,Capgemini,Frontend Intern,2 Months,Ongoing,R0610,36,51,6,Basic,Needs Improvement
ST0611,Aashi Shah,bainstanmayi@example.org,NIT Rourkela,ECE,4,2027-12-06,2,Wipro,Software Engineer,49,21,0,1101,LeetCode,36,38,48,58,46,P0611,Face Recognition System,FastAPI,Medium,https://github.com/ST0611/project,C0611,Artificial Intelligence Basics,NPTEL,In Progress,I0611,Accenture,Cloud Intern,1 Month,Not Started,R0611,39,54,7,Modern,Needs Improvement
ST0612,Yatan Raja,qasim53@example.net,KIIT,ECE,4,2027-09-27,9,Adobe,Data Scientist,378,184,84,1892,LeetCode,97,90,88,85,96,P0612,Chatbot,C++,Medium,https://github.com/ST0612/project,C0612,Data Structures and Algorithms,edX,Completed,I0612,Cognizant,Frontend Intern,3 Months,Not Started,R0612,96,91,19,Basic,Excellent
ST0613,Aayush Dey,chaudhurisudiksha@example.org,KIIT,EEE,3,2027-09-17,9,Oracle,Software Engineer,447,206,41,1952,LeetCode,96,89,96,90,89,P0613,Bank Management System,MySQL,Easy,https://github.com/ST0613/project,C0613,Python Programming,GeeksforGeeks,In Progress,I0613,Amazon,Backend Intern,6 Months,Completed,R0613,89,100,23,Modern,Excellent
ST0614,Yatan Reddy,senishanvi@example.net,IIT Bhubaneswar,ECE,4,2027-12-26,5,Accenture,Frontend Developer,114,63,20,1581,LeetCode,55,58,63,73,59,P0614,Chatbot,MongoDB,Easy,https://github.com/ST0614/project,C0614,Data Structures and Algorithms,edX,Completed,I0614,Cognizant,Python Developer Intern,6 Months,Not Started,R0614,65,72,14,ATS-Friendly,Good
ST0615,Ekiya Tata,ekiyakrishnan@example.org,VSSUT,IT,3,2027-09-20,10,Wipro,Software Engineer,326,289,76,1861,LeetCode,89,85,88,91,96,P0615,E-Commerce Website,MongoDB,Easy,https://github.com/ST0615/project,C0615,Google Data Analytics,edX,In Progress,I0615,Wipro,Frontend Intern,6 Months,Completed,R0615,90,88,22,Modern,Excellent
ST0616,Vansha Nori,mason69@example.org,NIT Rourkela,Mechanical,3,2027-12-24,7,TCS,Frontend Developer,181,137,33,1799,LeetCode,78,77,80,76,78,P0616,Student Management System,React,Easy,https://github.com/ST0616/project,C0616,SQL for Data Science,Coursera,In Progress,I0616,Amazon,ML Intern,1 Month,Ongoing,R0616,71,79,16,Modern,Good
ST0617,Gaurang Talwar,yashawini63@example.org,NIT Rourkela,ECE,3,2027-09-24,5,Accenture,Data Analyst,119,32,15,1480,LeetCode,62,62,55,58,66,P0617,Student Management System,Django,Medium,https://github.com/ST0617/project,C0617,AWS Cloud Practitioner,Coursera,Completed,I0617,Capgemini,Backend Intern,2 Months,Not Started,R0617,68,70,13,ATS-Friendly,Good
ST0618,Indali Chaudhary,ikshita76@example.com,SOA University,CSE,3,2028-01-17,8,Accenture,Frontend Developer,280,195,45,1825,LeetCode,95,99,91,99,89,P0618,Student Management System,React,Easy,https://github.com/ST0618/project,C0618,Machine Learning,GeeksforGeeks,In Progress,I0618,Google,Python Developer Intern,6 Months,Ongoing,R0618,90,96,23,Modern,Excellent
ST0619,Rehaan Dutta,aradhana61@example.net,KIIT,ECE,4,2027-12-26,7,Accenture,Data Analyst,234,134,32,1652,LeetCode,89,87,89,86,84,P0619,Placement Prediction System,MongoDB,Easy,https://github.com/ST0619/project,C0619,SQL for Data Science,NPTEL,Completed,I0619,Google,Backend Intern,3 Months,Completed,R0619,74,85,19,Basic,Good
ST0620,Zehaan Chatterjee,khanda@example.net,NIT Rourkela,ECE,4,2027-10-25,3,Accenture,Frontend Developer,24,29,0,1090,LeetCode,60,54,51,51,54,P0620,Library Management System,MongoDB,Medium,https://github.com/ST0620/project,C0620,Python for Everybody,GeeksforGeeks,Completed,I0620,Google,Frontend Intern,1 Month,Completed,R0620,32,54,9,ATS-Friendly,Needs Improvement
ST0621,Jeet Mahajan,suraayush@example.net,IIT Bhubaneswar,IT,3,2027-08-27,10,Google,Data Scientist,356,256,52,2244,LeetCode,86,88,90,99,88,P0621,Face Recognition System,Python,Hard,https://github.com/ST0621/project,C0621,Full Stack Web Development,edX,In Progress,I0621,Google,Software Developer Intern,1 Month,Completed,R0621,93,92,22,Basic,Excellent
ST0622,Urvashi Palla,samarthwalia@example.com,NIT Rourkela,IT,4,2027-12-15,2,Amazon,Data Scientist,44,0,0,1038,LeetCode,55,55,57,46,51,P0622,Expense Tracker,Django,Medium,https://github.com/ST0622/project,C0622,Cloud Computing,Coursera,In Progress,I0622,Microsoft,Web Developer Intern,3 Months,Ongoing,R0622,51,57,8,Modern,Average
ST0623,Tarak Sarin,surijhalak@example.com,SOA University,IT,4,2027-10-26,10,Adobe,Full Stack Developer,319,288,87,2250,LeetCode,100,87,99,98,93,P0623,Attendance Management System,C++,Easy,https://github.com/ST0623/project,C0623,Artificial Intelligence Basics,Coursera,Completed,I0623,Oracle,Web Developer Intern,1 Month,Ongoing,R0623,91,85,24,Modern,Excellent
ST0624,Anya Wadhwa,dev13@example.net,SOA University,ECE,3,2027-09-05,5,TCS,ML Engineer,115,73,20,1514,LeetCode,65,74,57,62,56,P0624,Movie Recommendation System,FastAPI,Medium,https://github.com/ST0624/project,C0624,AWS Cloud Practitioner,Coursera,Completed,I0624,Amazon,Frontend Intern,2 Months,Completed,R0624,58,70,14,Modern,Average
ST0625,Gautami Contractor,chamankakar@example.net,VSSUT,EEE,4,2027-08-21,2,Adobe,Frontend Developer,74,16,3,1121,LeetCode,55,49,51,47,36,P0625,Chatbot,Node.js,Easy,https://github.com/ST0625/project,C0625,Python for Everybody,GeeksforGeeks,Completed,I0625,Oracle,Cloud Intern,6 Months,Completed,R0625,32,49,7,Basic,Needs Improvement
ST0626,Panini Dalal,maniwidisha@example.org,SOA University,ECE,3,2027-09-04,7,Capgemini,Frontend Developer,227,156,38,1699,LeetCode,79,81,87,80,82,P0626,Attendance Management System,React,Easy,https://github.com/ST0626/project,C0626,NPTEL Computer Networks,edX,In Progress,I0626,TCS,Frontend Intern,1 Month,Not Started,R0626,78,80,18,Modern,Good
ST0627,Indali Samra,roysiya@example.com,IIT Bhubaneswar,Mechanical,3,2027-09-07,2,Amazon,Frontend Developer,70,4,4,1151,LeetCode,42,43,59,49,35,P0627,Bank Management System,FastAPI,Medium,https://github.com/ST0627/project,C0627,Data Structures and Algorithms,NPTEL,Completed,I0627,Accenture,Data Analyst Intern,1 Month,Ongoing,R0627,48,53,9,Modern,Needs Improvement
ST0628,Bimala Bahl,yogixavier@example.com,SOA University,CSE,3,2028-01-22,9,TCS,Software Engineer,356,240,42,1930,LeetCode,88,86,97,92,100,P0628,Portfolio Website,MongoDB,Easy,https://github.com/ST0628/project,C0628,SQL for Data Science,GeeksforGeeks,Completed,I0628,Accenture,Frontend Intern,6 Months,Completed,R0628,86,87,19,Basic,Excellent
ST0629,Ekaja Kaur,qgrover@example.net,NIT Rourkela,ECE,4,2027-10-28,10,Accenture,Data Scientist,400,216,92,2136,LeetCode,100,90,94,97,93,P0629,Student Management System,Java,Easy,https://github.com/ST0629/project,C0629,Python Programming,NPTEL,Completed,I0629,Google,Frontend Intern,1 Month,Not Started,R0629,91,100,24,Basic,Excellent
ST0630,Neel Mahajan,hben@example.org,NIT Rourkela,CSE,3,2027-09-18,9,Microsoft,Data Scientist,321,211,97,1986,LeetCode,94,96,95,100,98,P0630,Weather App,Java,Medium,https://github.com/ST0630/project,C0630,Cyber Security Essentials,Coursera,Completed,I0630,Amazon,ML Intern,2 Months,Ongoing,R0630,100,98,22,Modern,Excellent
ST0631,Mahika Srivastava,brararunima@example.com,VSSUT,IT,4,2027-12-19,3,Oracle,ML Engineer,37,6,2,1037,LeetCode,41,54,37,42,51,P0631,Expense Tracker,MongoDB,Medium,https://github.com/ST0631/project,C0631,Python for Everybody,GeeksforGeeks,Completed,I0631,Cognizant,Frontend Intern,2 Months,Ongoing,R0631,42,52,5,ATS-Friendly,Needs Improvement
ST0632,Bahadurjit Warrior,singhalqabil@example.org,NIT Rourkela,CSE,3,2027-11-06,7,Amazon,Data Analyst,159,124,34,1617,LeetCode,89,73,73,78,90,P0632,Weather App,Java,Medium,https://github.com/ST0632/project,C0632,Cyber Security Essentials,GeeksforGeeks,Completed,I0632,Wipro,Cloud Intern,3 Months,Ongoing,R0632,70,87,19,Basic,Good
ST0633,Luke Dhaliwal,cdevi@example.net,IIT Bhubaneswar,CSE,3,2027-12-09,8,Capgemini,Data Scientist,376,196,81,2235,LeetCode,99,93,95,100,86,P0633,Placement Prediction System,MySQL,Medium,https://github.com/ST0633/project,C0633,React Development,edX,Completed,I0633,Microsoft,Data Analyst Intern,3 Months,Ongoing,R0633,86,86,18,Basic,Excellent
ST0634,Ranbir Dey,urmiraju@example.org,NIT Rourkela,EEE,3,2027-12-21,5,Wipro,Backend Developer,111,42,8,1426,LeetCode,68,64,55,70,64,P0634,Online Quiz System,C++,Hard,https://github.com/ST0634/project,C0634,NPTEL DBMS,GeeksforGeeks,In Progress,I0634,Cognizant,ML Intern,2 Months,Not Started,R0634,65,75,11,Basic,Good
ST0635,Panini Sheth,babusneha@example.net,SOA University,ECE,3,2028-01-22,4,TCS,Software Engineer,128,53,13,1438,LeetCode,64,73,61,63,66,P0635,Chatbot,MongoDB,Hard,https://github.com/ST0635/project,C0635,Python Programming,NPTEL,Completed,I0635,Capgemini,Data Analyst Intern,3 Months,Not Started,R0635,57,73,14,ATS-Friendly,Average
ST0636,Samar Dhingra,qasimyogi@example.org,NIT Rourkela,IT,4,2027-09-19,9,Oracle,ML Engineer,432,170,45,2057,LeetCode,100,87,99,91,100,P0636,E-Commerce Website,C++,Easy,https://github.com/ST0636/project,C0636,Java Programming,Udemy,In Progress,I0636,Oracle,ML Intern,1 Month,Completed,R0636,95,96,25,Modern,Excellent
ST0637,Nitara Manda,nsen@example.net,NIT Rourkela,IT,4,2027-09-13,2,Adobe,Full Stack Developer,66,20,5,1400,LeetCode,56,53,50,35,56,P0637,Placement Prediction System,Flask,Medium,https://github.com/ST0637/project,C0637,Java Programming,NPTEL,Completed,I0637,Google,Software Developer Intern,2 Months,Not Started,R0637,31,49,7,ATS-Friendly,Needs Improvement
ST0638,Zaid Rana,avni09@example.net,SOA University,EEE,4,2027-10-22,6,Capgemini,Full Stack Developer,167,130,44,1652,LeetCode,76,70,80,70,70,P0638,Student Management System,C++,Easy,https://github.com/ST0638/project,C0638,Python for Everybody,NPTEL,Completed,I0638,Capgemini,Cloud Intern,2 Months,Completed,R0638,73,83,20,Modern,Good
ST0639,Niharika Mammen,wridesh25@example.org,KIIT,IT,3,2027-09-30,5,Microsoft,Software Engineer,144,46,14,1589,LeetCode,61,69,66,61,64,P0639,Portfolio Website,MongoDB,Medium,https://github.com/ST0639/project,C0639,Cloud Computing,Udemy,In Progress,I0639,Microsoft,Cloud Intern,6 Months,Ongoing,R0639,64,75,11,Basic,Average
ST0640,Hema Sengupta,kvig@example.org,KIIT,EEE,4,2027-12-04,7,Oracle,Frontend Developer,163,115,29,1601,LeetCode,86,76,72,70,80,P0640,E-Commerce Website,Django,Easy,https://github.com/ST0640/project,C0640,Java Programming,Coursera,Completed,I0640,Cognizant,Data Analyst Intern,1 Month,Not Started,R0640,85,77,15,ATS-Friendly,Excellent
ST0641,Krishna Ram,kevinoak@example.com,IIT Bhubaneswar,IT,4,2028-01-11,9,Accenture,Software Engineer,258,287,67,1939,LeetCode,97,90,85,93,93,P0641,E-Commerce Website,Flask,Easy,https://github.com/ST0641/project,C0641,Data Structures and Algorithms,Coursera,In Progress,I0641,TCS,Cloud Intern,1 Month,Not Started,R0641,85,89,19,Modern,Excellent
ST0642,Quincy Pai,ichand@example.org,IIT Bhubaneswar,Mechanical,3,2027-10-27,10,Amazon,Software Engineer,389,300,59,1833,LeetCode,85,89,94,91,88,P0642,Library Management System,Django,Easy,https://github.com/ST0642/project,C0642,NPTEL DBMS,NPTEL,Completed,I0642,Google,Frontend Intern,6 Months,Not Started,R0642,88,90,18,Basic,Excellent
ST0643,Lajita Patel,jacksongara@example.net,KIIT,EEE,3,2027-09-30,2,Oracle,Backend Developer,59,0,4,1078,LeetCode,47,51,42,53,46,P0643,Expense Tracker,MongoDB,Medium,https://github.com/ST0643/project,C0643,Artificial Intelligence Basics,Udemy,Completed,I0643,Capgemini,Backend Intern,2 Months,Completed,R0643,36,53,9,Basic,Needs Improvement
ST0644,Suhani Dani,vigekbal@example.org,KIIT,CSE,4,2028-01-21,6,Google,Backend Developer,188,131,30,1675,LeetCode,83,84,83,79,82,P0644,Placement Prediction System,Flask,Hard,https://github.com/ST0644/project,C0644,NPTEL Computer Networks,Udemy,Completed,I0644,Capgemini,ML Intern,3 Months,Ongoing,R0644,72,90,19,ATS-Friendly,Good
ST0645,Saumya Sehgal,utkarshamble@example.com,NIT Rourkela,CSE,4,2027-09-18,6,Google,Data Analyst,218,124,39,1667,LeetCode,89,82,83,70,82,P0645,Face Recognition System,Java,Hard,https://github.com/ST0645/project,C0645,SQL for Data Science,Udemy,In Progress,I0645,Accenture,Web Developer Intern,2 Months,Completed,R0645,74,76,17,Basic,Good
ST0646,Sai Bali,gabriel44@example.com,VSSUT,ECE,4,2027-11-25,4,TCS,Data Scientist,135,46,15,1434,LeetCode,55,73,62,61,65,P0646,E-Commerce Website,Flask,Easy,https://github.com/ST0646/project,C0646,Cloud Computing,NPTEL,In Progress,I0646,Infosys,Frontend Intern,3 Months,Ongoing,R0646,70,72,14,Modern,Good
ST0647,Gautami Shetty,vbath@example.com,VSSUT,ECE,3,2027-08-02,6,Accenture,Backend Developer,213,175,32,1694,LeetCode,76,86,76,73,90,P0647,Movie Recommendation System,Python,Easy,https://github.com/ST0647/project,C0647,AWS Cloud Practitioner,edX,In Progress,I0647,Google,Software Developer Intern,6 Months,Not Started,R0647,71,79,19,Basic,Good
ST0648,Alka Edwin,tandonurvashi@example.net,KIIT,Mechanical,4,2027-12-27,9,Microsoft,Full Stack Developer,325,215,43,2151,LeetCode,98,99,90,88,86,P0648,Movie Recommendation System,Django,Easy,https://github.com/ST0648/project,C0648,AWS Cloud Practitioner,Coursera,Completed,I0648,Oracle,Software Developer Intern,1 Month,Completed,R0648,85,100,18,Modern,Excellent
ST0649,Manya Swaminathan,shaurya94@example.org,VSSUT,ECE,4,2027-08-18,2,Adobe,ML Engineer,69,13,3,1363,LeetCode,43,54,37,51,60,P0649,AI Resume Analyzer,Django,Medium,https://github.com/ST0649/project,C0649,Artificial Intelligence Basics,NPTEL,In Progress,I0649,Oracle,Software Developer Intern,3 Months,Ongoing,R0649,51,40,5,Basic,Average
ST0650,Raagini Loyal,nikitadutt@example.net,NIT Rourkela,CSE,4,2027-12-09,5,Infosys,Backend Developer,100,35,5,1493,LeetCode,65,61,70,62,73,P0650,Hospital Management System,Flask,Easy,https://github.com/ST0650/project,C0650,AWS Cloud Practitioner,edX,In Progress,I0650,Google,Backend Intern,2 Months,Not Started,R0650,67,73,10,ATS-Friendly,Good
ST0651,Jeet Rama,vanya73@example.com,SOA University,EEE,3,2027-11-12,3,Microsoft,Data Analyst,70,1,4,1238,LeetCode,36,51,36,37,35,P0651,Attendance Management System,Java,Medium,https://github.com/ST0651/project,C0651,Machine Learning,GeeksforGeeks,Completed,I0651,Accenture,Backend Intern,3 Months,Not Started,R0651,33,60,8,ATS-Friendly,Needs Improvement
ST0652,Eta Prabhu,idatta@example.com,VSSUT,CSE,4,2028-01-13,3,Capgemini,Full Stack Developer,65,18,4,1221,LeetCode,43,47,38,46,58,P0652,AI Resume Analyzer,Java,Hard,https://github.com/ST0652/project,C0652,Python for Everybody,edX,Completed,I0652,Accenture,Web Developer Intern,3 Months,Not Started,R0652,30,40,9,Basic,Needs Improvement
ST0653,Rachit Batta,chakradhar74@example.org,KIIT,EEE,3,2027-10-16,7,Adobe,Data Analyst,203,115,49,1674,LeetCode,86,74,82,70,82,P0653,Face Recognition System,MySQL,Easy,https://github.com/ST0653/project,C0653,SQL for Data Science,Coursera,In Progress,I0653,Capgemini,ML Intern,3 Months,Not Started,R0653,75,80,18,Basic,Good
ST0654,Riya Viswanathan,tara98@example.org,VSSUT,IT,3,2027-11-16,6,Infosys,Full Stack Developer,193,108,25,1774,LeetCode,72,85,81,76,82,P0654,AI Resume Analyzer,FastAPI,Medium,https://github.com/ST0654/project,C0654,SQL for Data Science,NPTEL,Completed,I0654,Cognizant,Web Developer Intern,3 Months,Not Started,R0654,84,84,20,Modern,Excellent
ST0655,Arin Chaudhuri,zinal90@example.org,IIT Bhubaneswar,IT,3,2027-12-03,2,Adobe,Backend Developer,58,30,2,1125,LeetCode,35,58,55,38,38,P0655,AI Resume Analyzer,React,Easy,https://github.com/ST0655/project,C0655,React Development,NPTEL,Completed,I0655,Cognizant,Data Analyst Intern,2 Months,Not Started,R0655,47,43,9,Modern,Needs Improvement
ST0656,Onveer Sachdev,bailyamini@example.com,SOA University,ECE,3,2028-01-23,9,Accenture,Backend Developer,273,162,52,2012,LeetCode,97,86,92,96,87,P0656,Bank Management System,MongoDB,Medium,https://github.com/ST0656/project,C0656,SQL for Data Science,Udemy,Completed,I0656,TCS,Frontend Intern,1 Month,Not Started,R0656,87,94,23,ATS-Friendly,Excellent
ST0657,Farhan Dar,jlata@example.com,VSSUT,ECE,3,2027-12-01,2,Oracle,Frontend Developer,79,26,4,1047,LeetCode,42,41,46,45,39,P0657,Face Recognition System,React,Medium,https://github.com/ST0657/project,C0657,Data Structures and Algorithms,GeeksforGeeks,Completed,I0657,Google,Backend Intern,2 Months,Not Started,R0657,33,56,7,Basic,Needs Improvement
ST0658,Chandresh Mall,sai11@example.com,NIT Rourkela,ECE,3,2027-08-24,6,Adobe,Full Stack Developer,199,125,37,1670,LeetCode,89,85,86,79,70,P0658,Hospital Management System,FastAPI,Hard,https://github.com/ST0658/project,C0658,Python for Everybody,NPTEL,In Progress,I0658,Capgemini,ML Intern,3 Months,Completed,R0658,84,79,17,ATS-Friendly,Excellent
ST0659,Saumya Bora,nagyadvay@example.org,VSSUT,IT,4,2028-01-02,4,Infosys,Data Scientist,95,67,6,1565,LeetCode,63,62,58,57,55,P0659,Student Management System,Node.js,Easy,https://github.com/ST0659/project,C0659,Python Programming,Udemy,In Progress,I0659,Amazon,Backend Intern,3 Months,Completed,R0659,66,68,12,Basic,Good
ST0660,Dipta Kadakia,sankarkaran@example.net,SOA University,ECE,4,2027-11-04,4,Amazon,Full Stack Developer,103,49,12,1549,LeetCode,67,65,61,73,60,P0660,Placement Prediction System,Python,Easy,https://github.com/ST0660/project,C0660,Machine Learning,Udemy,Completed,I0660,Oracle,Data Analyst Intern,3 Months,Ongoing,R0660,55,69,10,Basic,Average
ST0661,Vedika Hayer,gunbir83@example.net,IIT Bhubaneswar,IT,4,2027-10-04,9,Amazon,Backend Developer,394,178,84,2091,LeetCode,91,92,97,94,91,P0661,Online Quiz System,MySQL,Medium,https://github.com/ST0661/project,C0661,Artificial Intelligence Basics,NPTEL,Completed,I0661,Infosys,Web Developer Intern,3 Months,Completed,R0661,88,87,18,Modern,Excellent
ST0662,Hemang Swaminathan,bhavna85@example.net,VSSUT,Mechanical,4,2027-09-11,10,Google,ML Engineer,321,294,71,1893,LeetCode,99,97,97,97,99,P0662,E-Commerce Website,Flask,Medium,https://github.com/ST0662/project,C0662,AWS Cloud Practitioner,Udemy,In Progress,I0662,TCS,Cloud Intern,6 Months,Ongoing,R0662,90,85,22,Basic,Excellent
ST0663,Bishakha Badami,vaishnavi60@example.com,SOA University,ECE,3,2027-11-12,7,TCS,Data Scientist,158,154,35,1662,LeetCode,77,81,73,89,82,P0663,Student Management System,FastAPI,Hard,https://github.com/ST0663/project,C0663,Cyber Security Essentials,Coursera,In Progress,I0663,Google,Software Developer Intern,2 Months,Completed,R0663,77,75,17,Modern,Good
ST0664,Noah Prashad,sulebrinda@example.net,NIT Rourkela,IT,3,2027-09-06,2,Capgemini,Data Scientist,49,28,1,1218,LeetCode,45,48,37,57,52,P0664,Expense Tracker,Node.js,Easy,https://github.com/ST0664/project,C0664,Python Programming,edX,In Progress,I0664,Capgemini,Software Developer Intern,2 Months,Ongoing,R0664,48,48,10,Basic,Needs Improvement
ST0665,Andrew Sidhu,iupadhyay@example.net,IIT Bhubaneswar,EEE,4,2027-09-10,3,Accenture,Backend Developer,70,16,0,1129,LeetCode,35,51,36,42,44,P0665,Hospital Management System,React,Medium,https://github.com/ST0665/project,C0665,NPTEL Computer Networks,Udemy,Completed,I0665,Wipro,Python Developer Intern,2 Months,Completed,R0665,36,46,6,ATS-Friendly,Needs Improvement
ST0666,Chaitaly Yadav,aadisamra@example.com,IIT Bhubaneswar,CSE,4,2027-10-08,7,TCS,Data Scientist,194,118,36,1608,LeetCode,70,70,73,83,82,P0666,Placement Prediction System,Node.js,Medium,https://github.com/ST0666/project,C0666,SQL for Data Science,Coursera,Completed,I0666,Oracle,Web Developer Intern,2 Months,Completed,R0666,81,81,16,ATS-Friendly,Excellent
ST0667,Yatin Sabharwal,ubikaprasad@example.com,SOA University,CSE,3,2027-12-05,9,Wipro,Data Scientist,281,252,59,2227,LeetCode,95,98,95,98,92,P0667,Hospital Management System,MongoDB,Hard,https://github.com/ST0667/project,C0667,Python Programming,GeeksforGeeks,Completed,I0667,Accenture,Data Analyst Intern,3 Months,Completed,R0667,95,93,18,Modern,Excellent
ST0668,Ayush Loke,anjalisridhar@example.net,VSSUT,CSE,4,2027-12-25,5,Infosys,Data Analyst,149,72,11,1480,LeetCode,66,57,63,59,71,P0668,Hospital Management System,FastAPI,Medium,https://github.com/ST0668/project,C0668,React Development,GeeksforGeeks,In Progress,I0668,Wipro,Python Developer Intern,3 Months,Completed,R0668,68,69,15,ATS-Friendly,Good
ST0669,Vivaan Kapadia,hemamammen@example.org,KIIT,IT,3,2027-11-16,4,Microsoft,Frontend Developer,96,58,15,1530,LeetCode,71,66,64,71,72,P0669,Expense Tracker,Flask,Medium,https://github.com/ST0669/project,C0669,Data Structures and Algorithms,Udemy,In Progress,I0669,Accenture,ML Intern,6 Months,Not Started,R0669,62,68,13,Modern,Average
ST0670,Pavani Chaudhuri,dalajakade@example.com,IIT Bhubaneswar,CSE,3,2027-10-24,3,Accenture,ML Engineer,35,14,0,1244,LeetCode,57,43,40,40,51,P0670,Library Management System,C++,Easy,https://github.com/ST0670/project,C0670,React Development,NPTEL,Completed,I0670,Google,Python Developer Intern,2 Months,Completed,R0670,50,53,10,Modern,Average
ST0671,Jackson Kade,ureddy@example.net,SOA University,Mechanical,3,2027-08-18,5,Infosys,Full Stack Developer,149,42,19,1545,LeetCode,74,70,74,60,55,P0671,E-Commerce Website,Node.js,Easy,https://github.com/ST0671/project,C0671,AWS Cloud Practitioner,Coursera,In Progress,I0671,Infosys,Backend Intern,3 Months,Completed,R0671,69,73,10,ATS-Friendly,Good
ST0672,Ekalinga Sule,ishitadhar@example.net,VSSUT,ECE,4,2027-10-09,5,Amazon,Software Engineer,131,53,14,1558,LeetCode,65,65,74,63,63,P0672,Face Recognition System,Flask,Easy,https://github.com/ST0672/project,C0672,Cloud Computing,Coursera,In Progress,I0672,Microsoft,Data Analyst Intern,6 Months,Not Started,R0672,66,72,14,Modern,Good
ST0673,Damini Bhatia,varughesepriya@example.com,IIT Bhubaneswar,CSE,3,2027-10-15,4,Adobe,Software Engineer,127,35,14,1558,LeetCode,61,75,61,66,67,P0673,Weather App,MySQL,Easy,https://github.com/ST0673/project,C0673,Cyber Security Essentials,NPTEL,Completed,I0673,TCS,Backend Intern,1 Month,Not Started,R0673,70,60,12,Basic,Good
ST0674,Timothy Mall,qtailor@example.net,KIIT,CSE,3,2027-09-23,5,TCS,ML Engineer,135,51,18,1505,LeetCode,64,67,63,58,62,P0674,Attendance Management System,Flask,Medium,https://github.com/ST0674/project,C0674,React Development,GeeksforGeeks,Completed,I0674,Amazon,Backend Intern,3 Months,Not Started,R0674,69,61,12,ATS-Friendly,Good
ST0675,Xiti Jani,bhavini13@example.com,IIT Bhubaneswar,Mechanical,4,2027-08-09,8,Accenture,Data Analyst,379,184,63,2023,LeetCode,97,88,96,96,87,P0675,Hospital Management System,React,Easy,https://github.com/ST0675/project,C0675,Machine Learning,GeeksforGeeks,In Progress,I0675,Infosys,Python Developer Intern,1 Month,Not Started,R0675,88,88,23,ATS-Friendly,Excellent
ST0676,Aarav Nayak,shethwarhi@example.org,IIT Bhubaneswar,IT,4,2028-01-03,9,Infosys,Backend Developer,297,211,74,2299,LeetCode,91,93,91,98,100,P0676,Expense Tracker,Python,Medium,https://github.com/ST0676/project,C0676,React Development,Udemy,Completed,I0676,Capgemini,Cloud Intern,6 Months,Ongoing,R0676,85,88,23,ATS-Friendly,Excellent
ST0677,Yutika Mane,pantaashi@example.com,VSSUT,EEE,4,2027-09-27,5,TCS,Software Engineer,121,77,16,1401,LeetCode,69,68,56,56,65,P0677,Chatbot,Flask,Easy,https://github.com/ST0677/project,C0677,Cyber Security Essentials,Udemy,Completed,I0677,Oracle,ML Intern,1 Month,Ongoing,R0677,56,60,13,Basic,Average
ST0678,Lucky Ranganathan,babubaghyawati@example.com,NIT Rourkela,CSE,4,2027-08-21,9,Microsoft,Frontend Developer,277,293,59,2011,LeetCode,92,97,100,87,86,P0678,Student Management System,MySQL,Medium,https://github.com/ST0678/project,C0678,NPTEL Computer Networks,edX,In Progress,I0678,TCS,Software Developer Intern,6 Months,Completed,R0678,91,87,21,Basic,Excellent
ST0679,Chaitanya Sankaran,siyamohanty@example.org,NIT Rourkela,Mechanical,3,2027-08-21,4,Adobe,Software Engineer,117,71,12,1525,LeetCode,63,59,66,73,70,P0679,Hospital Management System,Python,Medium,https://github.com/ST0679/project,C0679,Machine Learning,Udemy,In Progress,I0679,Accenture,Frontend Intern,2 Months,Completed,R0679,63,74,13,Basic,Average
ST0680,Lila Hans,charvihayer@example.com,SOA University,EEE,3,2027-08-13,10,Capgemini,Backend Developer,444,173,72,2250,LeetCode,98,93,99,97,95,P0680,Weather App,Flask,Hard,https://github.com/ST0680/project,C0680,Java Programming,Coursera,In Progress,I0680,Accenture,ML Intern,2 Months,Completed,R0680,89,93,18,ATS-Friendly,Excellent
ST0681,Hritik Shah,omisha76@example.com,SOA University,ECE,3,2027-11-17,8,Infosys,Frontend Developer,414,202,49,2205,LeetCode,85,93,85,86,92,P0681,Bank Management System,FastAPI,Easy,https://github.com/ST0681/project,C0681,Cloud Computing,Coursera,In Progress,I0681,Cognizant,Cloud Intern,3 Months,Not Started,R0681,99,97,22,Basic,Excellent
ST0682,Indira Luthra,libni26@example.com,KIIT,Mechanical,3,2027-12-08,2,Infosys,Full Stack Developer,11,25,5,1031,LeetCode,41,40,59,58,51,P0682,Expense Tracker,Python,Medium,https://github.com/ST0682/project,C0682,Artificial Intelligence Basics,Coursera,In Progress,I0682,Microsoft,Python Developer Intern,6 Months,Ongoing,R0682,45,41,7,Basic,Needs Improvement
ST0683,Daniel Handa,fapte@example.com,SOA University,ECE,4,2028-01-04,9,Accenture,Full Stack Developer,278,155,86,1948,LeetCode,93,95,88,99,93,P0683,Chatbot,Node.js,Easy,https://github.com/ST0683/project,C0683,Python Programming,Udemy,In Progress,I0683,Google,Software Developer Intern,6 Months,Ongoing,R0683,90,87,21,ATS-Friendly,Excellent
ST0684,Amara Munshi,parikhgeetika@example.com,KIIT,EEE,3,2027-12-20,10,Microsoft,Data Analyst,259,282,70,2069,LeetCode,88,99,97,91,89,P0684,Online Quiz System,Flask,Hard,https://github.com/ST0684/project,C0684,Full Stack Web Development,GeeksforGeeks,In Progress,I0684,Accenture,Python Developer Intern,2 Months,Not Started,R0684,92,96,18,Basic,Excellent
ST0685,Idika Dar,ldalia@example.com,IIT Bhubaneswar,EEE,4,2028-01-25,8,Wipro,Software Engineer,363,249,87,2073,LeetCode,92,87,88,94,93,P0685,Online Quiz System,Java,Hard,https://github.com/ST0685/project,C0685,NPTEL DBMS,Coursera,Completed,I0685,Wipro,Data Analyst Intern,1 Month,Not Started,R0685,94,89,19,ATS-Friendly,Excellent
ST0686,Sudiksha Subramaniam,omkaar15@example.com,IIT Bhubaneswar,EEE,4,2028-01-25,6,Amazon,Data Analyst,238,145,48,1620,LeetCode,83,89,76,72,79,P0686,Attendance Management System,Python,Easy,https://github.com/ST0686/project,C0686,Python Programming,GeeksforGeeks,Completed,I0686,Wipro,ML Intern,6 Months,Ongoing,R0686,79,79,20,Modern,Good
ST0687,Meera Gill,obarad@example.com,NIT Rourkela,CSE,3,2028-01-21,2,TCS,Backend Developer,32,2,0,1384,LeetCode,53,36,57,41,37,P0687,Attendance Management System,MongoDB,Easy,https://github.com/ST0687/project,C0687,Machine Learning,Udemy,In Progress,I0687,Capgemini,ML Intern,6 Months,Ongoing,R0687,52,48,10,ATS-Friendly,Average
ST0688,Qabil Randhawa,tara56@example.org,NIT Rourkela,IT,4,2027-11-24,5,Oracle,Software Engineer,81,78,15,1439,LeetCode,59,56,64,69,75,P0688,Chatbot,Node.js,Hard,https://github.com/ST0688/project,C0688,Python Programming,edX,Completed,I0688,Infosys,Python Developer Intern,2 Months,Ongoing,R0688,55,60,12,Modern,Average
ST0689,Ira Borah,fiyer@example.org,IIT Bhubaneswar,Mechanical,3,2028-01-07,2,Microsoft,Backend Developer,42,5,2,1211,LeetCode,56,52,38,36,54,P0689,Hospital Management System,C++,Hard,https://github.com/ST0689/project,C0689,Data Structures and Algorithms,NPTEL,In Progress,I0689,Accenture,Cloud Intern,2 Months,Completed,R0689,45,54,10,Modern,Needs Improvement
ST0690,Ishita Kapadia,omane@example.net,KIIT,ECE,4,2027-12-12,8,Amazon,Data Analyst,262,199,97,2101,LeetCode,92,100,96,95,96,P0690,E-Commerce Website,MySQL,Medium,https://github.com/ST0690/project,C0690,Cloud Computing,Udemy,Completed,I0690,Wipro,Web Developer Intern,3 Months,Not Started,R0690,89,88,19,Modern,Excellent
ST0691,Inaya Munshi,yashvichandra@example.com,SOA University,CSE,3,2027-08-12,7,Wipro,Backend Developer,215,94,28,1663,LeetCode,85,71,71,85,72,P0691,Placement Prediction System,Django,Medium,https://github.com/ST0691/project,C0691,Python for Everybody,edX,Completed,I0691,Amazon,Backend Intern,3 Months,Not Started,R0691,76,81,16,Modern,Good
ST0692,Ojas Bajwa,ishani22@example.org,NIT Rourkela,EEE,4,2027-11-19,9,Accenture,Frontend Developer,315,270,50,1882,LeetCode,99,94,90,87,97,P0692,Portfolio Website,MongoDB,Medium,https://github.com/ST0692/project,C0692,Full Stack Web Development,edX,Completed,I0692,Capgemini,Backend Intern,1 Month,Ongoing,R0692,87,94,21,ATS-Friendly,Excellent
ST0693,Amaira Dhar,majumdarbalhaar@example.com,SOA University,IT,3,2027-12-23,10,Wipro,ML Engineer,321,222,81,1953,LeetCode,95,100,100,89,92,P0693,Library Management System,FastAPI,Hard,https://github.com/ST0693/project,C0693,Java Programming,edX,In Progress,I0693,Cognizant,Backend Intern,2 Months,Not Started,R0693,99,88,19,ATS-Friendly,Excellent
ST0694,Jasmit Bedi,zhayer@example.org,NIT Rourkela,EEE,3,2027-12-26,3,Accenture,Backend Developer,23,23,5,1067,LeetCode,35,36,43,42,54,P0694,Face Recognition System,React,Hard,https://github.com/ST0694/project,C0694,Cloud Computing,Coursera,In Progress,I0694,Google,Data Analyst Intern,2 Months,Completed,R0694,38,58,8,ATS-Friendly,Needs Improvement
ST0695,Samaksh Chadha,yashodharawalia@example.com,IIT Bhubaneswar,Mechanical,4,2027-09-24,7,Google,Software Engineer,237,106,27,1731,LeetCode,74,76,88,79,89,P0695,Student Management System,Node.js,Medium,https://github.com/ST0695/project,C0695,SQL for Data Science,GeeksforGeeks,Completed,I0695,Cognizant,Python Developer Intern,1 Month,Ongoing,R0695,79,79,16,Basic,Good
ST0696,Daksh Comar,ckakar@example.net,VSSUT,IT,4,2027-08-01,10,Wipro,Data Analyst,363,165,99,1937,LeetCode,86,99,94,87,90,P0696,Attendance Management System,Java,Medium,https://github.com/ST0696/project,C0696,Data Structures and Algorithms,GeeksforGeeks,Completed,I0696,Microsoft,Data Analyst Intern,2 Months,Not Started,R0696,93,90,18,Basic,Excellent
ST0697,Lopa Bath,teerth44@example.com,NIT Rourkela,EEE,4,2027-10-08,8,Wipro,Software Engineer,352,232,84,2164,LeetCode,94,90,100,89,89,P0697,Weather App,Node.js,Hard,https://github.com/ST0697/project,C0697,Machine Learning,NPTEL,Completed,I0697,TCS,Data Analyst Intern,1 Month,Not Started,R0697,95,86,23,Basic,Excellent
ST0698,Urvashi Walia,nagyaarini@example.com,NIT Rourkela,CSE,4,2027-09-05,3,Capgemini,Full Stack Developer,20,29,2,1244,LeetCode,40,55,49,60,39,P0698,Library Management System,Java,Hard,https://github.com/ST0698/project,C0698,Java Programming,Coursera,In Progress,I0698,TCS,Web Developer Intern,3 Months,Not Started,R0698,51,51,8,Modern,Average
ST0699,Yuvraj Saraf,mannanlila@example.org,KIIT,ECE,4,2027-10-06,3,Infosys,Data Scientist,48,5,1,1002,LeetCode,56,49,52,38,54,P0699,Online Quiz System,Java,Hard,https://github.com/ST0699/project,C0699,NPTEL DBMS,Udemy,In Progress,I0699,Microsoft,Backend Intern,1 Month,Not Started,R0699,30,58,9,Basic,Needs Improvement
ST0700,Nicholas Dayal,jagdish91@example.com,SOA University,CSE,3,2027-08-23,2,Adobe,Software Engineer,18,0,2,1182,LeetCode,52,47,52,39,44,P0700,Online Quiz System,Django,Hard,https://github.com/ST0700/project,C0700,NPTEL DBMS,Udemy,Completed,I0700,TCS,Data Analyst Intern,3 Months,Not Started,R0700,52,59,9,Basic,Average
ST0701,Charita Lad,znadkarni@example.com,VSSUT,ECE,4,2028-01-17,3,Microsoft,Full Stack Developer,15,10,5,1114,LeetCode,47,57,53,40,54,P0701,Hospital Management System,C++,Easy,https://github.com/ST0701/project,C0701,Machine Learning,NPTEL,In Progress,I0701,Infosys,Software Developer Intern,2 Months,Not Started,R0701,49,41,8,Modern,Needs Improvement
ST0702,Aashi Nadkarni,bhavini42@example.net,IIT Bhubaneswar,CSE,3,2027-11-04,9,Google,Backend Developer,256,289,59,1960,LeetCode,92,86,90,89,98,P0702,Weather App,React,Medium,https://github.com/ST0702/project,C0702,Python Programming,edX,In Progress,I0702,Oracle,ML Intern,6 Months,Not Started,R0702,92,95,20,Basic,Excellent
ST0703,Vaishnavi Singhal,bandiinaya@example.com,SOA University,IT,3,2027-12-30,3,Wipro,ML Engineer,46,29,5,1065,LeetCode,55,57,49,57,36,P0703,Attendance Management System,Flask,Hard,https://github.com/ST0703/project,C0703,React Development,GeeksforGeeks,In Progress,I0703,Infosys,Python Developer Intern,2 Months,Not Started,R0703,34,56,5,Modern,Needs Improvement
ST0704,Pavani Singhal,praneelmalhotra@example.com,NIT Rourkela,Mechanical,4,2027-12-10,9,Accenture,Data Analyst,328,161,93,1945,LeetCode,100,90,95,99,99,P0704,Placement Prediction System,C++,Medium,https://github.com/ST0704/project,C0704,SQL for Data Science,Udemy,Completed,I0704,Accenture,Backend Intern,3 Months,Ongoing,R0704,87,87,24,Basic,Excellent
ST0705,Bhavani Issac,aggarwalneelima@example.com,NIT Rourkela,ECE,4,2028-01-18,5,TCS,Frontend Developer,107,54,8,1581,LeetCode,58,65,60,57,71,P0705,Chatbot,Django,Medium,https://github.com/ST0705/project,C0705,NPTEL DBMS,edX,Completed,I0705,Capgemini,ML Intern,2 Months,Ongoing,R0705,63,71,12,Basic,Average
ST0706,Dev Bedi,aadisoman@example.org,NIT Rourkela,IT,3,2028-01-23,9,Adobe,Full Stack Developer,445,296,66,2134,LeetCode,91,91,88,95,86,P0706,Weather App,MongoDB,Hard,https://github.com/ST0706/project,C0706,Artificial Intelligence Basics,edX,In Progress,I0706,Infosys,Backend Intern,3 Months,Completed,R0706,87,99,22,ATS-Friendly,Excellent
ST0707,Jai Uppal,aadhya01@example.org,SOA University,IT,4,2028-01-25,8,Accenture,ML Engineer,417,271,89,2013,LeetCode,88,85,88,100,87,P0707,Portfolio Website,MongoDB,Medium,https://github.com/ST0707/project,C0707,Java Programming,NPTEL,In Progress,I0707,Microsoft,Python Developer Intern,1 Month,Ongoing,R0707,98,99,25,Basic,Excellent
ST0708,Hemang Gara,hgolla@example.com,KIIT,ECE,4,2027-12-23,6,Google,Data Scientist,152,81,35,1765,LeetCode,82,85,79,75,87,P0708,Portfolio Website,React,Medium,https://github.com/ST0708/project,C0708,React Development,Coursera,In Progress,I0708,Infosys,Backend Intern,6 Months,Not Started,R0708,78,85,20,Modern,Good
ST0709,Avni Tripathi,nraman@example.com,NIT Rourkela,CSE,4,2027-08-26,6,TCS,Data Scientist,238,175,23,1738,LeetCode,76,77,81,75,79,P0709,E-Commerce Website,Python,Hard,https://github.com/ST0709/project,C0709,SQL for Data Science,Coursera,Completed,I0709,Infosys,Frontend Intern,1 Month,Ongoing,R0709,78,79,19,Basic,Good
ST0710,Jasmit Viswanathan,odivan@example.net,KIIT,Mechanical,4,2027-11-30,5,Wipro,Software Engineer,148,50,15,1430,LeetCode,74,64,66,73,57,P0710,Hospital Management System,React,Hard,https://github.com/ST0710/project,C0710,Python for Everybody,Udemy,Completed,I0710,Wipro,Data Analyst Intern,3 Months,Completed,R0710,68,65,15,ATS-Friendly,Good
ST0711,Yashasvi Mohanty,chaudhuriwriddhish@example.com,KIIT,EEE,3,2027-10-07,4,Wipro,Full Stack Developer,101,44,7,1519,LeetCode,69,75,70,68,72,P0711,Student Management System,React,Easy,https://github.com/ST0711/project,C0711,Machine Learning,Coursera,Completed,I0711,Google,Cloud Intern,3 Months,Completed,R0711,64,65,15,Basic,Average
ST0712,Thomas Thaker,kalpitnatarajan@example.net,NIT Rourkela,Mechanical,4,2027-11-19,7,Google,Data Scientist,230,143,42,1762,LeetCode,71,85,75,82,72,P0712,Online Quiz System,MySQL,Hard,https://github.com/ST0712/project,C0712,Python Programming,Coursera,In Progress,I0712,Oracle,Python Developer Intern,2 Months,Completed,R0712,74,80,15,Basic,Good
ST0713,Qasim Om,doctorlakshmi@example.org,NIT Rourkela,ECE,3,2027-09-06,7,Capgemini,Data Scientist,240,146,44,1717,LeetCode,88,88,75,90,71,P0713,Hospital Management System,Node.js,Medium,https://github.com/ST0713/project,C0713,NPTEL DBMS,Coursera,Completed,I0713,TCS,Web Developer Intern,1 Month,Not Started,R0713,71,86,18,ATS-Friendly,Good
ST0714,Widisha Boase,onigoel@example.com,NIT Rourkela,EEE,3,2027-12-24,2,Microsoft,Software Engineer,26,25,1,1192,LeetCode,37,57,46,37,39,P0714,Chatbot,React,Medium,https://github.com/ST0714/project,C0714,Machine Learning,NPTEL,In Progress,I0714,Amazon,Frontend Intern,2 Months,Not Started,R0714,33,47,6,Modern,Needs Improvement
ST0715,Anjali Majumdar,wishimagar@example.com,KIIT,CSE,3,2027-08-02,9,Google,ML Engineer,407,168,88,1813,LeetCode,96,96,91,100,95,P0715,Placement Prediction System,MySQL,Hard,https://github.com/ST0715/project,C0715,NPTEL DBMS,Coursera,Completed,I0715,Cognizant,Data Analyst Intern,3 Months,Completed,R0715,90,97,21,Basic,Excellent
ST0716,Balveer Chaudhari,amrita67@example.org,IIT Bhubaneswar,Mechanical,4,2027-09-07,10,Amazon,ML Engineer,316,188,63,2137,LeetCode,85,98,98,94,94,P0716,Chatbot,MongoDB,Hard,https://github.com/ST0716/project,C0716,AWS Cloud Practitioner,Udemy,In Progress,I0716,Accenture,Software Developer Intern,2 Months,Not Started,R0716,96,85,22,Modern,Excellent
ST0717,Ucchal Pathak,michael20@example.net,SOA University,ECE,4,2028-01-22,4,Accenture,Frontend Developer,89,78,18,1524,LeetCode,74,61,71,58,66,P0717,Student Management System,React,Medium,https://github.com/ST0717/project,C0717,Java Programming,NPTEL,In Progress,I0717,Cognizant,Web Developer Intern,1 Month,Not Started,R0717,68,72,10,Modern,Good
ST0718,Zaitra Prasad,karaanya@example.org,NIT Rourkela,Mechanical,3,2027-09-16,4,Infosys,Data Scientist,120,72,8,1541,LeetCode,73,65,73,70,61,P0718,Hospital Management System,Django,Easy,https://github.com/ST0718/project,C0718,AWS Cloud Practitioner,Udemy,In Progress,I0718,Wipro,Web Developer Intern,1 Month,Ongoing,R0718,59,65,13,Basic,Average
ST0719,Aishani Goda,btak@example.org,SOA University,ECE,3,2027-11-27,6,Capgemini,ML Engineer,246,177,33,1637,LeetCode,89,80,72,88,74,P0719,Expense Tracker,Django,Easy,https://github.com/ST0719/project,C0719,NPTEL DBMS,GeeksforGeeks,In Progress,I0719,Google,Cloud Intern,6 Months,Not Started,R0719,76,89,15,Basic,Good
ST0720,Abeer Parmar,wabledalbir@example.com,NIT Rourkela,EEE,4,2027-09-13,8,Accenture,Frontend Developer,430,173,96,1959,LeetCode,99,91,95,98,97,P0720,Face Recognition System,MongoDB,Hard,https://github.com/ST0720/project,C0720,Google Data Analytics,edX,Completed,I0720,Amazon,Python Developer Intern,1 Month,Not Started,R0720,93,90,21,Modern,Excellent
ST0721,Laban Chad,ahayre@example.net,IIT Bhubaneswar,ECE,3,2027-08-13,10,TCS,ML Engineer,405,162,78,1983,LeetCode,86,91,91,89,95,P0721,Online Quiz System,FastAPI,Medium,https://github.com/ST0721/project,C0721,Cloud Computing,Udemy,In Progress,I0721,Cognizant,Data Analyst Intern,6 Months,Not Started,R0721,100,87,24,ATS-Friendly,Excellent
ST0722,Kashvi Mandal,aradhanapai@example.net,VSSUT,Mechanical,4,2027-11-28,6,Accenture,Data Analyst,230,87,26,1613,LeetCode,81,89,80,79,71,P0722,Expense Tracker,Java,Easy,https://github.com/ST0722/project,C0722,Cyber Security Essentials,GeeksforGeeks,Completed,I0722,Wipro,Python Developer Intern,6 Months,Ongoing,R0722,83,75,20,Modern,Excellent
ST0723,Yamini Chakrabarti,tlalla@example.com,VSSUT,IT,3,2027-08-13,5,Adobe,Software Engineer,135,69,12,1524,LeetCode,63,59,69,70,71,P0723,Expense Tracker,MongoDB,Hard,https://github.com/ST0723/project,C0723,React Development,edX,Completed,I0723,Capgemini,Frontend Intern,6 Months,Completed,R0723,65,64,14,Modern,Good
ST0724,Aadi Buch,ishaan35@example.org,SOA University,CSE,4,2028-01-09,5,Oracle,Full Stack Developer,119,54,12,1461,LeetCode,60,68,60,72,72,P0724,E-Commerce Website,React,Medium,https://github.com/ST0724/project,C0724,Machine Learning,NPTEL,Completed,I0724,Infosys,Frontend Intern,3 Months,Ongoing,R0724,59,74,15,Basic,Average
ST0725,Anjali Karpe,varmafaqid@example.org,NIT Rourkela,IT,4,2027-11-14,6,Oracle,Full Stack Developer,180,163,38,1653,LeetCode,89,77,70,74,81,P0725,Placement Prediction System,Python,Hard,https://github.com/ST0725/project,C0725,Google Data Analytics,NPTEL,In Progress,I0725,Oracle,Frontend Intern,1 Month,Ongoing,R0725,73,87,14,Modern,Good
ST0726,Zaid Konda,ranbir14@example.net,VSSUT,ECE,4,2028-01-06,10,Infosys,Data Scientist,365,191,45,2023,LeetCode,85,94,86,97,86,P0726,Weather App,MongoDB,Medium,https://github.com/ST0726/project,C0726,Cloud Computing,edX,Completed,I0726,Google,ML Intern,3 Months,Completed,R0726,98,91,18,ATS-Friendly,Excellent
ST0727,Neha Andra,ppandey@example.net,IIT Bhubaneswar,EEE,4,2028-01-07,10,TCS,Backend Developer,397,212,51,1966,LeetCode,90,99,95,93,92,P0727,E-Commerce Website,MySQL,Hard,https://github.com/ST0727/project,C0727,NPTEL DBMS,NPTEL,In Progress,I0727,Capgemini,Backend Intern,2 Months,Completed,R0727,96,90,23,Modern,Excellent
ST0728,Udarsh Shere,vihaanlad@example.org,VSSUT,IT,3,2028-01-02,9,Amazon,Software Engineer,442,150,60,2122,LeetCode,88,94,93,96,99,P0728,AI Resume Analyzer,MongoDB,Easy,https://github.com/ST0728/project,C0728,Cloud Computing,Coursera,Completed,I0728,Amazon,ML Intern,1 Month,Ongoing,R0728,100,99,18,Modern,Excellent
ST0729,Yashica Gera,luckymukhopadhyay@example.org,NIT Rourkela,ECE,3,2027-08-21,6,Microsoft,Frontend Developer,227,131,34,1698,LeetCode,89,88,76,78,84,P0729,AI Resume Analyzer,FastAPI,Medium,https://github.com/ST0729/project,C0729,Python Programming,Udemy,In Progress,I0729,Capgemini,Python Developer Intern,3 Months,Ongoing,R0729,85,83,15,Modern,Excellent
ST0730,Abhimanyu Agrawal,ugoyal@example.com,SOA University,IT,4,2027-12-13,6,TCS,Data Analyst,196,129,47,1600,LeetCode,82,74,80,86,70,P0730,Attendance Management System,Flask,Medium,https://github.com/ST0730/project,C0730,Python Programming,GeeksforGeeks,Completed,I0730,Google,Web Developer Intern,3 Months,Completed,R0730,76,80,18,Modern,Good
ST0731,Omaja Sandal,fshankar@example.com,IIT Bhubaneswar,Mechanical,4,2027-10-03,5,Infosys,Software Engineer,115,37,9,1530,LeetCode,72,71,59,73,56,P0731,E-Commerce Website,Flask,Easy,https://github.com/ST0731/project,C0731,Google Data Analytics,Coursera,Completed,I0731,Cognizant,Python Developer Intern,1 Month,Completed,R0731,55,73,12,Modern,Average
ST0732,Oviya Banerjee,alkaarya@example.com,NIT Rourkela,ECE,4,2028-01-09,3,Oracle,Data Scientist,67,18,2,1179,LeetCode,54,41,54,59,57,P0732,Expense Tracker,Flask,Hard,https://github.com/ST0732/project,C0732,Machine Learning,Coursera,Completed,I0732,Accenture,Cloud Intern,1 Month,Completed,R0732,44,42,6,ATS-Friendly,Needs Improvement
ST0733,Bina Mangat,mugdhatara@example.com,SOA University,ECE,4,2027-10-12,2,Amazon,Data Scientist,77,8,2,1072,LeetCode,44,36,60,38,37,P0733,Bank Management System,C++,Hard,https://github.com/ST0733/project,C0733,Full Stack Web Development,NPTEL,In Progress,I0733,TCS,ML Intern,6 Months,Not Started,R0733,39,53,5,ATS-Friendly,Needs Improvement
ST0734,Charita Ravel,sneha57@example.net,KIIT,EEE,3,2027-10-13,6,Accenture,ML Engineer,226,130,43,1651,LeetCode,86,82,83,78,78,P0734,Placement Prediction System,FastAPI,Easy,https://github.com/ST0734/project,C0734,Java Programming,GeeksforGeeks,Completed,I0734,Amazon,Data Analyst Intern,6 Months,Completed,R0734,76,83,16,Modern,Good
ST0735,Henry Varkey,dakshaprasad@example.com,VSSUT,CSE,3,2027-11-16,6,Infosys,Backend Developer,235,121,34,1660,LeetCode,85,80,88,75,80,P0735,AI Resume Analyzer,Django,Hard,https://github.com/ST0735/project,C0735,SQL for Data Science,GeeksforGeeks,In Progress,I0735,Microsoft,Frontend Intern,6 Months,Not Started,R0735,72,75,17,Basic,Good
ST0736,Nikita Tank,kapadiapallavi@example.net,SOA University,CSE,3,2027-08-17,6,Adobe,Data Scientist,159,134,31,1631,LeetCode,77,77,72,84,80,P0736,Bank Management System,Python,Hard,https://github.com/ST0736/project,C0736,Python Programming,Udemy,In Progress,I0736,Cognizant,Backend Intern,3 Months,Completed,R0736,77,77,16,Basic,Good
ST0737,Mason Dora,baghyawati11@example.com,IIT Bhubaneswar,Mechanical,3,2027-08-20,6,Oracle,Data Analyst,245,174,33,1755,LeetCode,79,75,70,77,80,P0737,Placement Prediction System,Flask,Medium,https://github.com/ST0737/project,C0737,NPTEL DBMS,edX,Completed,I0737,Accenture,Python Developer Intern,1 Month,Completed,R0737,80,86,17,ATS-Friendly,Excellent
ST0738,Pranit Radhakrishnan,peterdutta@example.net,SOA University,ECE,3,2027-11-23,2,Adobe,ML Engineer,28,11,0,1286,LeetCode,41,55,42,48,36,P0738,Movie Recommendation System,React,Hard,https://github.com/ST0738/project,C0738,AWS Cloud Practitioner,GeeksforGeeks,Completed,I0738,Amazon,Cloud Intern,3 Months,Not Started,R0738,49,40,7,Modern,Needs Improvement
ST0739,Avni More,goyaldeepa@example.org,IIT Bhubaneswar,Mechanical,3,2027-12-15,6,Amazon,Backend Developer,172,146,27,1680,LeetCode,86,70,75,74,83,P0739,Student Management System,Flask,Easy,https://github.com/ST0739/project,C0739,Machine Learning,Udemy,In Progress,I0739,Oracle,Cloud Intern,1 Month,Ongoing,R0739,71,83,18,Basic,Good
ST0740,Ekiya Das,jasmit35@example.org,NIT Rourkela,CSE,4,2027-10-21,7,Capgemini,Frontend Developer,169,86,28,1773,LeetCode,90,88,79,83,77,P0740,AI Resume Analyzer,React,Easy,https://github.com/ST0740/project,C0740,Artificial Intelligence Basics,edX,Completed,I0740,Amazon,Software Developer Intern,3 Months,Ongoing,R0740,81,87,19,Basic,Excellent
ST0741,Ekaja Raghavan,jsanghvi@example.org,IIT Bhubaneswar,Mechanical,4,2027-11-17,5,Adobe,Software Engineer,99,46,11,1503,LeetCode,68,67,65,55,74,P0741,AI Resume Analyzer,Django,Hard,https://github.com/ST0741/project,C0741,React Development,GeeksforGeeks,In Progress,I0741,TCS,Python Developer Intern,3 Months,Completed,R0741,66,63,10,ATS-Friendly,Good
ST0742,Vritti Sheth,kalanikita@example.com,VSSUT,Mechanical,4,2027-08-02,2,TCS,ML Engineer,47,18,0,1133,LeetCode,56,55,43,50,39,P0742,Hospital Management System,Java,Medium,https://github.com/ST0742/project,C0742,React Development,Udemy,Completed,I0742,Google,Cloud Intern,2 Months,Completed,R0742,49,49,6,ATS-Friendly,Needs Improvement
ST0743,Chavvi Shukla,dasguptaaditya@example.com,KIIT,CSE,4,2027-09-15,8,Wipro,Software Engineer,437,258,47,2010,LeetCode,96,89,99,89,96,P0743,Attendance Management System,Python,Easy,https://github.com/ST0743/project,C0743,Cloud Computing,Coursera,In Progress,I0743,Infosys,Web Developer Intern,6 Months,Not Started,R0743,90,92,18,Modern,Excellent
ST0744,Ikbal Pai,chandresh92@example.net,NIT Rourkela,CSE,4,2028-01-08,7,Microsoft,Data Scientist,194,106,41,1753,LeetCode,77,89,87,86,72,P0744,Portfolio Website,React,Medium,https://github.com/ST0744/project,C0744,Python Programming,NPTEL,In Progress,I0744,Cognizant,Backend Intern,6 Months,Ongoing,R0744,82,89,14,ATS-Friendly,Excellent
ST0745,Hredhaan Pingle,aarna48@example.org,NIT Rourkela,Mechanical,4,2027-12-01,4,Amazon,Backend Developer,135,48,6,1473,LeetCode,69,68,64,57,65,P0745,Hospital Management System,FastAPI,Medium,https://github.com/ST0745/project,C0745,NPTEL Computer Networks,Udemy,Completed,I0745,Amazon,Frontend Intern,2 Months,Ongoing,R0745,56,75,13,Basic,Average
ST0746,Janaki Chhabra,xavierravel@example.com,VSSUT,ECE,4,2027-10-11,5,Oracle,Full Stack Developer,116,33,12,1407,LeetCode,72,62,71,60,67,P0746,Weather App,MongoDB,Easy,https://github.com/ST0746/project,C0746,NPTEL DBMS,edX,In Progress,I0746,Accenture,Python Developer Intern,1 Month,Ongoing,R0746,64,64,12,Modern,Average
ST0747,Aayush Rai,darika68@example.net,IIT Bhubaneswar,ECE,3,2028-01-20,7,Google,Full Stack Developer,153,114,34,1616,LeetCode,72,80,80,71,72,P0747,AI Resume Analyzer,React,Easy,https://github.com/ST0747/project,C0747,Artificial Intelligence Basics,GeeksforGeeks,In Progress,I0747,Microsoft,Data Analyst Intern,1 Month,Ongoing,R0747,83,79,19,Modern,Excellent
ST0748,Yashodhara Rajagopalan,dkota@example.com,IIT Bhubaneswar,EEE,3,2027-09-21,8,Google,Full Stack Developer,359,288,67,2118,LeetCode,93,87,85,90,85,P0748,Expense Tracker,FastAPI,Medium,https://github.com/ST0748/project,C0748,NPTEL DBMS,Udemy,In Progress,I0748,Accenture,Backend Intern,3 Months,Ongoing,R0748,100,93,22,Basic,Excellent
ST0749,Orinder Puri,solankiojasvi@example.com,IIT Bhubaneswar,ECE,4,2027-09-23,7,Wipro,Frontend Developer,179,98,38,1627,LeetCode,73,86,80,88,81,P0749,Weather App,React,Medium,https://github.com/ST0749/project,C0749,SQL for Data Science,Udemy,In Progress,I0749,Amazon,Cloud Intern,3 Months,Ongoing,R0749,85,75,16,ATS-Friendly,Excellent
ST0750,Chaman Loke,diya98@example.net,KIIT,ECE,4,2027-09-08,3,Adobe,Software Engineer,37,26,2,1324,LeetCode,58,45,42,40,51,P0750,Attendance Management System,Java,Easy,https://github.com/ST0750/project,C0750,Google Data Analytics,Udemy,In Progress,I0750,Wipro,Backend Intern,2 Months,Completed,R0750,41,44,9,Basic,Needs Improvement
ST0751,Praneel Din,tedwin@example.com,VSSUT,EEE,3,2027-12-13,8,Capgemini,Data Analyst,330,150,48,2248,LeetCode,95,88,85,95,95,P0751,Chatbot,FastAPI,Medium,https://github.com/ST0751/project,C0751,Full Stack Web Development,NPTEL,Completed,I0751,Google,Web Developer Intern,6 Months,Ongoing,R0751,92,86,24,ATS-Friendly,Excellent
ST0752,Ethan Peri,zashil17@example.com,KIIT,Mechanical,3,2028-01-18,9,Wipro,Full Stack Developer,349,164,61,1922,LeetCode,85,94,87,88,89,P0752,Online Quiz System,MongoDB,Easy,https://github.com/ST0752/project,C0752,Cloud Computing,NPTEL,Completed,I0752,Capgemini,Backend Intern,2 Months,Ongoing,R0752,99,87,24,Modern,Excellent
ST0753,Saanvi Brahmbhatt,peter16@example.net,IIT Bhubaneswar,Mechanical,3,2027-09-28,10,Microsoft,ML Engineer,276,182,46,1961,LeetCode,94,88,93,92,90,P0753,Library Management System,Flask,Easy,https://github.com/ST0753/project,C0753,NPTEL Computer Networks,NPTEL,Completed,I0753,Wipro,Cloud Intern,3 Months,Not Started,R0753,100,89,23,Modern,Excellent
ST0754,Darpan Parmer,apteyoshita@example.net,SOA University,EEE,4,2027-12-04,6,Capgemini,ML Engineer,249,152,30,1614,LeetCode,86,88,90,80,82,P0754,Library Management System,Python,Easy,https://github.com/ST0754/project,C0754,Cyber Security Essentials,NPTEL,Completed,I0754,TCS,Software Developer Intern,6 Months,Ongoing,R0754,84,87,19,Basic,Excellent
ST0755,Laksh Mammen,acharyaurmi@example.org,KIIT,CSE,3,2027-11-17,5,Google,Data Analyst,143,77,20,1487,LeetCode,62,74,61,64,58,P0755,Portfolio Website,Flask,Hard,https://github.com/ST0755/project,C0755,SQL for Data Science,edX,In Progress,I0755,Amazon,Cloud Intern,2 Months,Ongoing,R0755,63,61,15,ATS-Friendly,Average
ST0756,Dalaja Bobal,wwagle@example.net,SOA University,Mechanical,4,2027-09-06,10,Infosys,ML Engineer,280,300,48,2197,LeetCode,94,88,96,91,95,P0756,AI Resume Analyzer,Python,Hard,https://github.com/ST0756/project,C0756,Cyber Security Essentials,Coursera,Completed,I0756,Cognizant,Data Analyst Intern,6 Months,Completed,R0756,100,90,20,ATS-Friendly,Excellent
ST0757,Kamya Tripathi,ypatel@example.com,SOA University,CSE,4,2027-09-22,6,Capgemini,ML Engineer,192,106,30,1733,LeetCode,77,71,89,75,85,P0757,AI Resume Analyzer,C++,Medium,https://github.com/ST0757/project,C0757,Full Stack Web Development,Udemy,Completed,I0757,Cognizant,Python Developer Intern,6 Months,Completed,R0757,76,85,17,Modern,Good
ST0758,Hemangini Sami,zaid55@example.com,IIT Bhubaneswar,Mechanical,3,2027-12-10,6,TCS,Backend Developer,194,141,32,1615,LeetCode,72,84,79,85,89,P0758,Attendance Management System,React,Easy,https://github.com/ST0758/project,C0758,Full Stack Web Development,edX,Completed,I0758,Wipro,Frontend Intern,6 Months,Completed,R0758,82,76,19,ATS-Friendly,Excellent
ST0759,Frederick Sahni,cdar@example.org,IIT Bhubaneswar,Mechanical,3,2027-09-05,4,Google,Backend Developer,83,69,11,1434,LeetCode,70,68,69,65,72,P0759,Expense Tracker,MongoDB,Easy,https://github.com/ST0759/project,C0759,AWS Cloud Practitioner,GeeksforGeeks,Completed,I0759,Wipro,Backend Intern,3 Months,Ongoing,R0759,55,68,14,Modern,Average
ST0760,George Patel,jananinayar@example.com,NIT Rourkela,CSE,3,2027-09-16,4,Microsoft,Frontend Developer,145,67,9,1486,LeetCode,69,69,56,59,74,P0760,Portfolio Website,Django,Medium,https://github.com/ST0760/project,C0760,Cloud Computing,NPTEL,Completed,I0760,TCS,Python Developer Intern,2 Months,Ongoing,R0760,58,74,15,ATS-Friendly,Average
ST0761,Falan Kant,agastya70@example.com,SOA University,EEE,3,2028-01-03,2,Infosys,Full Stack Developer,38,22,5,1343,LeetCode,53,58,41,37,58,P0761,Student Management System,C++,Medium,https://github.com/ST0761/project,C0761,SQL for Data Science,Coursera,Completed,I0761,Oracle,Software Developer Intern,6 Months,Not Started,R0761,30,51,8,Basic,Needs Improvement
ST0762,Triya Lata,mchana@example.net,KIIT,CSE,3,2027-12-01,3,TCS,Data Analyst,37,12,2,1321,LeetCode,39,49,44,45,49,P0762,Attendance Management System,Flask,Hard,https://github.com/ST0762/project,C0762,AWS Cloud Practitioner,GeeksforGeeks,Completed,I0762,Amazon,Backend Intern,1 Month,Completed,R0762,39,47,9,ATS-Friendly,Needs Improvement
ST0763,Thomas Rastogi,kashvi51@example.net,VSSUT,ECE,4,2027-12-08,10,TCS,Frontend Developer,381,239,95,2255,LeetCode,92,90,96,98,86,P0763,E-Commerce Website,MySQL,Medium,https://github.com/ST0763/project,C0763,Java Programming,edX,Completed,I0763,Capgemini,Backend Intern,2 Months,Not Started,R0763,98,90,19,Modern,Excellent
ST0764,Harinakshi Virk,balvan55@example.org,NIT Rourkela,ECE,3,2027-09-30,5,Google,Data Analyst,146,47,13,1530,LeetCode,59,62,65,75,64,P0764,Chatbot,React,Hard,https://github.com/ST0764/project,C0764,AWS Cloud Practitioner,edX,Completed,I0764,Wipro,Data Analyst Intern,1 Month,Not Started,R0764,67,62,11,ATS-Friendly,Good
ST0765,Andrew Sane,yatanbhasin@example.com,KIIT,Mechanical,3,2027-11-16,9,Capgemini,Data Analyst,449,224,87,1841,LeetCode,98,100,92,91,89,P0765,AI Resume Analyzer,MySQL,Hard,https://github.com/ST0765/project,C0765,SQL for Data Science,edX,Completed,I0765,Amazon,Frontend Intern,6 Months,Completed,R0765,90,91,19,Modern,Excellent
ST0766,Jagrati Ganesh,biswasadya@example.com,SOA University,EEE,4,2027-12-30,6,Adobe,Data Analyst,208,87,50,1794,LeetCode,72,77,71,78,82,P0766,Attendance Management System,MongoDB,Medium,https://github.com/ST0766/project,C0766,Cloud Computing,edX,Completed,I0766,TCS,Cloud Intern,6 Months,Ongoing,R0766,72,85,18,Modern,Good
ST0767,Priya Sarma,madhav96@example.net,NIT Rourkela,EEE,4,2027-09-14,3,Wipro,Frontend Developer,10,27,0,1134,LeetCode,47,44,48,40,43,P0767,Weather App,React,Easy,https://github.com/ST0767/project,C0767,Machine Learning,edX,Completed,I0767,Amazon,Frontend Intern,6 Months,Ongoing,R0767,44,40,10,ATS-Friendly,Needs Improvement
ST0768,Onkar Kala,gdutt@example.org,SOA University,ECE,3,2027-10-09,8,Microsoft,Backend Developer,312,243,45,1970,LeetCode,91,88,91,94,89,P0768,AI Resume Analyzer,FastAPI,Easy,https://github.com/ST0768/project,C0768,NPTEL DBMS,Coursera,Completed,I0768,Oracle,Cloud Intern,3 Months,Ongoing,R0768,89,97,25,ATS-Friendly,Excellent
ST0769,Chatura Walla,gaurav38@example.net,SOA University,CSE,4,2027-11-19,6,Amazon,Software Engineer,187,171,21,1666,LeetCode,73,75,74,79,73,P0769,Expense Tracker,MongoDB,Medium,https://github.com/ST0769/project,C0769,NPTEL DBMS,Coursera,In Progress,I0769,TCS,Frontend Intern,3 Months,Not Started,R0769,77,76,19,Basic,Good
ST0770,Frederick Nazareth,diya88@example.net,IIT Bhubaneswar,EEE,4,2027-09-20,8,Capgemini,Software Engineer,420,201,84,1820,LeetCode,100,87,90,91,90,P0770,Placement Prediction System,MySQL,Medium,https://github.com/ST0770/project,C0770,Google Data Analytics,Coursera,In Progress,I0770,Infosys,Backend Intern,2 Months,Completed,R0770,89,85,20,Basic,Excellent
ST0771,Simon Kakar,shivansh18@example.com,KIIT,IT,4,2027-10-09,2,Adobe,Frontend Developer,55,7,2,1164,LeetCode,40,60,48,57,59,P0771,Movie Recommendation System,Python,Hard,https://github.com/ST0771/project,C0771,Google Data Analytics,GeeksforGeeks,Completed,I0771,Infosys,ML Intern,3 Months,Completed,R0771,40,42,7,Basic,Needs Improvement
ST0772,Yasti Sodhi,megha58@example.net,SOA University,EEE,3,2027-11-10,4,Capgemini,Software Engineer,118,57,15,1484,LeetCode,67,66,72,63,63,P0772,Library Management System,MongoDB,Medium,https://github.com/ST0772/project,C0772,Artificial Intelligence Basics,Udemy,Completed,I0772,Oracle,Frontend Intern,1 Month,Ongoing,R0772,63,62,10,Basic,Average
ST0773,Vritti Seth,anamika40@example.com,SOA University,Mechanical,3,2027-09-13,3,Microsoft,Backend Developer,69,8,1,1203,LeetCode,46,43,58,43,53,P0773,Face Recognition System,React,Medium,https://github.com/ST0773/project,C0773,Cyber Security Essentials,edX,Completed,I0773,Infosys,Software Developer Intern,6 Months,Completed,R0773,40,50,6,Basic,Needs Improvement
ST0774,Omisha Wali,tgour@example.org,KIIT,IT,4,2028-01-18,3,Oracle,Full Stack Developer,36,19,2,1236,LeetCode,46,48,48,36,55,P0774,Bank Management System,React,Hard,https://github.com/ST0774/project,C0774,Python for Everybody,NPTEL,Completed,I0774,Accenture,Backend Intern,2 Months,Completed,R0774,37,42,5,Modern,Needs Improvement
ST0775,Neha Arya,yashkata@example.com,IIT Bhubaneswar,CSE,4,2027-10-10,2,Amazon,Backend Developer,72,23,1,1176,LeetCode,40,43,58,42,35,P0775,AI Resume Analyzer,C++,Easy,https://github.com/ST0775/project,C0775,Full Stack Web Development,Coursera,Completed,I0775,Microsoft,Python Developer Intern,1 Month,Completed,R0775,45,47,10,Modern,Needs Improvement
ST0776,Zarna Sami,kswaminathan@example.org,IIT Bhubaneswar,Mechanical,4,2027-09-21,5,Microsoft,Software Engineer,143,43,9,1509,LeetCode,65,56,66,70,69,P0776,Attendance Management System,Node.js,Easy,https://github.com/ST0776/project,C0776,Python for Everybody,NPTEL,In Progress,I0776,Wipro,Frontend Intern,1 Month,Not Started,R0776,67,68,12,Basic,Good
ST0777,Bishakha Sankaran,advayshenoy@example.org,VSSUT,CSE,4,2027-12-23,5,Oracle,Data Scientist,138,43,12,1462,LeetCode,74,58,67,59,66,P0777,Bank Management System,Python,Medium,https://github.com/ST0777/project,C0777,Full Stack Web Development,Udemy,Completed,I0777,Google,Frontend Intern,3 Months,Not Started,R0777,55,68,11,ATS-Friendly,Average
ST0778,Jeet Chana,xchaudhari@example.com,SOA University,CSE,3,2027-12-13,4,Wipro,Backend Developer,88,37,5,1557,LeetCode,74,69,57,60,61,P0778,Attendance Management System,React,Hard,https://github.com/ST0778/project,C0778,Cyber Security Essentials,Coursera,Completed,I0778,Infosys,Cloud Intern,3 Months,Completed,R0778,63,64,15,Modern,Average
ST0779,Lopa Bansal,omerchant@example.net,SOA University,IT,4,2027-10-08,5,Accenture,ML Engineer,130,72,18,1441,LeetCode,66,66,70,69,56,P0779,Hospital Management System,FastAPI,Easy,https://github.com/ST0779/project,C0779,Google Data Analytics,Udemy,In Progress,I0779,Google,Data Analyst Intern,3 Months,Completed,R0779,60,65,15,ATS-Friendly,Average
ST0780,Shivansh Bhatt,edoctor@example.com,IIT Bhubaneswar,IT,4,2027-10-08,4,Microsoft,Data Scientist,81,76,14,1524,LeetCode,60,62,68,55,66,P0780,Bank Management System,Python,Easy,https://github.com/ST0780/project,C0780,Artificial Intelligence Basics,NPTEL,In Progress,I0780,Wipro,Web Developer Intern,6 Months,Ongoing,R0780,56,67,10,ATS-Friendly,Average
ST0781,Laksh Kapur,divyabala@example.com,IIT Bhubaneswar,EEE,3,2027-09-18,9,Microsoft,ML Engineer,304,248,75,1983,LeetCode,88,89,87,86,96,P0781,Library Management System,Node.js,Medium,https://github.com/ST0781/project,C0781,Cloud Computing,Coursera,In Progress,I0781,Microsoft,Backend Intern,1 Month,Ongoing,R0781,90,87,21,ATS-Friendly,Excellent
ST0782,Faris Kapadia,inayadugar@example.net,SOA University,ECE,4,2027-12-01,5,Infosys,Backend Developer,131,57,19,1552,LeetCode,58,55,62,69,55,P0782,Chatbot,Python,Hard,https://github.com/ST0782/project,C0782,Cloud Computing,Coursera,In Progress,I0782,Microsoft,Backend Intern,1 Month,Completed,R0782,59,63,14,Basic,Average
ST0783,Shivani Bansal,dayamaisubramaniam@example.org,IIT Bhubaneswar,CSE,3,2027-11-28,2,Wipro,ML Engineer,34,30,2,1140,LeetCode,57,46,53,60,60,P0783,Online Quiz System,Java,Hard,https://github.com/ST0783/project,C0783,SQL for Data Science,NPTEL,In Progress,I0783,Accenture,Backend Intern,2 Months,Not Started,R0783,50,52,6,ATS-Friendly,Average
ST0784,Triveni Buch,zansikala@example.org,NIT Rourkela,CSE,4,2028-01-27,5,Infosys,Data Analyst,138,54,19,1543,LeetCode,71,62,61,61,57,P0784,Placement Prediction System,Node.js,Easy,https://github.com/ST0784/project,C0784,SQL for Data Science,GeeksforGeeks,In Progress,I0784,Capgemini,Backend Intern,2 Months,Completed,R0784,67,60,13,Modern,Good
ST0785,Tanveer Apte,haldervansha@example.org,KIIT,IT,4,2027-10-28,4,TCS,Data Scientist,140,69,14,1461,LeetCode,63,60,59,68,73,P0785,Hospital Management System,Django,Medium,https://github.com/ST0785/project,C0785,Full Stack Web Development,GeeksforGeeks,In Progress,I0785,Capgemini,Backend Intern,2 Months,Ongoing,R0785,56,70,11,Modern,Average
ST0786,Abdul Swaminathan,xitiratta@example.net,NIT Rourkela,IT,3,2027-08-10,3,Google,Full Stack Developer,76,12,5,1204,LeetCode,51,50,48,43,57,P0786,Student Management System,Java,Easy,https://github.com/ST0786/project,C0786,Java Programming,NPTEL,In Progress,I0786,Cognizant,Cloud Intern,6 Months,Ongoing,R0786,54,43,5,ATS-Friendly,Average
ST0787,Shaurya Sant,bmody@example.com,KIIT,Mechanical,3,2027-08-23,3,Google,Data Scientist,77,20,5,1084,LeetCode,48,59,51,50,52,P0787,AI Resume Analyzer,Python,Hard,https://github.com/ST0787/project,C0787,NPTEL DBMS,GeeksforGeeks,Completed,I0787,Cognizant,Cloud Intern,2 Months,Not Started,R0787,50,43,8,Modern,Average
ST0788,Benjamin Dhawan,rishi40@example.com,NIT Rourkela,EEE,4,2027-12-15,6,Google,ML Engineer,155,107,33,1643,LeetCode,77,84,90,75,89,P0788,Placement Prediction System,MongoDB,Hard,https://github.com/ST0788/project,C0788,React Development,NPTEL,In Progress,I0788,Microsoft,Web Developer Intern,1 Month,Not Started,R0788,84,82,20,Modern,Excellent
ST0789,Hamsini Thaker,mukhopadhyayradhika@example.com,VSSUT,ECE,4,2027-11-11,3,Microsoft,Software Engineer,15,3,0,1239,LeetCode,38,38,36,57,45,P0789,AI Resume Analyzer,Django,Easy,https://github.com/ST0789/project,C0789,Artificial Intelligence Basics,GeeksforGeeks,In Progress,I0789,TCS,Frontend Intern,1 Month,Ongoing,R0789,50,47,5,Modern,Average
ST0790,Alexander Krishnamurthy,nilima55@example.org,SOA University,Mechanical,3,2027-11-16,8,Wipro,Backend Developer,297,299,62,2260,LeetCode,97,85,100,96,91,P0790,E-Commerce Website,Flask,Easy,https://github.com/ST0790/project,C0790,React Development,Coursera,Completed,I0790,Wipro,Python Developer Intern,6 Months,Not Started,R0790,94,87,22,Basic,Excellent
ST0791,Triveni Aggarwal,isaiahmandal@example.com,SOA University,Mechanical,4,2027-10-04,9,Accenture,Data Scientist,354,169,81,2104,LeetCode,85,92,91,87,99,P0791,Weather App,Java,Easy,https://github.com/ST0791/project,C0791,Data Structures and Algorithms,Coursera,In Progress,I0791,Accenture,ML Intern,3 Months,Ongoing,R0791,94,90,21,ATS-Friendly,Excellent
ST0792,Peter Khatri,vidhi93@example.org,NIT Rourkela,EEE,3,2027-11-02,9,Accenture,ML Engineer,343,199,60,2225,LeetCode,99,88,94,85,97,P0792,Placement Prediction System,React,Easy,https://github.com/ST0792/project,C0792,Cloud Computing,edX,Completed,I0792,Oracle,Software Developer Intern,3 Months,Ongoing,R0792,94,86,18,Modern,Excellent
ST0793,Max Sampath,mangatteerth@example.com,SOA University,EEE,3,2027-08-26,10,Adobe,Full Stack Developer,414,183,53,2172,LeetCode,88,85,92,91,87,P0793,Library Management System,React,Medium,https://github.com/ST0793/project,C0793,Artificial Intelligence Basics,Coursera,Completed,I0793,Google,Data Analyst Intern,1 Month,Completed,R0793,85,99,21,Modern,Excellent
ST0794,Kalpit Bhat,kgolla@example.org,SOA University,Mechanical,4,2028-01-04,5,Adobe,Full Stack Developer,96,55,9,1563,LeetCode,64,61,68,71,74,P0794,Face Recognition System,FastAPI,Medium,https://github.com/ST0794/project,C0794,Python Programming,GeeksforGeeks,In Progress,I0794,Microsoft,Python Developer Intern,2 Months,Not Started,R0794,63,65,13,ATS-Friendly,Average
ST0795,Sanaya Parikh,pbarad@example.org,SOA University,CSE,4,2027-10-26,9,Infosys,ML Engineer,311,226,87,2208,LeetCode,91,100,92,94,92,P0795,Chatbot,Node.js,Hard,https://github.com/ST0795/project,C0795,NPTEL Computer Networks,GeeksforGeeks,Completed,I0795,Wipro,ML Intern,2 Months,Ongoing,R0795,93,98,20,Modern,Excellent
ST0796,Guneet Randhawa,skothari@example.org,KIIT,IT,4,2027-11-19,3,Wipro,Data Analyst,58,8,2,1293,LeetCode,47,54,56,49,40,P0796,Chatbot,Flask,Easy,https://github.com/ST0796/project,C0796,Python Programming,Udemy,Completed,I0796,Accenture,Data Analyst Intern,2 Months,Not Started,R0796,53,58,10,Modern,Average
ST0797,Bahadurjit Nagarajan,banjeet74@example.org,NIT Rourkela,CSE,4,2027-09-29,6,Capgemini,Full Stack Developer,201,136,34,1707,LeetCode,89,88,72,77,72,P0797,Attendance Management System,MySQL,Hard,https://github.com/ST0797/project,C0797,React Development,NPTEL,Completed,I0797,Infosys,Cloud Intern,6 Months,Completed,R0797,75,82,16,Modern,Good
ST0798,Triya Setty,gpadmanabhan@example.org,SOA University,CSE,3,2028-01-12,4,Adobe,Full Stack Developer,111,34,19,1564,LeetCode,74,62,72,61,74,P0798,Face Recognition System,React,Hard,https://github.com/ST0798/project,C0798,React Development,GeeksforGeeks,Completed,I0798,Infosys,Software Developer Intern,6 Months,Completed,R0798,70,74,10,ATS-Friendly,Good
ST0799,Ayushman Basak,qarin59@example.org,VSSUT,IT,3,2028-01-14,7,Oracle,ML Engineer,175,120,48,1791,LeetCode,81,76,85,88,84,P0799,Placement Prediction System,C++,Medium,https://github.com/ST0799/project,C0799,NPTEL DBMS,GeeksforGeeks,Completed,I0799,Google,Frontend Intern,3 Months,Not Started,R0799,79,88,14,ATS-Friendly,Good
ST0800,Niharika Anand,rohanratta@example.net,VSSUT,EEE,4,2028-01-21,9,TCS,ML Engineer,330,237,69,2202,LeetCode,91,100,87,86,88,P0800,AI Resume Analyzer,Django,Medium,https://github.com/ST0800/project,C0800,NPTEL DBMS,edX,Completed,I0800,Infosys,Cloud Intern,6 Months,Ongoing,R0800,86,95,23,ATS-Friendly,Excellent
ST0801,Vincent Suri,hemani92@example.org,IIT Bhubaneswar,CSE,4,2027-09-24,8,Amazon,Data Scientist,258,282,75,2149,LeetCode,100,95,95,92,95,P0801,E-Commerce Website,Java,Easy,https://github.com/ST0801/project,C0801,Cyber Security Essentials,NPTEL,Completed,I0801,Microsoft,Cloud Intern,3 Months,Ongoing,R0801,85,90,18,ATS-Friendly,Excellent
ST0802,Noah Tripathi,malhotranandini@example.org,KIIT,CSE,4,2027-09-28,8,TCS,Full Stack Developer,300,203,71,1989,LeetCode,86,92,85,96,99,P0802,Student Management System,Python,Easy,https://github.com/ST0802/project,C0802,SQL for Data Science,Coursera,Completed,I0802,Google,Data Analyst Intern,1 Month,Completed,R0802,87,98,19,Basic,Excellent
ST0803,Darika Sarkar,bandihemang@example.org,IIT Bhubaneswar,CSE,3,2027-09-19,3,Amazon,Full Stack Developer,34,5,4,1059,LeetCode,38,58,48,44,40,P0803,Placement Prediction System,Flask,Medium,https://github.com/ST0803/project,C0803,Machine Learning,Udemy,In Progress,I0803,Infosys,Data Analyst Intern,1 Month,Completed,R0803,54,43,9,Modern,Average
ST0804,Urishilla Prabhu,yachana70@example.com,KIIT,ECE,3,2028-01-19,7,Infosys,ML Engineer,238,116,20,1780,LeetCode,87,76,81,76,82,P0804,Movie Recommendation System,C++,Hard,https://github.com/ST0804/project,C0804,AWS Cloud Practitioner,Coursera,In Progress,I0804,Capgemini,Backend Intern,6 Months,Not Started,R0804,75,84,19,Basic,Good
ST0805,Christopher Dada,orinder51@example.com,NIT Rourkela,ECE,3,2027-11-30,9,Infosys,Software Engineer,425,218,63,2283,LeetCode,100,94,90,100,87,P0805,Library Management System,Flask,Medium,https://github.com/ST0805/project,C0805,Cloud Computing,edX,Completed,I0805,Oracle,ML Intern,1 Month,Ongoing,R0805,94,91,24,Basic,Excellent
ST0806,Kai Srinivasan,ibhavsar@example.net,VSSUT,Mechanical,4,2027-09-11,8,Infosys,Backend Developer,335,229,54,2066,LeetCode,100,98,92,87,97,P0806,Attendance Management System,Flask,Easy,https://github.com/ST0806/project,C0806,Python Programming,Coursera,In Progress,I0806,Google,ML Intern,2 Months,Ongoing,R0806,94,89,25,Basic,Excellent
ST0807,Wakeeta Nadig,shaurya26@example.com,SOA University,ECE,3,2028-01-09,9,Wipro,Data Analyst,356,263,66,1842,LeetCode,98,96,92,97,97,P0807,Portfolio Website,Python,Hard,https://github.com/ST0807/project,C0807,Machine Learning,edX,Completed,I0807,Accenture,Python Developer Intern,2 Months,Ongoing,R0807,85,88,22,ATS-Friendly,Excellent
ST0808,Nikita Morar,radhanayar@example.net,SOA University,ECE,4,2027-12-30,2,Accenture,Backend Developer,17,17,1,1060,LeetCode,35,37,38,48,54,P0808,Student Management System,MongoDB,Hard,https://github.com/ST0808/project,C0808,Data Structures and Algorithms,Udemy,In Progress,I0808,TCS,ML Intern,6 Months,Not Started,R0808,51,58,5,Basic,Average
ST0809,Tanvi Prakash,nsani@example.com,SOA University,EEE,4,2027-10-05,9,Google,Data Analyst,422,278,43,2035,LeetCode,97,93,86,92,91,P0809,AI Resume Analyzer,React,Hard,https://github.com/ST0809/project,C0809,AWS Cloud Practitioner,Coursera,In Progress,I0809,Amazon,Data Analyst Intern,3 Months,Ongoing,R0809,88,95,21,ATS-Friendly,Excellent
ST0810,Ranveer Mangat,ikbalraja@example.com,NIT Rourkela,CSE,4,2027-11-08,9,TCS,Backend Developer,336,297,42,1895,LeetCode,89,91,96,92,89,P0810,Student Management System,Node.js,Easy,https://github.com/ST0810/project,C0810,Cyber Security Essentials,Udemy,Completed,I0810,TCS,Web Developer Intern,6 Months,Completed,R0810,92,88,24,Basic,Excellent
ST0811,Yug Soni,ikshita84@example.net,IIT Bhubaneswar,ECE,3,2027-10-28,8,Capgemini,Full Stack Developer,359,175,94,2178,LeetCode,96,96,90,100,88,P0811,Student Management System,MySQL,Medium,https://github.com/ST0811/project,C0811,Python Programming,Coursera,In Progress,I0811,Infosys,Python Developer Intern,1 Month,Completed,R0811,89,95,22,Basic,Excellent
ST0812,Falak Thaman,sanayamohanty@example.org,NIT Rourkela,EEE,3,2027-11-12,8,Adobe,Full Stack Developer,416,198,46,2153,LeetCode,87,100,89,93,100,P0812,Library Management System,Node.js,Medium,https://github.com/ST0812/project,C0812,SQL for Data Science,GeeksforGeeks,Completed,I0812,Wipro,Data Analyst Intern,1 Month,Not Started,R0812,85,88,20,ATS-Friendly,Excellent
ST0813,Rushil Rajagopalan,balavansha@example.org,IIT Bhubaneswar,Mechanical,3,2027-11-15,6,Accenture,ML Engineer,170,93,48,1753,LeetCode,73,88,84,79,86,P0813,Chatbot,Python,Medium,https://github.com/ST0813/project,C0813,NPTEL Computer Networks,NPTEL,In Progress,I0813,Accenture,Software Developer Intern,3 Months,Ongoing,R0813,85,80,19,ATS-Friendly,Excellent
ST0814,Saanvi Bali,cmanda@example.com,IIT Bhubaneswar,Mechanical,3,2027-08-15,6,Oracle,Backend Developer,178,81,35,1769,LeetCode,71,82,79,86,71,P0814,Expense Tracker,Django,Medium,https://github.com/ST0814/project,C0814,Artificial Intelligence Basics,edX,In Progress,I0814,Accenture,Cloud Intern,2 Months,Not Started,R0814,71,83,15,Basic,Good
ST0815,Ronith Iyengar,avisur@example.org,VSSUT,ECE,3,2027-09-16,2,Adobe,Software Engineer,50,25,4,1089,LeetCode,52,52,56,55,60,P0815,Library Management System,FastAPI,Hard,https://github.com/ST0815/project,C0815,NPTEL DBMS,edX,In Progress,I0815,Amazon,Web Developer Intern,2 Months,Ongoing,R0815,55,48,9,ATS-Friendly,Average
ST0816,Lipika Bava,zpandit@example.net,NIT Rourkela,CSE,3,2027-09-18,4,Capgemini,Data Analyst,105,53,20,1552,LeetCode,69,55,63,64,74,P0816,Bank Management System,Django,Easy,https://github.com/ST0816/project,C0816,Data Structures and Algorithms,GeeksforGeeks,In Progress,I0816,Cognizant,Cloud Intern,1 Month,Not Started,R0816,61,70,14,ATS-Friendly,Average
ST0817,Farhan Srinivasan,dhruv06@example.com,NIT Rourkela,CSE,4,2027-11-27,6,Microsoft,Backend Developer,204,137,45,1641,LeetCode,82,87,70,84,86,P0817,Chatbot,Flask,Easy,https://github.com/ST0817/project,C0817,Machine Learning,GeeksforGeeks,Completed,I0817,Google,Backend Intern,3 Months,Not Started,R0817,76,81,15,Basic,Good
ST0818,Quincy Kulkarni,lallafiyaz@example.com,VSSUT,Mechanical,3,2027-08-03,8,Infosys,Backend Developer,362,199,81,2188,LeetCode,99,97,93,94,92,P0818,Weather App,Django,Hard,https://github.com/ST0818/project,C0818,SQL for Data Science,NPTEL,Completed,I0818,Accenture,Software Developer Intern,6 Months,Not Started,R0818,85,99,19,Basic,Excellent
ST0819,Urvi Oommen,ntandon@example.org,KIIT,CSE,3,2027-10-02,6,Accenture,Full Stack Developer,223,103,29,1666,LeetCode,72,75,89,82,86,P0819,Face Recognition System,Python,Hard,https://github.com/ST0819/project,C0819,SQL for Data Science,GeeksforGeeks,Completed,I0819,Microsoft,Python Developer Intern,1 Month,Completed,R0819,79,87,15,Modern,Good
ST0820,Ishaan Virk,megha56@example.org,VSSUT,EEE,3,2027-10-21,7,Capgemini,Data Scientist,190,84,48,1660,LeetCode,82,75,70,88,76,P0820,Expense Tracker,Java,Easy,https://github.com/ST0820/project,C0820,Data Structures and Algorithms,NPTEL,In Progress,I0820,Google,Python Developer Intern,6 Months,Not Started,R0820,79,81,14,ATS-Friendly,Good
ST0821,Bachittar Wagle,gardeyahvi@example.net,IIT Bhubaneswar,ECE,3,2027-10-06,5,Infosys,Full Stack Developer,112,54,5,1597,LeetCode,74,58,71,71,74,P0821,Chatbot,Flask,Hard,https://github.com/ST0821/project,C0821,AWS Cloud Practitioner,NPTEL,In Progress,I0821,Microsoft,Backend Intern,3 Months,Completed,R0821,68,74,14,Basic,Good
ST0822,Harshil Hans,lsodhi@example.net,IIT Bhubaneswar,IT,3,2027-11-20,10,Adobe,Data Analyst,328,297,67,1945,LeetCode,98,94,98,97,90,P0822,Movie Recommendation System,Java,Easy,https://github.com/ST0822/project,C0822,Java Programming,GeeksforGeeks,In Progress,I0822,Google,Software Developer Intern,1 Month,Ongoing,R0822,88,88,25,Basic,Excellent
ST0823,Lajita Sandal,wishigandhi@example.com,KIIT,EEE,3,2028-01-20,4,Microsoft,ML Engineer,120,73,12,1415,LeetCode,72,70,62,70,62,P0823,Attendance Management System,MongoDB,Easy,https://github.com/ST0823/project,C0823,Java Programming,NPTEL,In Progress,I0823,Amazon,Backend Intern,2 Months,Completed,R0823,61,73,10,Basic,Average
ST0824,Qushi Garg,ekapad41@example.net,IIT Bhubaneswar,IT,4,2027-10-28,9,Accenture,Data Analyst,385,211,69,2114,LeetCode,91,93,97,96,96,P0824,Weather App,FastAPI,Medium,https://github.com/ST0824/project,C0824,NPTEL DBMS,Udemy,In Progress,I0824,Microsoft,Backend Intern,3 Months,Ongoing,R0824,97,87,22,ATS-Friendly,Excellent
ST0825,Kamala Munshi,jeremiah09@example.org,KIIT,EEE,4,2027-11-16,6,Wipro,Backend Developer,217,167,33,1642,LeetCode,70,80,89,78,70,P0825,E-Commerce Website,MongoDB,Easy,https://github.com/ST0825/project,C0825,NPTEL Computer Networks,Udemy,In Progress,I0825,Accenture,ML Intern,3 Months,Ongoing,R0825,79,82,19,Modern,Good
ST0826,Isaac Char,jpandit@example.com,NIT Rourkela,CSE,3,2027-08-25,8,Amazon,Backend Developer,279,226,46,2180,LeetCode,92,100,85,86,96,P0826,Chatbot,Django,Easy,https://github.com/ST0826/project,C0826,Data Structures and Algorithms,Coursera,In Progress,I0826,Cognizant,ML Intern,1 Month,Ongoing,R0826,92,89,25,Modern,Excellent
ST0827,Abdul Sharaf,yoshita97@example.org,VSSUT,CSE,3,2027-08-03,9,Adobe,Data Analyst,404,245,95,1914,LeetCode,98,100,89,89,90,P0827,Weather App,MySQL,Medium,https://github.com/ST0827/project,C0827,Cloud Computing,Udemy,In Progress,I0827,Wipro,Python Developer Intern,2 Months,Ongoing,R0827,95,91,22,Basic,Excellent
ST0828,Upasna Halder,nachiket81@example.com,IIT Bhubaneswar,IT,4,2027-12-30,5,Accenture,Frontend Developer,84,40,10,1571,LeetCode,67,56,56,65,55,P0828,E-Commerce Website,MongoDB,Hard,https://github.com/ST0828/project,C0828,NPTEL Computer Networks,Coursera,In Progress,I0828,Amazon,Web Developer Intern,1 Month,Ongoing,R0828,60,62,11,ATS-Friendly,Average
ST0829,Balendra Dube,yadavimane@example.org,IIT Bhubaneswar,CSE,3,2028-01-03,4,Infosys,Data Scientist,82,79,9,1560,LeetCode,69,60,58,62,57,P0829,AI Resume Analyzer,Flask,Medium,https://github.com/ST0829/project,C0829,Artificial Intelligence Basics,edX,In Progress,I0829,Microsoft,Backend Intern,2 Months,Not Started,R0829,55,71,13,ATS-Friendly,Average
ST0830,Chaaya Sundaram,nsahota@example.org,SOA University,ECE,4,2027-12-30,5,Google,ML Engineer,122,55,18,1506,LeetCode,61,75,65,69,65,P0830,Portfolio Website,C++,Medium,https://github.com/ST0830/project,C0830,Machine Learning,Coursera,In Progress,I0830,Capgemini,ML Intern,6 Months,Completed,R0830,67,66,11,Modern,Good
ST0831,Ekbal Sachdev,luke12@example.org,SOA University,ECE,4,2027-09-24,9,Capgemini,ML Engineer,426,271,80,2060,LeetCode,85,96,93,98,87,P0831,Face Recognition System,MongoDB,Medium,https://github.com/ST0831/project,C0831,NPTEL DBMS,NPTEL,In Progress,I0831,Microsoft,ML Intern,1 Month,Not Started,R0831,100,92,19,Basic,Excellent
ST0832,Chatura Sethi,elijahbalan@example.net,VSSUT,IT,3,2027-09-30,2,Oracle,Software Engineer,32,16,0,1325,LeetCode,51,60,52,50,51,P0832,Student Management System,Django,Easy,https://github.com/ST0832/project,C0832,SQL for Data Science,Coursera,Completed,I0832,Infosys,Cloud Intern,1 Month,Ongoing,R0832,45,54,9,Basic,Needs Improvement
ST0833,Pahal Issac,patelparth@example.net,SOA University,ECE,3,2027-10-27,10,Microsoft,Full Stack Developer,448,274,85,2253,LeetCode,97,96,99,91,90,P0833,Movie Recommendation System,Node.js,Medium,https://github.com/ST0833/project,C0833,Java Programming,Coursera,Completed,I0833,Oracle,Python Developer Intern,2 Months,Not Started,R0833,94,89,22,Modern,Excellent
ST0834,Manan Bahl,raipahal@example.com,KIIT,CSE,4,2027-08-14,10,Wipro,Backend Developer,296,182,54,2041,LeetCode,86,87,86,95,95,P0834,Library Management System,MySQL,Hard,https://github.com/ST0834/project,C0834,Cyber Security Essentials,NPTEL,In Progress,I0834,Capgemini,ML Intern,6 Months,Completed,R0834,87,90,21,ATS-Friendly,Excellent
ST0835,Imaran Dhar,yashoda05@example.com,VSSUT,IT,4,2027-10-20,3,Google,ML Engineer,66,22,1,1149,LeetCode,58,44,44,35,37,P0835,Chatbot,MongoDB,Hard,https://github.com/ST0835/project,C0835,Java Programming,Coursera,Completed,I0835,Capgemini,Python Developer Intern,1 Month,Ongoing,R0835,39,57,10,Modern,Needs Improvement
ST0836,Pallavi Khare,maniindira@example.com,VSSUT,CSE,4,2027-12-01,8,Capgemini,Full Stack Developer,400,153,91,1821,LeetCode,100,87,90,87,93,P0836,Bank Management System,MongoDB,Medium,https://github.com/ST0836/project,C0836,Data Structures and Algorithms,Udemy,Completed,I0836,Infosys,Python Developer Intern,6 Months,Ongoing,R0836,88,98,23,Basic,Excellent
ST0837,Gautam Som,ereddy@example.org,SOA University,Mechanical,4,2027-09-26,7,Wipro,Frontend Developer,189,84,30,1739,LeetCode,75,84,79,73,70,P0837,AI Resume Analyzer,Flask,Easy,https://github.com/ST0837/project,C0837,NPTEL Computer Networks,NPTEL,Completed,I0837,Cognizant,Cloud Intern,1 Month,Completed,R0837,71,81,19,Modern,Good
ST0838,Guneet Nadkarni,rajagopalanbishakha@example.net,IIT Bhubaneswar,CSE,3,2028-01-27,3,Infosys,Data Scientist,69,19,1,1272,LeetCode,41,46,50,51,46,P0838,Library Management System,MySQL,Hard,https://github.com/ST0838/project,C0838,Java Programming,Coursera,In Progress,I0838,Wipro,Software Developer Intern,1 Month,Completed,R0838,47,57,9,Basic,Needs Improvement
ST0839,Pallavi Sheth,chopraisaiah@example.org,VSSUT,EEE,3,2027-10-16,2,Adobe,Backend Developer,66,5,1,1015,LeetCode,41,47,51,57,58,P0839,Face Recognition System,React,Medium,https://github.com/ST0839/project,C0839,Python Programming,edX,Completed,I0839,Wipro,Software Developer Intern,1 Month,Not Started,R0839,37,48,6,ATS-Friendly,Needs Improvement
ST0840,Wazir Raman,gautamiahuja@example.com,KIIT,ECE,3,2027-08-28,2,Google,Software Engineer,46,21,5,1306,LeetCode,37,39,40,42,53,P0840,Bank Management System,Node.js,Medium,https://github.com/ST0840/project,C0840,Google Data Analytics,NPTEL,Completed,I0840,Cognizant,Backend Intern,6 Months,Completed,R0840,36,56,9,Modern,Needs Improvement
ST0841,Dipta Nadig,sarmalajita@example.org,NIT Rourkela,EEE,4,2027-10-02,10,Infosys,Data Analyst,276,274,63,2239,LeetCode,86,85,88,90,94,P0841,Hospital Management System,React,Hard,https://github.com/ST0841/project,C0841,Python Programming,Coursera,In Progress,I0841,Accenture,Backend Intern,3 Months,Ongoing,R0841,92,99,18,Modern,Excellent
ST0842,Advik Sinha,nilima03@example.net,SOA University,EEE,3,2027-10-21,8,Oracle,Frontend Developer,352,202,50,2144,LeetCode,97,91,100,100,99,P0842,E-Commerce Website,MySQL,Medium,https://github.com/ST0842/project,C0842,Python for Everybody,Coursera,In Progress,I0842,Accenture,Cloud Intern,3 Months,Not Started,R0842,91,85,24,ATS-Friendly,Excellent
ST0843,Avi Parekh,matthew65@example.net,VSSUT,CSE,3,2027-09-26,9,Microsoft,Backend Developer,357,182,46,2072,LeetCode,87,97,97,91,98,P0843,E-Commerce Website,Flask,Hard,https://github.com/ST0843/project,C0843,Machine Learning,NPTEL,In Progress,I0843,Infosys,ML Intern,6 Months,Completed,R0843,88,97,19,Basic,Excellent
ST0844,Balhaar Vasa,zshukla@example.org,VSSUT,EEE,3,2027-11-24,2,Amazon,Backend Developer,42,17,4,1180,LeetCode,49,44,37,53,50,P0844,Placement Prediction System,MySQL,Medium,https://github.com/ST0844/project,C0844,Python for Everybody,NPTEL,In Progress,I0844,Cognizant,Backend Intern,3 Months,Ongoing,R0844,47,43,7,Basic,Needs Improvement
ST0845,Anmol Kala,wahab54@example.net,IIT Bhubaneswar,IT,4,2027-09-15,8,TCS,Backend Developer,268,183,83,2068,LeetCode,94,96,88,99,94,P0845,Placement Prediction System,MongoDB,Easy,https://github.com/ST0845/project,C0845,Artificial Intelligence Basics,Udemy,Completed,I0845,Accenture,Python Developer Intern,3 Months,Completed,R0845,88,91,21,ATS-Friendly,Excellent
ST0846,Abhiram Bahl,bimalakant@example.org,KIIT,Mechanical,4,2027-09-10,10,Infosys,Frontend Developer,363,252,72,2268,LeetCode,91,98,86,95,93,P0846,Library Management System,Django,Easy,https://github.com/ST0846/project,C0846,Cloud Computing,Coursera,Completed,I0846,Wipro,ML Intern,1 Month,Not Started,R0846,93,93,24,Basic,Excellent
ST0847,Robert Bhakta,kadakiaharinakshi@example.com,SOA University,EEE,3,2027-10-23,7,TCS,Backend Developer,156,158,50,1738,LeetCode,84,90,70,71,86,P0847,AI Resume Analyzer,Python,Easy,https://github.com/ST0847/project,C0847,Python Programming,Coursera,Completed,I0847,TCS,Data Analyst Intern,1 Month,Completed,R0847,70,82,19,Modern,Good
ST0848,Balendra Tella,gababalvan@example.com,IIT Bhubaneswar,CSE,4,2027-11-02,9,Wipro,Full Stack Developer,383,245,70,2264,LeetCode,98,87,98,91,90,P0848,Expense Tracker,C++,Hard,https://github.com/ST0848/project,C0848,NPTEL DBMS,GeeksforGeeks,In Progress,I0848,Accenture,Web Developer Intern,6 Months,Ongoing,R0848,87,95,18,ATS-Friendly,Excellent
ST0849,Ria Sehgal,ushah@example.net,IIT Bhubaneswar,ECE,3,2027-11-01,10,Infosys,ML Engineer,432,236,60,2008,LeetCode,92,88,92,93,92,P0849,AI Resume Analyzer,Flask,Easy,https://github.com/ST0849/project,C0849,AWS Cloud Practitioner,GeeksforGeeks,In Progress,I0849,Accenture,Cloud Intern,3 Months,Not Started,R0849,88,92,24,ATS-Friendly,Excellent
ST0850,Abdul Roy,lbala@example.net,VSSUT,ECE,4,2027-12-10,3,Oracle,ML Engineer,80,5,3,1056,LeetCode,60,39,36,53,51,P0850,Online Quiz System,FastAPI,Easy,https://github.com/ST0850/project,C0850,Cloud Computing,NPTEL,In Progress,I0850,Infosys,Software Developer Intern,6 Months,Completed,R0850,42,46,10,Modern,Needs Improvement
ST0851,Keya Maharaj,anjalidugar@example.net,NIT Rourkela,ECE,3,2027-09-04,7,Microsoft,ML Engineer,155,166,36,1635,LeetCode,82,90,90,83,76,P0851,Chatbot,Django,Easy,https://github.com/ST0851/project,C0851,Data Structures and Algorithms,Udemy,Completed,I0851,Microsoft,Cloud Intern,1 Month,Ongoing,R0851,82,82,15,Modern,Excellent
ST0852,Benjamin Nagarajan,skhare@example.org,KIIT,EEE,3,2027-10-06,3,TCS,Data Analyst,20,11,0,1040,LeetCode,41,50,44,53,42,P0852,Portfolio Website,MongoDB,Easy,https://github.com/ST0852/project,C0852,Machine Learning,edX,Completed,I0852,Wipro,Frontend Intern,1 Month,Ongoing,R0852,48,57,7,ATS-Friendly,Needs Improvement
ST0853,Zarna Narasimhan,boaseadvika@example.com,KIIT,ECE,3,2027-11-17,6,Infosys,ML Engineer,163,159,32,1608,LeetCode,84,73,81,86,71,P0853,Movie Recommendation System,Node.js,Medium,https://github.com/ST0853/project,C0853,Cyber Security Essentials,NPTEL,Completed,I0853,Infosys,Backend Intern,2 Months,Completed,R0853,81,80,19,ATS-Friendly,Excellent
ST0854,Fiyaz Panchal,janand@example.org,VSSUT,Mechanical,4,2028-01-01,2,Adobe,Backend Developer,67,10,2,1259,LeetCode,50,41,39,39,54,P0854,AI Resume Analyzer,MySQL,Easy,https://github.com/ST0854/project,C0854,Google Data Analytics,Coursera,In Progress,I0854,Capgemini,Backend Intern,1 Month,Not Started,R0854,54,46,5,Modern,Average
ST0855,Krisha Koshy,maanasagrawal@example.net,KIIT,Mechanical,3,2027-12-11,7,Infosys,Data Analyst,156,106,33,1723,LeetCode,86,85,75,86,77,P0855,Attendance Management System,Java,Easy,https://github.com/ST0855/project,C0855,Cloud Computing,NPTEL,In Progress,I0855,Cognizant,Web Developer Intern,3 Months,Not Started,R0855,76,86,14,Basic,Good
ST0856,Chaitanya Mannan,yamini67@example.com,NIT Rourkela,Mechanical,4,2027-08-10,7,TCS,Data Scientist,197,119,41,1641,LeetCode,86,81,85,81,81,P0856,Online Quiz System,Django,Easy,https://github.com/ST0856/project,C0856,Cloud Computing,GeeksforGeeks,Completed,I0856,Cognizant,Data Analyst Intern,6 Months,Completed,R0856,79,77,20,ATS-Friendly,Good
ST0857,Nidhi Shroff,parsadipta@example.net,IIT Bhubaneswar,ECE,3,2027-12-28,9,Oracle,Data Analyst,406,259,40,2141,LeetCode,93,92,88,98,97,P0857,Chatbot,Node.js,Medium,https://github.com/ST0857/project,C0857,Cyber Security Essentials,edX,In Progress,I0857,Wipro,Web Developer Intern,2 Months,Completed,R0857,88,97,23,Basic,Excellent
ST0858,Fitan Boase,deepmohammed@example.org,SOA University,IT,3,2027-10-30,10,TCS,Frontend Developer,272,190,53,1961,LeetCode,96,90,87,86,98,P0858,Bank Management System,Django,Easy,https://github.com/ST0858/project,C0858,Full Stack Web Development,edX,In Progress,I0858,Accenture,Frontend Intern,3 Months,Ongoing,R0858,89,90,24,Modern,Excellent
ST0859,Rayaan Nadig,pooja60@example.org,SOA University,EEE,4,2027-12-03,10,Google,ML Engineer,260,179,64,1882,LeetCode,87,95,89,93,94,P0859,Portfolio Website,FastAPI,Medium,https://github.com/ST0859/project,C0859,Java Programming,edX,Completed,I0859,Accenture,Web Developer Intern,2 Months,Ongoing,R0859,94,93,22,Basic,Excellent
ST0860,Ekaja Bhagat,xkannan@example.com,IIT Bhubaneswar,IT,3,2027-08-21,4,Wipro,Full Stack Developer,86,57,10,1469,LeetCode,61,66,63,61,57,P0860,Online Quiz System,C++,Medium,https://github.com/ST0860/project,C0860,Python for Everybody,GeeksforGeeks,In Progress,I0860,Accenture,Web Developer Intern,2 Months,Completed,R0860,56,62,12,ATS-Friendly,Average
ST0861,Aishani Pal,nathandube@example.com,IIT Bhubaneswar,CSE,3,2028-01-21,9,Wipro,Frontend Developer,344,271,74,2218,LeetCode,92,92,93,86,90,P0861,Hospital Management System,React,Easy,https://github.com/ST0861/project,C0861,React Development,GeeksforGeeks,In Progress,I0861,Google,Data Analyst Intern,1 Month,Ongoing,R0861,85,98,20,ATS-Friendly,Excellent
ST0862,Oeshi Chatterjee,ndixit@example.org,SOA University,EEE,3,2028-01-14,5,Amazon,Data Analyst,128,46,12,1474,LeetCode,75,66,57,58,57,P0862,Portfolio Website,React,Hard,https://github.com/ST0862/project,C0862,AWS Cloud Practitioner,NPTEL,Completed,I0862,Capgemini,Python Developer Intern,3 Months,Completed,R0862,62,68,12,Modern,Average
ST0863,Anya Nath,poojabehl@example.org,IIT Bhubaneswar,CSE,3,2027-10-07,6,Wipro,Full Stack Developer,191,173,26,1790,LeetCode,72,76,78,77,89,P0863,Online Quiz System,C++,Easy,https://github.com/ST0863/project,C0863,Google Data Analytics,edX,In Progress,I0863,Infosys,Cloud Intern,2 Months,Not Started,R0863,79,76,20,Basic,Good
ST0864,Divya Jha,harshilganesh@example.org,KIIT,Mechanical,3,2027-09-20,9,TCS,ML Engineer,286,188,67,1819,LeetCode,98,85,91,96,97,P0864,Library Management System,React,Easy,https://github.com/ST0864/project,C0864,Full Stack Web Development,Coursera,Completed,I0864,TCS,Backend Intern,2 Months,Not Started,R0864,93,100,22,Basic,Excellent
ST0865,Bhavna Contractor,jsampath@example.org,SOA University,EEE,3,2028-01-01,2,Amazon,Data Analyst,36,12,5,1276,LeetCode,39,48,60,53,37,P0865,Weather App,MongoDB,Medium,https://github.com/ST0865/project,C0865,Artificial Intelligence Basics,GeeksforGeeks,In Progress,I0865,Capgemini,Web Developer Intern,3 Months,Not Started,R0865,46,49,6,ATS-Friendly,Needs Improvement
ST0866,Yatin Rajan,lvarty@example.com,IIT Bhubaneswar,Mechanical,4,2027-09-17,3,Wipro,Data Analyst,59,3,3,1017,LeetCode,47,37,46,60,42,P0866,AI Resume Analyzer,Flask,Hard,https://github.com/ST0866/project,C0866,Python Programming,Udemy,In Progress,I0866,Amazon,Data Analyst Intern,6 Months,Completed,R0866,43,41,9,Modern,Needs Improvement
ST0867,Avni Grover,bsengupta@example.net,SOA University,IT,4,2027-12-29,2,Microsoft,Data Analyst,30,16,0,1037,LeetCode,37,52,56,46,52,P0867,Expense Tracker,Node.js,Hard,https://github.com/ST0867/project,C0867,Data Structures and Algorithms,edX,In Progress,I0867,Wipro,Web Developer Intern,1 Month,Completed,R0867,41,45,10,Basic,Needs Improvement
ST0868,Gaurang Kapadia,aayush20@example.net,NIT Rourkela,CSE,3,2027-10-18,8,Adobe,Data Scientist,337,244,86,1862,LeetCode,92,98,86,90,97,P0868,Hospital Management System,Django,Hard,https://github.com/ST0868/project,C0868,Full Stack Web Development,Coursera,In Progress,I0868,Google,ML Intern,1 Month,Not Started,R0868,85,90,21,ATS-Friendly,Excellent
ST0869,Champak Bhagat,harshil34@example.net,SOA University,Mechanical,3,2027-08-10,2,Infosys,Software Engineer,51,8,0,1368,LeetCode,56,47,46,55,50,P0869,Library Management System,MongoDB,Easy,https://github.com/ST0869/project,C0869,Full Stack Web Development,NPTEL,In Progress,I0869,Microsoft,Python Developer Intern,6 Months,Not Started,R0869,48,56,5,Modern,Needs Improvement
ST0870,Yoshita Ramakrishnan,orinderpandya@example.org,NIT Rourkela,IT,3,2027-11-09,5,Amazon,Frontend Developer,100,66,16,1582,LeetCode,68,66,63,60,56,P0870,Face Recognition System,C++,Medium,https://github.com/ST0870/project,C0870,AWS Cloud Practitioner,NPTEL,In Progress,I0870,Wipro,Frontend Intern,2 Months,Not Started,R0870,68,60,14,Modern,Good
ST0871,Turvi Nanda,chakradhar44@example.net,SOA University,EEE,3,2027-12-06,8,Infosys,Data Scientist,334,231,48,2194,LeetCode,88,95,92,98,86,P0871,Face Recognition System,MongoDB,Hard,https://github.com/ST0871/project,C0871,Google Data Analytics,Udemy,Completed,I0871,Google,Python Developer Intern,2 Months,Completed,R0871,93,98,18,Basic,Excellent
ST0872,Jasmit Pant,manan21@example.net,IIT Bhubaneswar,CSE,3,2027-09-28,10,TCS,Backend Developer,287,184,76,2139,LeetCode,91,97,98,93,88,P0872,E-Commerce Website,Django,Hard,https://github.com/ST0872/project,C0872,Artificial Intelligence Basics,edX,Completed,I0872,TCS,Cloud Intern,6 Months,Ongoing,R0872,96,90,21,Basic,Excellent
ST0873,Viraj Dubey,nakulnatt@example.org,KIIT,EEE,3,2028-01-08,8,Adobe,Full Stack Developer,441,246,73,2048,LeetCode,100,96,99,90,88,P0873,Bank Management System,React,Hard,https://github.com/ST0873/project,C0873,Full Stack Web Development,edX,In Progress,I0873,Amazon,ML Intern,1 Month,Completed,R0873,99,98,23,Basic,Excellent
ST0874,Anita Jani,klanka@example.com,SOA University,EEE,3,2027-08-09,7,Accenture,Backend Developer,209,104,28,1774,LeetCode,76,71,84,70,70,P0874,Attendance Management System,Java,Hard,https://github.com/ST0874/project,C0874,NPTEL Computer Networks,Coursera,In Progress,I0874,TCS,Data Analyst Intern,1 Month,Not Started,R0874,75,76,17,Modern,Good
ST0875,Arya Verma,vpal@example.net,IIT Bhubaneswar,IT,3,2027-08-08,3,Google,Software Engineer,18,11,5,1342,LeetCode,57,41,45,38,53,P0875,Hospital Management System,Flask,Hard,https://github.com/ST0875/project,C0875,Google Data Analytics,edX,In Progress,I0875,Oracle,Backend Intern,6 Months,Ongoing,R0875,31,44,5,Basic,Needs Improvement
ST0876,Abdul Thakkar,oprabhakar@example.org,IIT Bhubaneswar,ECE,3,2027-10-28,7,TCS,Data Scientist,211,95,49,1630,LeetCode,72,84,85,80,77,P0876,Hospital Management System,Flask,Medium,https://github.com/ST0876/project,C0876,SQL for Data Science,Coursera,Completed,I0876,Oracle,Backend Intern,1 Month,Ongoing,R0876,74,80,19,Modern,Good
ST0877,Laban Sem,yochana42@example.com,VSSUT,CSE,3,2027-10-11,10,Google,Data Scientist,403,213,72,1943,LeetCode,85,85,97,87,97,P0877,Placement Prediction System,MongoDB,Hard,https://github.com/ST0877/project,C0877,Python Programming,Udemy,In Progress,I0877,Cognizant,ML Intern,1 Month,Not Started,R0877,99,88,21,Modern,Excellent
ST0878,Upma Dubey,garaanika@example.com,SOA University,CSE,4,2028-01-04,4,Microsoft,Data Analyst,85,46,20,1546,LeetCode,57,75,72,63,62,P0878,Placement Prediction System,FastAPI,Medium,https://github.com/ST0878/project,C0878,Full Stack Web Development,edX,Completed,I0878,Cognizant,ML Intern,6 Months,Not Started,R0878,68,69,15,Basic,Good
ST0879,Rajata Tara,zsani@example.com,VSSUT,ECE,4,2027-10-03,2,Oracle,Software Engineer,42,22,1,1254,LeetCode,59,36,59,56,39,P0879,Hospital Management System,C++,Hard,https://github.com/ST0879/project,C0879,React Development,edX,In Progress,I0879,Infosys,Backend Intern,2 Months,Not Started,R0879,47,56,10,ATS-Friendly,Needs Improvement
ST0880,Luke Gandhi,raksha75@example.com,IIT Bhubaneswar,Mechanical,3,2027-12-01,6,Adobe,Backend Developer,241,84,50,1777,LeetCode,80,72,79,76,84,P0880,Attendance Management System,Flask,Medium,https://github.com/ST0880/project,C0880,SQL for Data Science,GeeksforGeeks,In Progress,I0880,Amazon,Data Analyst Intern,2 Months,Ongoing,R0880,71,86,18,Modern,Good
ST0881,Faris Shah,vermabhavika@example.com,KIIT,IT,3,2027-08-03,2,Oracle,Software Engineer,75,8,1,1014,LeetCode,41,52,36,51,49,P0881,Student Management System,Django,Easy,https://github.com/ST0881/project,C0881,Cloud Computing,Coursera,In Progress,I0881,Accenture,Web Developer Intern,3 Months,Ongoing,R0881,41,45,5,Modern,Needs Improvement
ST0882,Samesh Pandey,kchandran@example.com,VSSUT,IT,3,2027-09-02,8,Adobe,ML Engineer,284,195,85,1933,LeetCode,88,88,99,98,94,P0882,Online Quiz System,MongoDB,Easy,https://github.com/ST0882/project,C0882,Python Programming,NPTEL,Completed,I0882,Wipro,Cloud Intern,6 Months,Ongoing,R0882,86,87,25,Modern,Excellent
ST0883,Viraj Goel,kulkarninikita@example.com,NIT Rourkela,IT,4,2027-10-09,6,Infosys,Full Stack Developer,218,85,41,1610,LeetCode,76,72,80,76,79,P0883,E-Commerce Website,Python,Medium,https://github.com/ST0883/project,C0883,Artificial Intelligence Basics,edX,Completed,I0883,Capgemini,Software Developer Intern,3 Months,Ongoing,R0883,72,75,19,Modern,Good
ST0884,Aarini Grover,shettydavid@example.com,SOA University,Mechanical,4,2028-01-08,10,Infosys,Software Engineer,401,156,68,1967,LeetCode,88,91,92,96,92,P0884,AI Resume Analyzer,FastAPI,Medium,https://github.com/ST0884/project,C0884,Google Data Analytics,edX,In Progress,I0884,Capgemini,Frontend Intern,2 Months,Not Started,R0884,89,95,19,ATS-Friendly,Excellent
ST0885,Shivani Devan,xrau@example.org,SOA University,IT,4,2027-08-15,5,Adobe,ML Engineer,105,77,20,1445,LeetCode,58,75,73,69,67,P0885,Portfolio Website,MongoDB,Hard,https://github.com/ST0885/project,C0885,Machine Learning,edX,In Progress,I0885,Oracle,Web Developer Intern,2 Months,Completed,R0885,61,65,11,Basic,Average
ST0886,Zaitra D’Alia,yaminikari@example.org,SOA University,ECE,3,2027-10-10,6,Google,ML Engineer,220,132,32,1604,LeetCode,74,77,76,88,70,P0886,Attendance Management System,Flask,Medium,https://github.com/ST0886/project,C0886,Python for Everybody,Udemy,In Progress,I0886,Infosys,Software Developer Intern,6 Months,Not Started,R0886,73,89,19,Modern,Good
ST0887,Jatin Parsa,yvarkey@example.org,VSSUT,Mechanical,4,2027-09-17,3,Adobe,ML Engineer,67,12,0,1007,LeetCode,35,58,54,40,50,P0887,Bank Management System,Flask,Medium,https://github.com/ST0887/project,C0887,Artificial Intelligence Basics,GeeksforGeeks,Completed,I0887,Cognizant,Software Developer Intern,1 Month,Completed,R0887,45,50,10,Basic,Needs Improvement
ST0888,Reyansh Bajwa,guneetradhakrishnan@example.com,KIIT,IT,4,2027-10-13,3,TCS,Frontend Developer,40,28,4,1138,LeetCode,50,60,39,55,37,P0888,Movie Recommendation System,FastAPI,Medium,https://github.com/ST0888/project,C0888,Python Programming,NPTEL,In Progress,I0888,Oracle,Web Developer Intern,2 Months,Completed,R0888,54,59,8,ATS-Friendly,Average
ST0889,Radhika Karan,eshanakrishnan@example.org,VSSUT,IT,3,2027-09-22,9,Amazon,Data Analyst,361,274,98,2098,LeetCode,98,93,94,96,98,P0889,E-Commerce Website,FastAPI,Easy,https://github.com/ST0889/project,C0889,AWS Cloud Practitioner,NPTEL,Completed,I0889,Microsoft,Backend Intern,1 Month,Not Started,R0889,86,95,22,Basic,Excellent
ST0890,Megha Vaidya,kbahl@example.com,NIT Rourkela,ECE,3,2027-10-07,3,Amazon,Full Stack Developer,45,8,3,1112,LeetCode,45,54,37,50,36,P0890,E-Commerce Website,Java,Hard,https://github.com/ST0890/project,C0890,Java Programming,NPTEL,Completed,I0890,Amazon,Software Developer Intern,2 Months,Completed,R0890,35,47,7,Basic,Needs Improvement
ST0891,Prisha Bajwa,maanav27@example.com,VSSUT,ECE,3,2027-10-11,9,Capgemini,ML Engineer,429,235,46,2056,LeetCode,95,97,92,95,96,P0891,Attendance Management System,Python,Medium,https://github.com/ST0891/project,C0891,Python for Everybody,Coursera,In Progress,I0891,Cognizant,Software Developer Intern,1 Month,Completed,R0891,89,96,23,ATS-Friendly,Excellent
ST0892,Benjamin Mitra,skala@example.org,KIIT,CSE,3,2027-12-14,8,Adobe,Software Engineer,407,268,69,2115,LeetCode,97,98,99,97,97,P0892,E-Commerce Website,Flask,Medium,https://github.com/ST0892/project,C0892,React Development,Coursera,Completed,I0892,TCS,ML Intern,6 Months,Not Started,R0892,93,99,19,Modern,Excellent
ST0893,Hredhaan Srinivas,goswamipavani@example.org,VSSUT,CSE,3,2027-08-06,10,Wipro,Frontend Developer,293,288,47,2066,LeetCode,92,88,95,97,93,P0893,Placement Prediction System,React,Easy,https://github.com/ST0893/project,C0893,Artificial Intelligence Basics,Udemy,Completed,I0893,Infosys,Web Developer Intern,2 Months,Completed,R0893,100,87,22,Basic,Excellent
ST0894,Nakul Narula,oshasachdev@example.net,NIT Rourkela,EEE,4,2027-12-13,3,Microsoft,Data Scientist,66,8,4,1399,LeetCode,46,49,49,58,43,P0894,Attendance Management System,C++,Easy,https://github.com/ST0894/project,C0894,AWS Cloud Practitioner,GeeksforGeeks,Completed,I0894,Oracle,Web Developer Intern,6 Months,Completed,R0894,41,52,8,ATS-Friendly,Needs Improvement
ST0895,Aadhya Chacko,abhiramrama@example.com,NIT Rourkela,IT,4,2027-08-13,7,Infosys,Backend Developer,206,159,29,1609,LeetCode,84,77,90,87,88,P0895,Expense Tracker,React,Medium,https://github.com/ST0895/project,C0895,AWS Cloud Practitioner,GeeksforGeeks,In Progress,I0895,Microsoft,Backend Intern,6 Months,Not Started,R0895,79,77,19,Modern,Good
ST0896,Nathaniel Kala,sjain@example.org,IIT Bhubaneswar,ECE,4,2027-09-12,7,Google,Frontend Developer,169,176,21,1798,LeetCode,77,77,71,88,85,P0896,Face Recognition System,Python,Easy,https://github.com/ST0896/project,C0896,Cyber Security Essentials,GeeksforGeeks,In Progress,I0896,Infosys,Data Analyst Intern,2 Months,Not Started,R0896,70,87,18,Modern,Good
ST0897,Bhavani Uppal,kandaranveer@example.org,NIT Rourkela,Mechanical,4,2027-09-18,6,Amazon,Backend Developer,232,178,30,1672,LeetCode,82,75,76,80,87,P0897,Movie Recommendation System,MySQL,Hard,https://github.com/ST0897/project,C0897,SQL for Data Science,NPTEL,Completed,I0897,Google,Software Developer Intern,6 Months,Ongoing,R0897,80,79,18,Modern,Excellent
ST0898,Irya Saini,rushil77@example.com,SOA University,IT,4,2027-12-17,5,Capgemini,Full Stack Developer,137,50,19,1411,LeetCode,63,59,56,63,71,P0898,Bank Management System,FastAPI,Easy,https://github.com/ST0898/project,C0898,Python for Everybody,edX,Completed,I0898,Cognizant,Web Developer Intern,2 Months,Ongoing,R0898,68,65,14,Basic,Good
ST0899,Gautami Raman,kamya55@example.com,SOA University,ECE,3,2028-01-23,8,Accenture,Full Stack Developer,367,288,96,2278,LeetCode,94,95,98,92,99,P0899,Bank Management System,Java,Medium,https://github.com/ST0899/project,C0899,Machine Learning,GeeksforGeeks,In Progress,I0899,Cognizant,Data Analyst Intern,1 Month,Completed,R0899,97,87,18,ATS-Friendly,Excellent
ST0900,Faris Virk,onisengupta@example.org,KIIT,ECE,3,2027-10-01,2,Capgemini,Frontend Developer,57,8,5,1333,LeetCode,47,36,50,60,54,P0900,Weather App,MongoDB,Easy,https://github.com/ST0900/project,C0900,Data Structures and Algorithms,NPTEL,In Progress,I0900,Wipro,Backend Intern,6 Months,Completed,R0900,38,53,9,Basic,Needs Improvement
ST0901,Wyatt Gade,parthswamy@example.com,VSSUT,IT,3,2028-01-08,10,TCS,Frontend Developer,252,244,68,2038,LeetCode,92,98,89,99,88,P0901,Chatbot,Java,Hard,https://github.com/ST0901/project,C0901,NPTEL Computer Networks,edX,In Progress,I0901,Google,ML Intern,2 Months,Ongoing,R0901,97,90,18,Modern,Excellent
ST0902,Nandini Chaudry,guneetsarna@example.com,SOA University,Mechanical,4,2027-12-27,9,Microsoft,Full Stack Developer,432,267,61,2025,LeetCode,93,85,95,88,95,P0902,Attendance Management System,Java,Medium,https://github.com/ST0902/project,C0902,SQL for Data Science,edX,In Progress,I0902,TCS,Python Developer Intern,3 Months,Not Started,R0902,95,86,24,Basic,Excellent
ST0903,Baghyawati Mukhopadhyay,kharevasatika@example.com,VSSUT,EEE,3,2027-09-25,2,Amazon,Data Analyst,34,28,0,1390,LeetCode,46,42,38,41,35,P0903,Chatbot,MySQL,Hard,https://github.com/ST0903/project,C0903,Java Programming,Udemy,Completed,I0903,Google,Backend Intern,2 Months,Ongoing,R0903,50,56,5,ATS-Friendly,Average
ST0904,Nathan Khosla,sswaminathan@example.com,SOA University,IT,4,2027-11-14,6,Amazon,Full Stack Developer,210,150,44,1780,LeetCode,74,84,73,83,70,P0904,Online Quiz System,C++,Hard,https://github.com/ST0904/project,C0904,Google Data Analytics,Udemy,Completed,I0904,Amazon,ML Intern,6 Months,Completed,R0904,77,80,17,ATS-Friendly,Good
ST0905,Turvi Menon,pallafrederick@example.net,IIT Bhubaneswar,ECE,4,2027-10-11,10,Google,Backend Developer,370,244,96,2057,LeetCode,95,100,95,97,98,P0905,Weather App,FastAPI,Hard,https://github.com/ST0905/project,C0905,Artificial Intelligence Basics,edX,In Progress,I0905,Microsoft,Data Analyst Intern,6 Months,Completed,R0905,100,86,19,Modern,Excellent
ST0906,Harini Rout,ekavir09@example.com,VSSUT,EEE,4,2027-08-14,8,Adobe,Full Stack Developer,305,283,67,1864,LeetCode,86,99,100,90,88,P0906,Bank Management System,Flask,Hard,https://github.com/ST0906/project,C0906,NPTEL DBMS,GeeksforGeeks,In Progress,I0906,Oracle,ML Intern,6 Months,Completed,R0906,98,86,23,Modern,Excellent
ST0907,Quincy Char,bhavanisawhney@example.net,VSSUT,EEE,3,2027-11-19,5,Adobe,Frontend Developer,80,70,7,1458,LeetCode,64,56,68,68,58,P0907,Bank Management System,MongoDB,Easy,https://github.com/ST0907/project,C0907,Artificial Intelligence Basics,Coursera,Completed,I0907,Cognizant,Cloud Intern,2 Months,Not Started,R0907,64,72,14,ATS-Friendly,Average
ST0908,Priya Bahri,theodorerastogi@example.net,IIT Bhubaneswar,CSE,3,2027-08-01,5,Google,Frontend Developer,97,60,12,1513,LeetCode,55,68,55,69,65,P0908,Bank Management System,MongoDB,Easy,https://github.com/ST0908/project,C0908,Java Programming,Udemy,Completed,I0908,Cognizant,ML Intern,2 Months,Completed,R0908,59,65,11,Modern,Average
ST0909,Darpan Balakrishnan,max22@example.com,KIIT,EEE,3,2027-10-10,9,Accenture,Data Scientist,365,194,96,2140,LeetCode,96,86,98,97,93,P0909,Placement Prediction System,Python,Medium,https://github.com/ST0909/project,C0909,NPTEL Computer Networks,NPTEL,In Progress,I0909,TCS,Frontend Intern,6 Months,Not Started,R0909,96,94,22,ATS-Friendly,Excellent
ST0910,Ekta Sandhu,harrisontaneja@example.net,NIT Rourkela,CSE,4,2027-10-04,5,Capgemini,Data Analyst,102,45,9,1578,LeetCode,64,63,60,58,73,P0910,Attendance Management System,MySQL,Hard,https://github.com/ST0910/project,C0910,React Development,edX,In Progress,I0910,TCS,ML Intern,1 Month,Not Started,R0910,64,64,15,Basic,Average
ST0911,Mahika Dugar,zilmil59@example.net,IIT Bhubaneswar,IT,3,2028-01-21,2,TCS,ML Engineer,66,2,0,1165,LeetCode,43,56,39,45,50,P0911,Attendance Management System,React,Easy,https://github.com/ST0911/project,C0911,Full Stack Web Development,GeeksforGeeks,In Progress,I0911,Microsoft,ML Intern,2 Months,Completed,R0911,41,45,5,Basic,Needs Improvement
ST0912,Ishwar Yogi,srivastavavictor@example.org,SOA University,ECE,3,2027-10-25,4,Wipro,ML Engineer,105,54,20,1522,LeetCode,73,62,68,60,56,P0912,Hospital Management System,Node.js,Medium,https://github.com/ST0912/project,C0912,Data Structures and Algorithms,GeeksforGeeks,In Progress,I0912,Infosys,Backend Intern,1 Month,Not Started,R0912,60,73,11,Modern,Average
ST0913,Nitara Shah,binamohanty@example.org,SOA University,EEE,3,2027-08-06,6,TCS,Full Stack Developer,195,94,31,1688,LeetCode,72,89,88,74,88,P0913,Portfolio Website,Flask,Medium,https://github.com/ST0913/project,C0913,Full Stack Web Development,NPTEL,In Progress,I0913,Accenture,Web Developer Intern,6 Months,Completed,R0913,79,84,19,Modern,Good
ST0914,Oliver Sampath,imander@example.org,NIT Rourkela,Mechanical,3,2028-01-05,4,Infosys,Backend Developer,150,70,20,1564,LeetCode,73,64,56,68,68,P0914,E-Commerce Website,Java,Hard,https://github.com/ST0914/project,C0914,React Development,Udemy,In Progress,I0914,TCS,Frontend Intern,6 Months,Completed,R0914,66,73,15,Basic,Good
ST0915,Jeet Chander,varsha22@example.net,NIT Rourkela,EEE,4,2027-08-18,5,Infosys,Backend Developer,132,77,20,1479,LeetCode,58,60,63,60,74,P0915,Weather App,Node.js,Easy,https://github.com/ST0915/project,C0915,Full Stack Web Development,NPTEL,In Progress,I0915,Accenture,Software Developer Intern,2 Months,Ongoing,R0915,56,68,13,Modern,Average
ST0916,Triveni Dhillon,szachariah@example.net,SOA University,IT,3,2027-08-11,10,Google,Data Analyst,324,261,70,1999,LeetCode,94,93,98,97,92,P0916,Placement Prediction System,Node.js,Easy,https://github.com/ST0916/project,C0916,Full Stack Web Development,edX,Completed,I0916,TCS,Data Analyst Intern,1 Month,Completed,R0916,95,91,19,Modern,Excellent
ST0917,Hitesh Kuruvilla,waida98@example.org,IIT Bhubaneswar,ECE,3,2028-01-25,5,Accenture,Data Analyst,88,52,16,1415,LeetCode,59,63,63,63,69,P0917,Student Management System,Flask,Easy,https://github.com/ST0917/project,C0917,Artificial Intelligence Basics,GeeksforGeeks,Completed,I0917,Microsoft,Data Analyst Intern,2 Months,Ongoing,R0917,66,62,13,Basic,Good
ST0918,Kamala Dhawan,luckyrattan@example.net,SOA University,IT,3,2027-09-15,7,Google,Software Engineer,156,146,32,1752,LeetCode,78,71,74,78,85,P0918,Placement Prediction System,Node.js,Hard,https://github.com/ST0918/project,C0918,React Development,Udemy,Completed,I0918,Amazon,Python Developer Intern,3 Months,Completed,R0918,73,89,16,ATS-Friendly,Good
ST0919,Qushi Kibe,atharvswaminathan@example.net,SOA University,IT,3,2027-11-22,10,Infosys,Frontend Developer,408,182,98,2127,LeetCode,95,88,88,93,98,P0919,Chatbot,FastAPI,Medium,https://github.com/ST0919/project,C0919,SQL for Data Science,edX,In Progress,I0919,Capgemini,Frontend Intern,3 Months,Completed,R0919,88,88,18,ATS-Friendly,Excellent
ST0920,Ekiya Jayaraman,bahadurjit70@example.org,VSSUT,ECE,3,2027-09-17,2,Capgemini,Data Scientist,59,25,5,1365,LeetCode,35,38,45,50,55,P0920,Bank Management System,Node.js,Medium,https://github.com/ST0920/project,C0920,Artificial Intelligence Basics,GeeksforGeeks,In Progress,I0920,Accenture,ML Intern,2 Months,Ongoing,R0920,54,51,9,ATS-Friendly,Average
ST0921,Warhi Nagar,yuvrajmistry@example.org,NIT Rourkela,CSE,3,2027-08-08,10,Google,Software Engineer,449,234,73,2280,LeetCode,85,92,95,95,93,P0921,Expense Tracker,Django,Hard,https://github.com/ST0921/project,C0921,NPTEL DBMS,NPTEL,In Progress,I0921,Cognizant,Python Developer Intern,3 Months,Completed,R0921,97,90,21,Modern,Excellent
ST0922,Guneet Upadhyay,urmijoshi@example.net,NIT Rourkela,ECE,4,2027-12-10,8,Microsoft,Data Scientist,428,207,99,2265,LeetCode,99,90,94,90,90,P0922,E-Commerce Website,Java,Medium,https://github.com/ST0922/project,C0922,SQL for Data Science,Coursera,In Progress,I0922,Amazon,Data Analyst Intern,6 Months,Not Started,R0922,97,100,23,Basic,Excellent
ST0923,Lipika Mody,jonathan05@example.com,NIT Rourkela,IT,4,2027-09-01,3,Wipro,Data Analyst,33,9,3,1103,LeetCode,58,59,56,55,51,P0923,Movie Recommendation System,MySQL,Medium,https://github.com/ST0923/project,C0923,Cyber Security Essentials,Coursera,Completed,I0923,Wipro,Backend Intern,2 Months,Completed,R0923,51,44,10,Modern,Average
ST0924,Avni Grewal,karnikganga@example.org,VSSUT,Mechanical,3,2027-12-30,5,Wipro,Data Analyst,117,61,9,1479,LeetCode,69,62,74,67,63,P0924,Library Management System,Python,Hard,https://github.com/ST0924/project,C0924,Machine Learning,GeeksforGeeks,Completed,I0924,Wipro,Python Developer Intern,3 Months,Ongoing,R0924,70,68,11,Modern,Good
ST0925,Dev Baria,doctorfaras@example.org,NIT Rourkela,Mechanical,4,2027-09-05,10,Capgemini,Data Analyst,403,181,89,1898,LeetCode,92,93,88,90,96,P0925,Hospital Management System,Python,Easy,https://github.com/ST0925/project,C0925,Google Data Analytics,Coursera,In Progress,I0925,Wipro,Python Developer Intern,2 Months,Completed,R0925,99,94,20,Modern,Excellent
ST0926,Ganga Cherian,ekanda@example.net,NIT Rourkela,ECE,4,2027-09-04,8,Google,Software Engineer,424,179,72,1912,LeetCode,97,98,93,99,87,P0926,Placement Prediction System,FastAPI,Easy,https://github.com/ST0926/project,C0926,Google Data Analytics,Coursera,Completed,I0926,Accenture,Cloud Intern,6 Months,Ongoing,R0926,91,94,21,Basic,Excellent
ST0927,Ekbal Sankar,chandagirindra@example.com,KIIT,EEE,3,2027-10-24,4,Infosys,Software Engineer,132,69,19,1573,LeetCode,75,72,73,56,67,P0927,Library Management System,React,Hard,https://github.com/ST0927/project,C0927,SQL for Data Science,NPTEL,Completed,I0927,Wipro,Frontend Intern,1 Month,Ongoing,R0927,65,66,15,Modern,Good
ST0928,Aarav Date,benveda@example.org,IIT Bhubaneswar,ECE,3,2028-01-18,7,Accenture,Backend Developer,158,133,34,1782,LeetCode,79,76,71,71,70,P0928,Hospital Management System,C++,Hard,https://github.com/ST0928/project,C0928,Cloud Computing,NPTEL,In Progress,I0928,Infosys,Cloud Intern,6 Months,Ongoing,R0928,80,83,18,Basic,Excellent
ST0929,Upma Sankar,qabil88@example.com,KIIT,Mechanical,3,2027-10-05,9,Amazon,Frontend Developer,392,157,50,1948,LeetCode,90,92,94,87,87,P0929,Student Management System,FastAPI,Medium,https://github.com/ST0929/project,C0929,Python for Everybody,NPTEL,In Progress,I0929,Cognizant,Python Developer Intern,3 Months,Ongoing,R0929,95,92,19,Basic,Excellent
ST0930,Kabir Sidhu,bhatnagarwarinder@example.org,IIT Bhubaneswar,ECE,4,2028-01-28,9,Google,Data Scientist,423,231,59,2019,LeetCode,97,93,94,99,85,P0930,Library Management System,Node.js,Easy,https://github.com/ST0930/project,C0930,Java Programming,Coursera,In Progress,I0930,Infosys,Backend Intern,3 Months,Completed,R0930,85,96,21,ATS-Friendly,Excellent
ST0931,Gaurika Vaidya,ymenon@example.com,IIT Bhubaneswar,Mechanical,3,2027-11-30,5,Microsoft,Frontend Developer,93,40,15,1593,LeetCode,58,61,59,70,63,P0931,Movie Recommendation System,Django,Easy,https://github.com/ST0931/project,C0931,Artificial Intelligence Basics,edX,Completed,I0931,Wipro,Backend Intern,6 Months,Ongoing,R0931,59,73,11,ATS-Friendly,Average
ST0932,Jalsa Chahal,amaira19@example.org,NIT Rourkela,ECE,3,2027-10-18,2,Accenture,Software Engineer,18,20,3,1081,LeetCode,40,43,56,47,53,P0932,Online Quiz System,MySQL,Easy,https://github.com/ST0932/project,C0932,Python for Everybody,edX,In Progress,I0932,Amazon,Web Developer Intern,2 Months,Not Started,R0932,30,47,10,Basic,Needs Improvement
ST0933,Zinal Buch,jairaj42@example.net,IIT Bhubaneswar,Mechanical,4,2028-01-18,5,Infosys,Software Engineer,83,53,13,1507,LeetCode,73,58,65,63,55,P0933,Placement Prediction System,Django,Hard,https://github.com/ST0933/project,C0933,AWS Cloud Practitioner,Udemy,Completed,I0933,Microsoft,Backend Intern,6 Months,Completed,R0933,68,61,15,Modern,Good
ST0934,Keya Dalal,vasudha68@example.com,IIT Bhubaneswar,EEE,3,2027-10-11,5,TCS,Data Scientist,128,80,5,1405,LeetCode,63,60,74,63,66,P0934,Online Quiz System,Java,Medium,https://github.com/ST0934/project,C0934,NPTEL DBMS,GeeksforGeeks,In Progress,I0934,TCS,Software Developer Intern,2 Months,Not Started,R0934,67,72,12,Basic,Good
ST0935,Vincent Oza,mekhala18@example.org,NIT Rourkela,IT,4,2027-10-14,2,Oracle,Data Scientist,44,6,0,1196,LeetCode,58,44,37,45,58,P0935,Portfolio Website,Django,Medium,https://github.com/ST0935/project,C0935,Python Programming,Coursera,In Progress,I0935,Cognizant,Data Analyst Intern,6 Months,Ongoing,R0935,54,52,7,Basic,Average
ST0936,Rayaan Bajaj,mtripathi@example.org,KIIT,Mechanical,4,2027-08-05,9,Infosys,Full Stack Developer,339,188,79,2119,LeetCode,88,95,91,90,97,P0936,Student Management System,C++,Hard,https://github.com/ST0936/project,C0936,AWS Cloud Practitioner,GeeksforGeeks,Completed,I0936,Wipro,Software Developer Intern,3 Months,Ongoing,R0936,86,88,18,Basic,Excellent
ST0937,Sai Salvi,vasudhabajwa@example.net,IIT Bhubaneswar,CSE,3,2027-08-29,2,TCS,Software Engineer,45,13,1,1364,LeetCode,60,42,55,58,40,P0937,Bank Management System,C++,Hard,https://github.com/ST0937/project,C0937,Artificial Intelligence Basics,GeeksforGeeks,In Progress,I0937,Amazon,Web Developer Intern,2 Months,Ongoing,R0937,53,41,10,Basic,Average
ST0938,Bachittar Dubey,harini30@example.org,NIT Rourkela,Mechanical,4,2027-12-14,8,Accenture,Software Engineer,313,221,53,1948,LeetCode,96,88,97,95,99,P0938,Face Recognition System,Django,Easy,https://github.com/ST0938/project,C0938,Artificial Intelligence Basics,NPTEL,In Progress,I0938,Oracle,ML Intern,3 Months,Completed,R0938,86,92,18,ATS-Friendly,Excellent
ST0939,Yug Kadakia,michaelsubramaniam@example.net,SOA University,Mechanical,3,2027-10-02,10,Capgemini,Full Stack Developer,353,200,80,2215,LeetCode,98,87,88,95,100,P0939,E-Commerce Website,React,Hard,https://github.com/ST0939/project,C0939,Artificial Intelligence Basics,edX,In Progress,I0939,Google,Backend Intern,2 Months,Ongoing,R0939,86,87,23,ATS-Friendly,Excellent
ST0940,Upma Sami,dayamai31@example.net,IIT Bhubaneswar,EEE,3,2027-12-25,4,Adobe,Frontend Developer,127,77,13,1440,LeetCode,59,62,68,56,68,P0940,AI Resume Analyzer,FastAPI,Medium,https://github.com/ST0940/project,C0940,Java Programming,edX,In Progress,I0940,Oracle,Cloud Intern,1 Month,Ongoing,R0940,56,71,15,Modern,Average
ST0941,Chameli Deol,teerth51@example.net,IIT Bhubaneswar,IT,3,2027-10-01,6,TCS,Frontend Developer,170,168,40,1642,LeetCode,77,84,79,77,73,P0941,Library Management System,MySQL,Medium,https://github.com/ST0941/project,C0941,Artificial Intelligence Basics,GeeksforGeeks,Completed,I0941,Capgemini,Cloud Intern,1 Month,Ongoing,R0941,84,85,20,Modern,Excellent
ST0942,Geetika Sama,girikgolla@example.com,VSSUT,IT,4,2027-11-14,9,Infosys,Data Analyst,264,161,54,1880,LeetCode,99,91,94,96,85,P0942,Library Management System,MongoDB,Easy,https://github.com/ST0942/project,C0942,Python for Everybody,Udemy,Completed,I0942,Amazon,ML Intern,6 Months,Completed,R0942,90,89,24,Modern,Excellent
ST0943,Yochana Om,pushti17@example.net,VSSUT,IT,4,2027-08-29,5,Amazon,Data Scientist,147,58,20,1536,LeetCode,70,65,70,67,67,P0943,E-Commerce Website,Python,Easy,https://github.com/ST0943/project,C0943,Data Structures and Algorithms,GeeksforGeeks,Completed,I0943,Amazon,Python Developer Intern,1 Month,Ongoing,R0943,56,67,10,ATS-Friendly,Average
ST0944,Timothy Sunder,nidhitalwar@example.org,VSSUT,ECE,4,2027-09-01,7,Infosys,Backend Developer,156,125,49,1697,LeetCode,78,80,80,89,83,P0944,Chatbot,Django,Easy,https://github.com/ST0944/project,C0944,Java Programming,Coursera,In Progress,I0944,Oracle,Data Analyst Intern,2 Months,Ongoing,R0944,70,75,16,Basic,Good
ST0945,Krishna Chawla,jairaj70@example.org,NIT Rourkela,ECE,4,2028-01-16,2,Oracle,Full Stack Developer,14,30,0,1201,LeetCode,35,37,45,57,38,P0945,Bank Management System,Python,Easy,https://github.com/ST0945/project,C0945,Machine Learning,Udemy,Completed,I0945,Oracle,Cloud Intern,6 Months,Not Started,R0945,45,52,6,Basic,Needs Improvement
ST0946,Fitan Solanki,gulationveer@example.com,VSSUT,ECE,4,2027-12-10,9,Infosys,Data Analyst,378,254,46,2001,LeetCode,94,86,96,95,93,P0946,Expense Tracker,MongoDB,Hard,https://github.com/ST0946/project,C0946,Cloud Computing,NPTEL,In Progress,I0946,Accenture,Backend Intern,2 Months,Not Started,R0946,90,94,25,ATS-Friendly,Excellent
ST0947,Amruta Saini,yug18@example.com,VSSUT,EEE,4,2027-09-03,2,Microsoft,Full Stack Developer,74,8,2,1204,LeetCode,54,51,50,43,48,P0947,Bank Management System,Django,Easy,https://github.com/ST0947/project,C0947,SQL for Data Science,Coursera,In Progress,I0947,Capgemini,ML Intern,3 Months,Ongoing,R0947,52,51,8,ATS-Friendly,Average
ST0948,Bina Kohli,shahfrado@example.com,VSSUT,EEE,4,2027-12-19,10,Accenture,Full Stack Developer,266,239,85,2143,LeetCode,94,88,93,92,100,P0948,Weather App,Django,Easy,https://github.com/ST0948/project,C0948,Cloud Computing,Coursera,In Progress,I0948,Oracle,Web Developer Intern,3 Months,Completed,R0948,99,89,21,ATS-Friendly,Excellent
ST0949,Qadim Yohannan,yashicabhalla@example.org,NIT Rourkela,EEE,4,2028-01-05,6,Oracle,Software Engineer,236,145,37,1601,LeetCode,87,83,78,77,78,P0949,Placement Prediction System,Python,Hard,https://github.com/ST0949/project,C0949,Artificial Intelligence Basics,Udemy,In Progress,I0949,Google,ML Intern,6 Months,Not Started,R0949,80,83,14,Modern,Excellent
ST0950,Aarav Jhaveri,mugdha92@example.net,SOA University,IT,3,2027-08-22,7,Adobe,Data Analyst,200,83,34,1665,LeetCode,76,80,71,77,89,P0950,Student Management System,Python,Medium,https://github.com/ST0950/project,C0950,SQL for Data Science,GeeksforGeeks,Completed,I0950,Cognizant,Frontend Intern,6 Months,Completed,R0950,83,84,20,Modern,Excellent
ST0951,Bhavna Sane,bathrajeshri@example.com,IIT Bhubaneswar,ECE,3,2027-10-16,5,TCS,Backend Developer,142,67,6,1592,LeetCode,59,73,62,74,75,P0951,AI Resume Analyzer,FastAPI,Hard,https://github.com/ST0951/project,C0951,AWS Cloud Practitioner,GeeksforGeeks,In Progress,I0951,Infosys,Data Analyst Intern,1 Month,Completed,R0951,64,74,11,Basic,Average
ST0952,Aarav Hari,vanyadixit@example.com,SOA University,IT,3,2027-08-28,7,TCS,Backend Developer,188,152,38,1690,LeetCode,71,90,89,85,82,P0952,Face Recognition System,React,Medium,https://github.com/ST0952/project,C0952,Data Structures and Algorithms,NPTEL,Completed,I0952,Cognizant,Cloud Intern,3 Months,Completed,R0952,70,88,15,Basic,Good
ST0953,Kala Modi,neelganesh@example.net,NIT Rourkela,ECE,3,2028-01-09,6,Google,Software Engineer,209,130,27,1711,LeetCode,74,86,76,74,82,P0953,Weather App,Django,Easy,https://github.com/ST0953/project,C0953,Java Programming,Coursera,In Progress,I0953,Amazon,Software Developer Intern,3 Months,Completed,R0953,80,77,18,Modern,Excellent
ST0954,Charan Kar,bathgauri@example.net,NIT Rourkela,Mechanical,3,2027-08-31,10,Accenture,ML Engineer,385,150,95,2029,LeetCode,96,85,90,93,91,P0954,Online Quiz System,C++,Hard,https://github.com/ST0954/project,C0954,Google Data Analytics,GeeksforGeeks,In Progress,I0954,TCS,Data Analyst Intern,1 Month,Not Started,R0954,95,94,21,Modern,Excellent
ST0955,Bhavika Panchal,jacobparmar@example.org,NIT Rourkela,CSE,3,2027-09-30,8,Infosys,ML Engineer,409,296,41,1838,LeetCode,88,97,99,99,94,P0955,E-Commerce Website,Flask,Easy,https://github.com/ST0955/project,C0955,NPTEL DBMS,Udemy,Completed,I0955,Amazon,Web Developer Intern,3 Months,Not Started,R0955,96,91,24,Modern,Excellent
ST0956,Zayan Pillay,jhalak14@example.net,SOA University,ECE,3,2027-12-17,6,TCS,Backend Developer,175,96,31,1696,LeetCode,73,71,71,85,89,P0956,Attendance Management System,Flask,Hard,https://github.com/ST0956/project,C0956,Data Structures and Algorithms,Coursera,Completed,I0956,Microsoft,Cloud Intern,2 Months,Not Started,R0956,84,77,16,Modern,Excellent
ST0957,Dalbir Nayak,charati@example.net,NIT Rourkela,Mechanical,4,2027-11-21,2,Microsoft,ML Engineer,18,10,4,1246,LeetCode,35,45,37,52,49,P0957,E-Commerce Website,Django,Medium,https://github.com/ST0957/project,C0957,Artificial Intelligence Basics,Udemy,Completed,I0957,Amazon,Web Developer Intern,2 Months,Completed,R0957,36,60,7,ATS-Friendly,Needs Improvement
ST0958,Jackson Suresh,manya16@example.com,IIT Bhubaneswar,CSE,3,2027-12-16,9,Google,Full Stack Developer,409,269,53,1887,LeetCode,93,88,89,99,91,P0958,Library Management System,Node.js,Hard,https://github.com/ST0958/project,C0958,Python for Everybody,GeeksforGeeks,Completed,I0958,Google,Data Analyst Intern,1 Month,Not Started,R0958,95,95,21,Modern,Excellent
ST0959,Abeer Bandi,ekani99@example.net,VSSUT,CSE,4,2027-10-26,5,Wipro,Data Scientist,118,50,6,1461,LeetCode,64,67,62,57,69,P0959,Expense Tracker,Python,Medium,https://github.com/ST0959/project,C0959,Java Programming,Udemy,In Progress,I0959,Google,Python Developer Intern,2 Months,Ongoing,R0959,55,60,12,Modern,Average
ST0960,Vamakshi Hegde,baradyashica@example.net,SOA University,Mechanical,4,2027-08-04,10,Capgemini,Frontend Developer,318,187,76,1916,LeetCode,98,89,98,87,95,P0960,Placement Prediction System,React,Medium,https://github.com/ST0960/project,C0960,SQL for Data Science,edX,In Progress,I0960,Oracle,Python Developer Intern,2 Months,Not Started,R0960,92,95,20,Modern,Excellent
ST0961,Ganga Ahluwalia,jasonmisra@example.com,KIIT,IT,4,2027-08-04,5,TCS,Backend Developer,97,80,12,1462,LeetCode,75,62,67,72,58,P0961,Online Quiz System,MongoDB,Easy,https://github.com/ST0961/project,C0961,NPTEL Computer Networks,GeeksforGeeks,Completed,I0961,Infosys,Cloud Intern,2 Months,Not Started,R0961,67,73,12,Modern,Good
ST0962,Thomas Sani,onveer07@example.net,VSSUT,EEE,3,2027-08-07,8,Microsoft,Backend Developer,385,165,45,1894,LeetCode,99,94,98,92,91,P0962,Hospital Management System,Django,Medium,https://github.com/ST0962/project,C0962,Java Programming,GeeksforGeeks,Completed,I0962,Infosys,Cloud Intern,6 Months,Completed,R0962,87,99,22,Modern,Excellent
ST0963,Ganga Gara,bhavika39@example.org,NIT Rourkela,ECE,4,2027-12-20,8,Infosys,Data Scientist,410,205,42,2074,LeetCode,89,94,91,98,94,P0963,Chatbot,Django,Medium,https://github.com/ST0963/project,C0963,Google Data Analytics,Udemy,Completed,I0963,Wipro,Data Analyst Intern,1 Month,Completed,R0963,99,88,23,Modern,Excellent
ST0964,Laban Padmanabhan,mkorpal@example.net,KIIT,EEE,4,2028-01-14,6,Google,Software Engineer,225,111,48,1704,LeetCode,70,77,79,78,77,P0964,Chatbot,Flask,Medium,https://github.com/ST0964/project,C0964,Data Structures and Algorithms,Coursera,In Progress,I0964,TCS,Cloud Intern,6 Months,Not Started,R0964,81,75,15,Modern,Excellent
ST0965,Dalaja Shenoy,bariawishi@example.org,IIT Bhubaneswar,Mechanical,3,2027-11-03,9,Oracle,ML Engineer,384,237,75,1801,LeetCode,93,96,93,95,97,P0965,Attendance Management System,Node.js,Medium,https://github.com/ST0965/project,C0965,Python Programming,edX,Completed,I0965,Accenture,Web Developer Intern,3 Months,Not Started,R0965,87,92,24,Basic,Excellent
ST0966,Sneha Vig,suraabhimanyu@example.com,VSSUT,EEE,4,2027-09-19,4,Accenture,Full Stack Developer,110,49,20,1587,LeetCode,62,69,57,74,59,P0966,Library Management System,Node.js,Hard,https://github.com/ST0966/project,C0966,AWS Cloud Practitioner,NPTEL,In Progress,I0966,Cognizant,Python Developer Intern,3 Months,Ongoing,R0966,61,67,14,ATS-Friendly,Average
ST0967,Vinaya Trivedi,kramesh@example.org,KIIT,IT,3,2027-12-19,4,Oracle,ML Engineer,107,67,15,1418,LeetCode,60,74,73,68,68,P0967,E-Commerce Website,MySQL,Easy,https://github.com/ST0967/project,C0967,Python for Everybody,edX,In Progress,I0967,Infosys,Web Developer Intern,1 Month,Not Started,R0967,63,64,14,ATS-Friendly,Average
ST0968,Lavanya Palla,anamika47@example.net,NIT Rourkela,Mechanical,4,2027-10-18,9,TCS,Data Scientist,289,246,91,2019,LeetCode,93,94,92,93,86,P0968,AI Resume Analyzer,MongoDB,Easy,https://github.com/ST0968/project,C0968,Data Structures and Algorithms,Coursera,In Progress,I0968,Accenture,ML Intern,6 Months,Ongoing,R0968,88,96,19,ATS-Friendly,Excellent
ST0969,Nidhi Saraf,wishi23@example.com,IIT Bhubaneswar,Mechanical,3,2027-09-24,2,Wipro,Software Engineer,74,3,5,1324,LeetCode,48,37,45,49,45,P0969,Movie Recommendation System,Python,Hard,https://github.com/ST0969/project,C0969,Python Programming,Coursera,Completed,I0969,Google,Backend Intern,2 Months,Not Started,R0969,46,59,9,Modern,Needs Improvement
ST0970,Charita Gole,kakarjeevika@example.com,KIIT,EEE,4,2027-08-31,3,Accenture,Software Engineer,49,26,2,1086,LeetCode,55,42,58,45,39,P0970,AI Resume Analyzer,Flask,Easy,https://github.com/ST0970/project,C0970,Full Stack Web Development,Coursera,Completed,I0970,Capgemini,Python Developer Intern,6 Months,Not Started,R0970,50,40,5,ATS-Friendly,Average
ST0971,Dayita Nagar,wazir80@example.org,VSSUT,Mechanical,3,2027-11-24,9,Amazon,Full Stack Developer,298,211,63,1913,LeetCode,97,100,87,100,100,P0971,Placement Prediction System,Python,Easy,https://github.com/ST0971/project,C0971,Python for Everybody,NPTEL,Completed,I0971,Cognizant,Frontend Intern,3 Months,Ongoing,R0971,98,93,21,ATS-Friendly,Excellent
ST0972,Vrinda Gupta,zachariahhritik@example.net,IIT Bhubaneswar,ECE,4,2027-12-09,9,Infosys,Full Stack Developer,312,260,40,1825,LeetCode,95,100,98,89,91,P0972,Face Recognition System,Python,Hard,https://github.com/ST0972/project,C0972,SQL for Data Science,NPTEL,Completed,I0972,Wipro,ML Intern,2 Months,Ongoing,R0972,89,97,22,ATS-Friendly,Excellent
ST0973,Tejas Bhatt,ishanvi55@example.net,VSSUT,IT,4,2027-08-02,2,TCS,ML Engineer,69,24,2,1051,LeetCode,35,49,58,55,42,P0973,Expense Tracker,Node.js,Easy,https://github.com/ST0973/project,C0973,Google Data Analytics,edX,Completed,I0973,Google,Cloud Intern,1 Month,Not Started,R0973,34,50,5,ATS-Friendly,Needs Improvement
ST0974,Samarth Dhillon,thomas83@example.com,SOA University,EEE,4,2027-09-11,3,Oracle,Data Scientist,44,29,3,1258,LeetCode,52,44,59,42,60,P0974,Hospital Management System,FastAPI,Medium,https://github.com/ST0974/project,C0974,SQL for Data Science,Coursera,In Progress,I0974,Microsoft,Web Developer Intern,3 Months,Ongoing,R0974,32,47,9,Basic,Needs Improvement
ST0975,Ronith Suri,naveencheema@example.com,NIT Rourkela,CSE,3,2027-12-21,6,Adobe,ML Engineer,247,117,45,1632,LeetCode,87,85,87,90,85,P0975,Bank Management System,Node.js,Hard,https://github.com/ST0975/project,C0975,NPTEL DBMS,Udemy,In Progress,I0975,Microsoft,Data Analyst Intern,3 Months,Not Started,R0975,76,84,20,Modern,Good
ST0976,Tejas Sankaran,jagvi64@example.net,VSSUT,EEE,3,2028-01-28,2,Infosys,ML Engineer,10,8,3,1063,LeetCode,42,48,59,40,58,P0976,Attendance Management System,FastAPI,Hard,https://github.com/ST0976/project,C0976,Artificial Intelligence Basics,Coursera,In Progress,I0976,Capgemini,Data Analyst Intern,1 Month,Completed,R0976,40,56,6,Basic,Needs Improvement
ST0977,Deepa Purohit,aarna72@example.com,VSSUT,Mechanical,3,2027-11-19,2,Adobe,ML Engineer,26,9,2,1140,LeetCode,43,43,59,57,42,P0977,Movie Recommendation System,FastAPI,Medium,https://github.com/ST0977/project,C0977,NPTEL Computer Networks,GeeksforGeeks,In Progress,I0977,Oracle,Frontend Intern,1 Month,Ongoing,R0977,44,45,10,Modern,Needs Improvement
ST0978,Advik Parikh,ekiya59@example.com,IIT Bhubaneswar,CSE,3,2027-12-17,7,Wipro,Backend Developer,235,156,28,1778,LeetCode,89,72,74,74,73,P0978,Face Recognition System,FastAPI,Hard,https://github.com/ST0978/project,C0978,React Development,edX,In Progress,I0978,Microsoft,Backend Intern,1 Month,Ongoing,R0978,82,81,14,Modern,Excellent
ST0979,Charita Natarajan,nidra94@example.com,VSSUT,CSE,4,2027-09-01,7,Adobe,Backend Developer,228,113,25,1741,LeetCode,89,76,85,70,75,P0979,E-Commerce Website,MongoDB,Medium,https://github.com/ST0979/project,C0979,Full Stack Web Development,Coursera,Completed,I0979,Google,Data Analyst Intern,3 Months,Completed,R0979,78,79,16,ATS-Friendly,Good
ST0980,Zaitra Dey,vihaan70@example.org,NIT Rourkela,ECE,4,2027-08-13,3,Adobe,Backend Developer,50,28,3,1218,LeetCode,57,47,37,35,41,P0980,Expense Tracker,MySQL,Medium,https://github.com/ST0980/project,C0980,Google Data Analytics,Udemy,Completed,I0980,Cognizant,Cloud Intern,1 Month,Not Started,R0980,47,50,10,Basic,Needs Improvement
ST0981,Naveen Kata,boraxalak@example.net,SOA University,ECE,3,2027-11-12,9,Oracle,Data Scientist,414,262,48,2010,LeetCode,92,98,94,87,87,P0981,Bank Management System,FastAPI,Medium,https://github.com/ST0981/project,C0981,Google Data Analytics,NPTEL,In Progress,I0981,Capgemini,Frontend Intern,3 Months,Completed,R0981,90,97,18,Basic,Excellent
ST0982,Balveer Borra,wriddhish97@example.net,IIT Bhubaneswar,EEE,4,2028-01-25,8,Infosys,Data Analyst,444,270,84,1876,LeetCode,97,87,99,87,97,P0982,Placement Prediction System,MongoDB,Easy,https://github.com/ST0982/project,C0982,Java Programming,edX,In Progress,I0982,Oracle,Web Developer Intern,1 Month,Not Started,R0982,96,86,22,Basic,Excellent
ST0983,Bhavna Ganesh,nathanmittal@example.net,IIT Bhubaneswar,Mechanical,3,2027-09-16,7,Accenture,Software Engineer,192,94,36,1723,LeetCode,78,88,79,78,85,P0983,Library Management System,MySQL,Medium,https://github.com/ST0983/project,C0983,Python for Everybody,Coursera,Completed,I0983,Oracle,Backend Intern,2 Months,Completed,R0983,76,86,16,Basic,Good
ST0984,Fitan Pant,dasguptadakshesh@example.org,VSSUT,CSE,4,2027-10-16,3,Amazon,ML Engineer,48,30,2,1166,LeetCode,48,60,35,43,40,P0984,Student Management System,React,Medium,https://github.com/ST0984/project,C0984,Full Stack Web Development,Udemy,In Progress,I0984,Amazon,Software Developer Intern,2 Months,Ongoing,R0984,40,55,6,ATS-Friendly,Needs Improvement
ST0985,Megha Barad,dakshpandey@example.org,SOA University,CSE,3,2027-09-19,9,Wipro,Data Scientist,275,296,63,2281,LeetCode,92,99,89,97,94,P0985,Movie Recommendation System,FastAPI,Easy,https://github.com/ST0985/project,C0985,React Development,Coursera,In Progress,I0985,Wipro,Cloud Intern,3 Months,Ongoing,R0985,86,93,25,ATS-Friendly,Excellent
ST0986,Frederick Kalita,wbhagat@example.org,IIT Bhubaneswar,CSE,4,2027-08-03,10,Adobe,Data Scientist,356,206,43,2041,LeetCode,93,91,88,100,86,P0986,Student Management System,FastAPI,Medium,https://github.com/ST0986/project,C0986,Java Programming,edX,Completed,I0986,Capgemini,ML Intern,2 Months,Completed,R0986,95,97,25,Modern,Excellent
ST0987,Veda Nayak,gsrivastava@example.com,NIT Rourkela,CSE,4,2028-01-11,7,Amazon,ML Engineer,184,170,48,1759,LeetCode,81,71,84,77,71,P0987,Hospital Management System,Java,Hard,https://github.com/ST0987/project,C0987,Cloud Computing,Coursera,Completed,I0987,Cognizant,Data Analyst Intern,1 Month,Ongoing,R0987,82,79,20,Basic,Excellent
ST0988,Sanya Bora,pjohal@example.org,IIT Bhubaneswar,CSE,4,2028-01-22,6,Infosys,ML Engineer,194,164,47,1746,LeetCode,78,81,73,84,74,P0988,Placement Prediction System,React,Hard,https://github.com/ST0988/project,C0988,Full Stack Web Development,Coursera,In Progress,I0988,TCS,ML Intern,3 Months,Completed,R0988,84,81,17,ATS-Friendly,Excellent
ST0989,Frado Sur,wallaojas@example.org,NIT Rourkela,IT,3,2028-01-05,7,Oracle,Frontend Developer,157,176,25,1714,LeetCode,70,75,70,81,75,P0989,Bank Management System,Java,Medium,https://github.com/ST0989/project,C0989,Cloud Computing,Udemy,Completed,I0989,TCS,Backend Intern,6 Months,Completed,R0989,75,80,14,ATS-Friendly,Good
ST0990,Matthew Natt,gaurika90@example.org,NIT Rourkela,IT,3,2027-11-07,8,Wipro,Data Analyst,352,299,70,2175,LeetCode,87,93,99,93,93,P0990,Attendance Management System,Node.js,Hard,https://github.com/ST0990/project,C0990,AWS Cloud Practitioner,NPTEL,Completed,I0990,Oracle,Web Developer Intern,3 Months,Ongoing,R0990,87,89,20,ATS-Friendly,Excellent
ST0991,Parth Comar,ijayachoudhury@example.net,VSSUT,IT,4,2027-11-22,3,Capgemini,Software Engineer,43,19,1,1208,LeetCode,42,51,43,36,59,P0991,Face Recognition System,MongoDB,Medium,https://github.com/ST0991/project,C0991,Python for Everybody,edX,In Progress,I0991,Google,Web Developer Intern,3 Months,Ongoing,R0991,30,58,5,Basic,Needs Improvement
ST0992,Jack Pingle,inaya06@example.com,VSSUT,IT,4,2027-12-10,2,Accenture,Full Stack Developer,26,13,3,1310,LeetCode,53,53,46,53,43,P0992,AI Resume Analyzer,MySQL,Hard,https://github.com/ST0992/project,C0992,Google Data Analytics,NPTEL,Completed,I0992,Cognizant,Python Developer Intern,2 Months,Ongoing,R0992,42,58,10,ATS-Friendly,Needs Improvement
ST0993,Charvi Srivastava,quincysankar@example.org,VSSUT,IT,4,2027-08-29,9,Microsoft,ML Engineer,392,247,98,2300,LeetCode,98,88,93,94,99,P0993,Weather App,MongoDB,Easy,https://github.com/ST0993/project,C0993,Cloud Computing,Coursera,Completed,I0993,Cognizant,Backend Intern,6 Months,Not Started,R0993,93,97,23,Modern,Excellent
ST0994,Aryan Iyer,qarin64@example.net,VSSUT,IT,3,2028-01-22,8,Oracle,ML Engineer,438,267,90,2080,LeetCode,89,93,96,98,90,P0994,Attendance Management System,Python,Easy,https://github.com/ST0994/project,C0994,Java Programming,Udemy,Completed,I0994,TCS,Software Developer Intern,1 Month,Completed,R0994,100,94,22,Modern,Excellent
ST0995,Rajata Gopal,shaurya64@example.org,VSSUT,CSE,4,2027-12-21,8,Infosys,Data Scientist,427,263,59,2196,LeetCode,86,94,88,91,97,P0995,AI Resume Analyzer,Java,Easy,https://github.com/ST0995/project,C0995,Python Programming,Coursera,Completed,I0995,Google,Software Developer Intern,1 Month,Ongoing,R0995,88,93,24,Basic,Excellent
ST0996,Aarush Mitter,orinder40@example.com,VSSUT,ECE,3,2027-11-11,9,Oracle,Frontend Developer,424,232,96,2228,LeetCode,88,90,96,87,100,P0996,E-Commerce Website,React,Easy,https://github.com/ST0996/project,C0996,Full Stack Web Development,edX,Completed,I0996,Amazon,Web Developer Intern,3 Months,Completed,R0996,98,94,24,Modern,Excellent
ST0997,Zaid Kapoor,zchada@example.net,SOA University,EEE,3,2027-08-21,7,Accenture,Backend Developer,160,151,30,1707,LeetCode,81,82,76,87,83,P0997,Hospital Management System,Django,Medium,https://github.com/ST0997/project,C0997,Python for Everybody,Udemy,Completed,I0997,Accenture,Data Analyst Intern,6 Months,Not Started,R0997,70,77,17,Basic,Good
ST0998,Timothy Bir,gagandugar@example.org,KIIT,CSE,4,2027-12-11,10,Wipro,Data Analyst,372,257,100,2195,LeetCode,96,93,86,96,93,P0998,Chatbot,Django,Easy,https://github.com/ST0998/project,C0998,Cloud Computing,edX,In Progress,I0998,TCS,Software Developer Intern,3 Months,Not Started,R0998,98,92,23,Basic,Excellent
ST0999,Ekavir Chhabra,kritikaparsa@example.org,SOA University,CSE,4,2027-10-31,7,Capgemini,Data Scientist,233,110,37,1696,LeetCode,86,74,73,84,89,P0999,Bank Management System,Java,Hard,https://github.com/ST0999/project,C0999,Python Programming,Coursera,In Progress,I0999,Accenture,Data Analyst Intern,6 Months,Ongoing,R0999,77,77,16,Basic,Good
ST1000,Anya Tailor,pavani99@example.org,IIT Bhubaneswar,Mechanical,4,2027-09-13,2,Capgemini,ML Engineer,72,27,0,1155,LeetCode,37,57,49,41,43,P1000,Placement Prediction System,Flask,Medium,https://github.com/ST1000/project,C1000,Data Structures and Algorithms,GeeksforGeeks,In Progress,I1000,Wipro,Frontend Intern,1 Month,Not Started,R1000,31,55,10,Modern,Needs Improvement
ST1001,Geetika Sandhu,chaitalytalwar@example.org,VSSUT,CSE,3,2027-08-25,9,Capgemini,Data Scientist,288,253,46,1945,LeetCode,95,93,86,89,92,P1001,AI Resume Analyzer,Python,Hard,https://github.com/ST1001/project,C1001,NPTEL Computer Networks,NPTEL,In Progress,I1001,Amazon,Data Analyst Intern,1 Month,Completed,R1001,90,87,24,Modern,Excellent
ST1002,Falguni Srinivas,nimratmangal@example.org,IIT Bhubaneswar,IT,3,2027-12-25,3,TCS,Data Scientist,16,12,3,1268,LeetCode,42,58,39,55,45,P1002,Placement Prediction System,Django,Medium,https://github.com/ST1002/project,C1002,NPTEL DBMS,Coursera,Completed,I1002,Microsoft,Backend Intern,2 Months,Ongoing,R1002,36,50,5,Modern,Needs Improvement
ST1003,Shivani Bala,aarushwason@example.net,KIIT,Mechanical,3,2027-12-19,3,Accenture,Full Stack Developer,68,17,5,1372,LeetCode,46,38,48,37,51,P1003,Chatbot,React,Easy,https://github.com/ST1003/project,C1003,Python Programming,edX,In Progress,I1003,Capgemini,Python Developer Intern,2 Months,Ongoing,R1003,49,44,5,ATS-Friendly,Needs Improvement
ST1004,Vasana Deol,hredhaanbaral@example.com,VSSUT,IT,4,2027-09-13,5,Google,Software Engineer,127,80,10,1564,LeetCode,64,73,69,59,73,P1004,E-Commerce Website,Node.js,Easy,https://github.com/ST1004/project,C1004,Data Structures and Algorithms,Coursera,In Progress,I1004,Microsoft,Data Analyst Intern,1 Month,Completed,R1004,56,73,13,ATS-Friendly,Average
ST1005,Anjali Kara,qarinthakur@example.org,KIIT,EEE,3,2027-11-04,8,TCS,Software Engineer,448,165,87,2107,LeetCode,87,85,96,92,89,P1005,Chatbot,Flask,Medium,https://github.com/ST1005/project,C1005,React Development,NPTEL,In Progress,I1005,Microsoft,Backend Intern,1 Month,Not Started,R1005,85,100,19,Basic,Excellent
ST1006,Lakshit Nagar,urishillawalia@example.org,VSSUT,ECE,4,2027-08-21,4,Adobe,Software Engineer,142,49,20,1542,LeetCode,66,57,71,72,75,P1006,Face Recognition System,Django,Hard,https://github.com/ST1006/project,C1006,Java Programming,GeeksforGeeks,Completed,I1006,TCS,Web Developer Intern,1 Month,Completed,R1006,64,65,11,Modern,Average
ST1007,Warhi Nadig,waglevyanjana@example.net,IIT Bhubaneswar,CSE,3,2027-09-20,4,Accenture,Data Analyst,84,43,9,1513,LeetCode,58,59,56,74,69,P1007,Bank Management System,MySQL,Hard,https://github.com/ST1007/project,C1007,NPTEL DBMS,Udemy,In Progress,I1007,Amazon,Software Developer Intern,6 Months,Ongoing,R1007,67,69,13,Basic,Good
ST1008,Anita Pathak,krishna57@example.com,IIT Bhubaneswar,ECE,3,2027-12-16,5,Accenture,Backend Developer,133,35,15,1471,LeetCode,60,66,74,65,75,P1008,Placement Prediction System,MySQL,Hard,https://github.com/ST1008/project,C1008,NPTEL Computer Networks,Udemy,Completed,I1008,Google,Software Developer Intern,6 Months,Not Started,R1008,59,74,10,ATS-Friendly,Average
ST1009,Vrinda Mallick,dakshadubey@example.net,SOA University,ECE,4,2027-08-29,7,Microsoft,Frontend Developer,177,150,40,1639,LeetCode,83,80,86,72,74,P1009,Hospital Management System,FastAPI,Hard,https://github.com/ST1009/project,C1009,NPTEL DBMS,edX,In Progress,I1009,Cognizant,Frontend Intern,1 Month,Ongoing,R1009,78,84,20,ATS-Friendly,Good
ST1010,Kabir Upadhyay,pratta@example.net,NIT Rourkela,Mechanical,4,2027-12-29,5,Accenture,Frontend Developer,141,47,15,1581,LeetCode,75,75,57,72,62,P1010,Bank Management System,MongoDB,Easy,https://github.com/ST1010/project,C1010,Data Structures and Algorithms,NPTEL,Completed,I1010,Microsoft,Data Analyst Intern,6 Months,Ongoing,R1010,62,68,11,Basic,Average
ST1011,Omkaar Sami,anandazaan@example.org,KIIT,ECE,4,2027-11-18,5,Oracle,Data Analyst,88,65,15,1577,LeetCode,72,62,58,75,57,P1011,Placement Prediction System,Java,Easy,https://github.com/ST1011/project,C1011,Data Structures and Algorithms,Udemy,In Progress,I1011,Oracle,ML Intern,6 Months,Completed,R1011,64,71,14,Modern,Average
ST1012,Vivaan Agate,brindapau@example.org,SOA University,CSE,3,2028-01-14,2,Oracle,Full Stack Developer,15,9,2,1316,LeetCode,47,53,41,59,51,P1012,Bank Management System,Django,Hard,https://github.com/ST1012/project,C1012,NPTEL DBMS,Coursera,Completed,I1012,Oracle,Software Developer Intern,6 Months,Completed,R1012,33,48,10,Modern,Needs Improvement
ST1013,Upadhriti Chaudhry,chawlamitali@example.org,VSSUT,IT,3,2028-01-16,2,Amazon,Data Analyst,26,21,3,1273,LeetCode,51,53,48,38,46,P1013,Hospital Management System,Java,Hard,https://github.com/ST1013/project,C1013,Data Structures and Algorithms,Coursera,Completed,I1013,Amazon,ML Intern,2 Months,Ongoing,R1013,53,48,7,Modern,Average
ST1014,Anita Sethi,wyatt91@example.org,KIIT,CSE,4,2028-01-16,2,TCS,Data Scientist,60,10,5,1158,LeetCode,52,37,45,44,37,P1014,Weather App,MySQL,Hard,https://github.com/ST1014/project,C1014,Data Structures and Algorithms,GeeksforGeeks,Completed,I1014,Cognizant,Backend Intern,1 Month,Ongoing,R1014,36,44,7,Basic,Needs Improvement
ST1015,Atharv More,rehaangulati@example.net,KIIT,IT,4,2027-11-13,7,Microsoft,Full Stack Developer,205,133,23,1634,LeetCode,79,81,77,72,78,P1015,Chatbot,Django,Easy,https://github.com/ST1015/project,C1015,Cyber Security Essentials,Udemy,In Progress,I1015,Capgemini,ML Intern,3 Months,Completed,R1015,74,90,18,Basic,Good
ST1016,Patrick Rai,xmunshi@example.net,SOA University,EEE,4,2027-12-30,5,Wipro,Backend Developer,134,47,10,1415,LeetCode,70,65,67,60,63,P1016,Student Management System,Django,Hard,https://github.com/ST1016/project,C1016,Google Data Analytics,GeeksforGeeks,In Progress,I1016,Cognizant,Python Developer Intern,6 Months,Completed,R1016,67,71,14,ATS-Friendly,Good
ST1017,Devansh Yadav,echaudhuri@example.net,KIIT,CSE,4,2027-12-14,8,Accenture,Data Scientist,268,232,49,1988,LeetCode,100,97,96,100,97,P1017,Bank Management System,Node.js,Hard,https://github.com/ST1017/project,C1017,NPTEL Computer Networks,GeeksforGeeks,Completed,I1017,Cognizant,Cloud Intern,1 Month,Ongoing,R1017,98,94,23,Basic,Excellent
ST1018,Nathaniel Agarwal,thomasverma@example.com,NIT Rourkela,ECE,3,2027-08-10,5,Accenture,Full Stack Developer,112,57,19,1551,LeetCode,73,72,59,63,62,P1018,Bank Management System,Node.js,Medium,https://github.com/ST1018/project,C1018,NPTEL DBMS,NPTEL,Completed,I1018,Wipro,Python Developer Intern,3 Months,Ongoing,R1018,65,66,11,Basic,Good
ST1019,Nachiket Jain,mkannan@example.com,NIT Rourkela,CSE,4,2027-09-21,5,Google,Software Engineer,132,63,18,1457,LeetCode,72,56,55,66,62,P1019,AI Resume Analyzer,C++,Hard,https://github.com/ST1019/project,C1019,Google Data Analytics,Coursera,Completed,I1019,Amazon,Data Analyst Intern,2 Months,Completed,R1019,64,67,14,Basic,Average
ST1020,Aditya Mitter,aadhya31@example.org,VSSUT,CSE,3,2027-11-17,6,TCS,Software Engineer,243,92,42,1696,LeetCode,88,74,83,85,89,P1020,Placement Prediction System,React,Hard,https://github.com/ST1020/project,C1020,SQL for Data Science,Coursera,Completed,I1020,Wipro,Software Developer Intern,1 Month,Not Started,R1020,74,87,17,ATS-Friendly,Good
ST1021,Lila Ganesan,sairoy@example.net,SOA University,EEE,4,2028-01-13,7,Adobe,Backend Developer,164,179,50,1746,LeetCode,86,74,71,85,87,P1021,Bank Management System,Flask,Easy,https://github.com/ST1021/project,C1021,Cyber Security Essentials,GeeksforGeeks,Completed,I1021,Oracle,Web Developer Intern,2 Months,Not Started,R1021,81,83,19,Basic,Excellent
ST1022,Praneel Rao,ldalia@example.org,VSSUT,IT,3,2028-01-26,6,TCS,Data Analyst,155,107,27,1685,LeetCode,81,70,82,90,82,P1022,E-Commerce Website,MongoDB,Medium,https://github.com/ST1022/project,C1022,Artificial Intelligence Basics,Udemy,In Progress,I1022,Accenture,Web Developer Intern,3 Months,Not Started,R1022,76,86,19,Modern,Good
ST1023,Alexander Kunda,geraayush@example.org,VSSUT,EEE,3,2028-01-15,7,Oracle,Software Engineer,159,145,42,1705,LeetCode,87,80,87,81,78,P1023,AI Resume Analyzer,FastAPI,Hard,https://github.com/ST1023/project,C1023,Full Stack Web Development,edX,Completed,I1023,Wipro,Software Developer Intern,2 Months,Ongoing,R1023,85,78,14,Modern,Excellent
ST1024,Gagan Acharya,sarinbishakha@example.com,NIT Rourkela,CSE,3,2027-11-08,4,Oracle,ML Engineer,112,56,17,1474,LeetCode,65,58,56,58,74,P1024,Attendance Management System,Java,Easy,https://github.com/ST1024/project,C1024,Data Structures and Algorithms,edX,Completed,I1024,Accenture,Python Developer Intern,2 Months,Ongoing,R1024,68,70,13,ATS-Friendly,Good
ST1025,Ishani Singhal,laksh23@example.org,SOA University,EEE,3,2027-12-02,9,Google,ML Engineer,252,275,40,2103,LeetCode,96,96,99,94,99,P1025,Portfolio Website,Django,Hard,https://github.com/ST1025/project,C1025,NPTEL Computer Networks,Udemy,Completed,I1025,Oracle,Data Analyst Intern,6 Months,Ongoing,R1025,92,90,19,Basic,Excellent
ST1026,Abha Zachariah,omkaarpalla@example.net,KIIT,ECE,3,2027-09-11,9,Accenture,Full Stack Developer,437,289,51,2109,LeetCode,86,98,96,94,86,P1026,E-Commerce Website,Django,Hard,https://github.com/ST1026/project,C1026,Python for Everybody,Udemy,In Progress,I1026,Amazon,Python Developer Intern,6 Months,Completed,R1026,85,87,25,Modern,Excellent
ST1027,Ubika Datta,tripti64@example.org,IIT Bhubaneswar,CSE,3,2027-12-23,2,Oracle,Software Engineer,27,22,2,1327,LeetCode,42,40,57,53,44,P1027,Face Recognition System,Python,Medium,https://github.com/ST1027/project,C1027,NPTEL Computer Networks,Udemy,Completed,I1027,TCS,Python Developer Intern,2 Months,Not Started,R1027,34,49,8,ATS-Friendly,Needs Improvement
ST1028,Robert Jani,hboase@example.org,VSSUT,EEE,4,2027-12-24,7,Infosys,Data Scientist,171,110,32,1610,LeetCode,72,73,76,81,87,P1028,E-Commerce Website,C++,Medium,https://github.com/ST1028/project,C1028,Cloud Computing,Udemy,In Progress,I1028,Accenture,ML Intern,2 Months,Completed,R1028,76,76,19,Basic,Good
ST1029,Kamya Borra,khuranasanaya@example.com,NIT Rourkela,CSE,4,2027-08-10,9,Amazon,ML Engineer,394,272,67,2184,LeetCode,92,86,86,91,96,P1029,Bank Management System,C++,Hard,https://github.com/ST1029/project,C1029,NPTEL DBMS,NPTEL,Completed,I1029,Capgemini,Cloud Intern,3 Months,Completed,R1029,96,94,24,Modern,Excellent
ST1030,Keya Rana,divya37@example.net,SOA University,Mechanical,3,2028-01-03,3,Accenture,Data Analyst,29,29,2,1247,LeetCode,60,35,39,46,43,P1030,Placement Prediction System,Django,Easy,https://github.com/ST1030/project,C1030,Artificial Intelligence Basics,NPTEL,Completed,I1030,Accenture,Web Developer Intern,2 Months,Ongoing,R1030,32,50,5,Basic,Needs Improvement
ST1031,Vedant Chacko,obalakrishnan@example.net,KIIT,Mechanical,3,2028-01-18,3,Accenture,Full Stack Developer,69,14,4,1010,LeetCode,56,59,39,43,46,P1031,Movie Recommendation System,MySQL,Easy,https://github.com/ST1031/project,C1031,Machine Learning,GeeksforGeeks,In Progress,I1031,Cognizant,Python Developer Intern,6 Months,Ongoing,R1031,36,56,7,Basic,Needs Improvement
ST1032,Faras Lalla,vamakshi34@example.org,KIIT,Mechanical,3,2028-01-25,7,Capgemini,ML Engineer,243,109,24,1627,LeetCode,78,80,87,74,72,P1032,Expense Tracker,C++,Easy,https://github.com/ST1032/project,C1032,Google Data Analytics,NPTEL,Completed,I1032,Cognizant,Frontend Intern,6 Months,Completed,R1032,80,90,18,ATS-Friendly,Excellent
ST1033,Omaja Sidhu,jasmitkanda@example.com,SOA University,Mechanical,4,2027-08-23,8,Microsoft,Data Analyst,425,254,85,1828,LeetCode,91,86,99,93,89,P1033,Student Management System,MySQL,Medium,https://github.com/ST1033/project,C1033,Full Stack Web Development,Coursera,In Progress,I1033,Capgemini,ML Intern,3 Months,Ongoing,R1033,92,92,23,Modern,Excellent
ST1034,Fiyaz Oommen,saksham13@example.com,NIT Rourkela,CSE,4,2028-01-09,8,Microsoft,Full Stack Developer,348,250,96,2172,LeetCode,92,86,93,96,85,P1034,Student Management System,Flask,Easy,https://github.com/ST1034/project,C1034,Cyber Security Essentials,Udemy,In Progress,I1034,Accenture,ML Intern,2 Months,Completed,R1034,95,97,25,ATS-Friendly,Excellent
ST1035,Widisha Mani,psamra@example.org,VSSUT,Mechanical,4,2027-10-01,9,Infosys,Frontend Developer,383,230,56,1995,LeetCode,85,87,90,89,94,P1035,Library Management System,Node.js,Hard,https://github.com/ST1035/project,C1035,Java Programming,Udemy,Completed,I1035,Infosys,Software Developer Intern,6 Months,Completed,R1035,97,91,21,ATS-Friendly,Excellent
ST1036,Aachal Borra,samuelsundaram@example.org,NIT Rourkela,ECE,4,2027-09-30,7,TCS,Data Analyst,231,161,32,1799,LeetCode,71,70,72,80,74,P1036,AI Resume Analyzer,Python,Easy,https://github.com/ST1036/project,C1036,NPTEL Computer Networks,NPTEL,In Progress,I1036,Cognizant,ML Intern,2 Months,Not Started,R1036,85,79,17,Basic,Excellent
ST1037,Wyatt Prabhu,padmanabhanimaran@example.org,KIIT,Mechanical,3,2027-08-19,5,TCS,Full Stack Developer,111,70,18,1512,LeetCode,73,56,59,58,65,P1037,AI Resume Analyzer,Flask,Medium,https://github.com/ST1037/project,C1037,Python for Everybody,Coursera,In Progress,I1037,Microsoft,Backend Intern,1 Month,Not Started,R1037,60,72,14,ATS-Friendly,Average
ST1038,Ishita Kumer,gwason@example.net,KIIT,CSE,3,2027-08-18,9,Adobe,Full Stack Developer,305,167,94,2142,LeetCode,90,100,85,88,93,P1038,Bank Management System,Java,Hard,https://github.com/ST1038/project,C1038,Machine Learning,edX,Completed,I1038,TCS,ML Intern,2 Months,Completed,R1038,86,85,22,Basic,Excellent
ST1039,Harita Shukla,jayaramanupkaar@example.net,NIT Rourkela,Mechanical,4,2027-08-27,3,Google,Backend Developer,16,10,0,1025,LeetCode,46,50,55,45,37,P1039,Face Recognition System,MongoDB,Easy,https://github.com/ST1039/project,C1039,Cloud Computing,Coursera,Completed,I1039,Capgemini,Software Developer Intern,2 Months,Ongoing,R1039,39,46,5,ATS-Friendly,Needs Improvement
ST1040,Hardik Chanda,nagymitali@example.net,NIT Rourkela,ECE,3,2027-09-19,2,Amazon,ML Engineer,55,2,1,1043,LeetCode,35,54,41,41,55,P1040,Face Recognition System,C++,Hard,https://github.com/ST1040/project,C1040,Artificial Intelligence Basics,Udemy,Completed,I1040,Accenture,Software Developer Intern,1 Month,Ongoing,R1040,31,47,9,Basic,Needs Improvement
ST1041,Anthony Savant,rattanprisha@example.net,SOA University,EEE,4,2027-08-12,10,TCS,Data Scientist,366,277,78,2165,LeetCode,94,88,95,93,96,P1041,Online Quiz System,Flask,Hard,https://github.com/ST1041/project,C1041,SQL for Data Science,GeeksforGeeks,Completed,I1041,Oracle,Software Developer Intern,2 Months,Not Started,R1041,85,90,24,Modern,Excellent
ST1042,Jasmit Nagy,chadapeter@example.org,IIT Bhubaneswar,IT,4,2028-01-28,3,TCS,Full Stack Developer,18,15,2,1030,LeetCode,51,42,54,44,49,P1042,Online Quiz System,Node.js,Medium,https://github.com/ST1042/project,C1042,Full Stack Web Development,Coursera,In Progress,I1042,Amazon,Software Developer Intern,1 Month,Ongoing,R1042,40,48,9,Basic,Needs Improvement
ST1043,Ronith Chandran,atwaldayita@example.com,IIT Bhubaneswar,ECE,4,2027-11-05,5,Capgemini,ML Engineer,87,71,19,1440,LeetCode,57,56,61,67,61,P1043,Movie Recommendation System,Django,Medium,https://github.com/ST1043/project,C1043,Cloud Computing,GeeksforGeeks,In Progress,I1043,Google,Python Developer Intern,3 Months,Completed,R1043,58,75,10,Modern,Average
ST1044,Avni Manne,teerth36@example.com,NIT Rourkela,IT,4,2028-01-02,5,Amazon,ML Engineer,119,43,14,1407,LeetCode,65,58,55,70,57,P1044,E-Commerce Website,Flask,Medium,https://github.com/ST1044/project,C1044,React Development,Coursera,Completed,I1044,Google,ML Intern,2 Months,Not Started,R1044,66,65,13,Basic,Good
ST1045,Siya Dugar,ynadkarni@example.net,IIT Bhubaneswar,IT,3,2028-01-14,7,Accenture,ML Engineer,211,158,48,1773,LeetCode,80,82,84,85,87,P1045,Placement Prediction System,MySQL,Hard,https://github.com/ST1045/project,C1045,Google Data Analytics,GeeksforGeeks,In Progress,I1045,Infosys,Software Developer Intern,3 Months,Not Started,R1045,78,79,14,ATS-Friendly,Good
ST1046,Damyanti Nadig,ayaansubramanian@example.com,SOA University,IT,4,2027-08-16,8,Oracle,Data Analyst,377,166,81,2245,LeetCode,99,93,85,96,86,P1046,Expense Tracker,Django,Hard,https://github.com/ST1046/project,C1046,Cloud Computing,NPTEL,Completed,I1046,Microsoft,Frontend Intern,2 Months,Completed,R1046,91,85,25,Modern,Excellent
ST1047,Guneet Guha,mandakalpit@example.net,KIIT,CSE,4,2027-09-10,6,Capgemini,Data Scientist,237,152,48,1770,LeetCode,74,87,82,72,75,P1047,AI Resume Analyzer,Java,Hard,https://github.com/ST1047/project,C1047,Data Structures and Algorithms,NPTEL,In Progress,I1047,Wipro,Cloud Intern,3 Months,Not Started,R1047,80,87,16,ATS-Friendly,Excellent
ST1048,Nisha Deo,ovarghese@example.org,NIT Rourkela,CSE,3,2027-12-14,6,Accenture,Frontend Developer,245,160,26,1765,LeetCode,73,82,87,73,80,P1048,Expense Tracker,Flask,Easy,https://github.com/ST1048/project,C1048,Cloud Computing,GeeksforGeeks,In Progress,I1048,TCS,Frontend Intern,1 Month,Ongoing,R1048,80,77,16,Modern,Excellent
ST1049,Tara Kapadia,xatwal@example.org,VSSUT,ECE,4,2027-08-15,5,Wipro,ML Engineer,110,78,7,1420,LeetCode,71,70,57,62,70,P1049,Weather App,MySQL,Medium,https://github.com/ST1049/project,C1049,Data Structures and Algorithms,NPTEL,In Progress,I1049,Microsoft,Cloud Intern,6 Months,Completed,R1049,56,64,11,ATS-Friendly,Average
ST1050,Amrita Datta,ojas76@example.com,KIIT,EEE,4,2028-01-05,9,Oracle,Data Analyst,325,254,61,1848,LeetCode,94,90,99,92,91,P1050,AI Resume Analyzer,MongoDB,Hard,https://github.com/ST1050/project,C1050,Python for Everybody,GeeksforGeeks,In Progress,I1050,Wipro,Web Developer Intern,2 Months,Not Started,R1050,99,93,21,Modern,Excellent
ST1051,Eiravati Jhaveri,janya08@example.net,IIT Bhubaneswar,EEE,3,2027-08-04,8,Accenture,Full Stack Developer,267,165,86,2293,LeetCode,89,89,94,90,85,P1051,Hospital Management System,Django,Easy,https://github.com/ST1051/project,C1051,Machine Learning,Coursera,Completed,I1051,Infosys,Frontend Intern,1 Month,Completed,R1051,93,90,19,ATS-Friendly,Excellent
ST1052,Dominic Kapoor,yashodagrewal@example.org,IIT Bhubaneswar,Mechanical,3,2027-10-08,3,Accenture,Frontend Developer,22,1,2,1299,LeetCode,46,48,53,49,60,P1052,Library Management System,React,Medium,https://github.com/ST1052/project,C1052,Python Programming,Coursera,In Progress,I1052,TCS,Web Developer Intern,6 Months,Completed,R1052,37,46,6,Modern,Needs Improvement
ST1053,Sathvik Kalla,deshmukhamol@example.org,KIIT,Mechanical,4,2027-11-13,10,Google,Frontend Developer,434,208,99,2201,LeetCode,97,85,91,92,93,P1053,E-Commerce Website,React,Easy,https://github.com/ST1053/project,C1053,Artificial Intelligence Basics,Coursera,Completed,I1053,Wipro,Software Developer Intern,3 Months,Completed,R1053,85,95,21,ATS-Friendly,Excellent
ST1054,Quincy Sura,prishakhosla@example.org,VSSUT,EEE,3,2027-09-12,7,Oracle,Backend Developer,181,161,35,1641,LeetCode,77,75,88,76,83,P1054,Portfolio Website,Flask,Hard,https://github.com/ST1054/project,C1054,Cloud Computing,edX,Completed,I1054,Cognizant,Backend Intern,2 Months,Ongoing,R1054,77,85,19,ATS-Friendly,Good
ST1055,Lakshit Mutti,bariadiya@example.org,SOA University,CSE,3,2027-11-08,10,Infosys,Data Analyst,310,266,80,1837,LeetCode,99,93,98,91,90,P1055,Placement Prediction System,React,Easy,https://github.com/ST1055/project,C1055,React Development,edX,In Progress,I1055,Oracle,Software Developer Intern,2 Months,Not Started,R1055,95,86,18,ATS-Friendly,Excellent
ST1056,Vivaan Aggarwal,devanshchar@example.net,KIIT,EEE,4,2028-01-24,9,Oracle,Data Analyst,338,260,50,1972,LeetCode,88,97,87,93,85,P1056,Chatbot,MongoDB,Medium,https://github.com/ST1056/project,C1056,Data Structures and Algorithms,NPTEL,In Progress,I1056,Cognizant,Backend Intern,3 Months,Completed,R1056,91,91,18,Basic,Excellent
ST1057,Upasna Dayal,dayamai93@example.com,SOA University,EEE,3,2027-11-29,5,Amazon,ML Engineer,125,41,11,1560,LeetCode,67,66,64,56,75,P1057,Student Management System,MySQL,Medium,https://github.com/ST1057/project,C1057,Cyber Security Essentials,edX,Completed,I1057,Microsoft,Cloud Intern,2 Months,Not Started,R1057,58,69,12,Modern,Average
ST1058,Dominic Malhotra,girikvala@example.net,SOA University,IT,4,2027-09-11,5,Accenture,ML Engineer,149,50,18,1472,LeetCode,70,59,61,58,69,P1058,Portfolio Website,Django,Hard,https://github.com/ST1058/project,C1058,Machine Learning,Coursera,In Progress,I1058,Capgemini,Software Developer Intern,2 Months,Not Started,R1058,67,69,13,Basic,Good
ST1059,Viraj Chaudhari,mmitra@example.com,KIIT,ECE,3,2027-09-03,6,Infosys,Full Stack Developer,234,113,20,1725,LeetCode,76,75,84,80,78,P1059,Expense Tracker,React,Hard,https://github.com/ST1059/project,C1059,AWS Cloud Practitioner,GeeksforGeeks,In Progress,I1059,Wipro,Python Developer Intern,2 Months,Ongoing,R1059,73,76,14,Basic,Good
ST1060,Garima Sen,rdhaliwal@example.com,IIT Bhubaneswar,CSE,4,2027-12-23,6,Amazon,Data Scientist,161,163,28,1782,LeetCode,87,74,77,74,86,P1060,Chatbot,MongoDB,Medium,https://github.com/ST1060/project,C1060,Machine Learning,NPTEL,In Progress,I1060,Cognizant,Frontend Intern,3 Months,Not Started,R1060,71,88,19,Basic,Good
ST1061,Nidra Murty,hansxiti@example.net,KIIT,CSE,3,2028-01-24,5,Wipro,Backend Developer,142,63,9,1536,LeetCode,60,71,55,71,57,P1061,Weather App,C++,Easy,https://github.com/ST1061/project,C1061,SQL for Data Science,Coursera,Completed,I1061,Infosys,Data Analyst Intern,1 Month,Ongoing,R1061,59,63,14,ATS-Friendly,Average
ST1062,Faraj Sama,kaleurvashi@example.org,NIT Rourkela,CSE,3,2028-01-23,2,Amazon,Frontend Developer,32,21,3,1319,LeetCode,47,50,36,47,49,P1062,Portfolio Website,Java,Hard,https://github.com/ST1062/project,C1062,Cloud Computing,Coursera,In Progress,I1062,Wipro,Web Developer Intern,1 Month,Not Started,R1062,44,50,8,ATS-Friendly,Needs Improvement
ST1063,Michael Shah,iyengarfitan@example.org,SOA University,EEE,4,2027-10-10,8,Accenture,Full Stack Developer,396,198,48,1875,LeetCode,88,86,94,91,88,P1063,Placement Prediction System,MongoDB,Medium,https://github.com/ST1063/project,C1063,Cyber Security Essentials,GeeksforGeeks,In Progress,I1063,Microsoft,Frontend Intern,3 Months,Not Started,R1063,94,92,25,Modern,Excellent
ST1064,Nimrat Modi,narangsneha@example.net,NIT Rourkela,EEE,4,2027-12-30,8,Amazon,Software Engineer,432,259,49,2113,LeetCode,97,92,94,89,100,P1064,E-Commerce Website,Flask,Medium,https://github.com/ST1064/project,C1064,Full Stack Web Development,Coursera,In Progress,I1064,Google,Web Developer Intern,1 Month,Ongoing,R1064,94,96,22,ATS-Friendly,Excellent
ST1065,Wakeeta Rajagopal,darika45@example.net,VSSUT,Mechanical,4,2027-09-28,5,Capgemini,Software Engineer,82,49,12,1567,LeetCode,71,70,62,70,55,P1065,E-Commerce Website,MongoDB,Medium,https://github.com/ST1065/project,C1065,SQL for Data Science,edX,Completed,I1065,Oracle,Data Analyst Intern,3 Months,Completed,R1065,64,71,15,Basic,Average
ST1066,Urvashi Misra,toorthomas@example.net,NIT Rourkela,ECE,3,2027-08-18,10,TCS,Backend Developer,363,227,99,2088,LeetCode,92,93,94,85,86,P1066,Movie Recommendation System,C++,Medium,https://github.com/ST1066/project,C1066,Artificial Intelligence Basics,edX,Completed,I1066,Accenture,Python Developer Intern,2 Months,Completed,R1066,98,95,19,Modern,Excellent
ST1067,Omisha Bhalla,dewanjagrati@example.org,IIT Bhubaneswar,ECE,4,2027-10-23,7,Microsoft,Software Engineer,157,99,43,1639,LeetCode,84,76,83,81,77,P1067,AI Resume Analyzer,Node.js,Hard,https://github.com/ST1067/project,C1067,Machine Learning,edX,Completed,I1067,Oracle,Frontend Intern,6 Months,Completed,R1067,73,84,19,Modern,Good
ST1068,Balvan Ravi,smistry@example.org,SOA University,ECE,3,2027-10-21,9,Amazon,Data Analyst,277,230,82,2253,LeetCode,97,92,86,94,85,P1068,Portfolio Website,Flask,Easy,https://github.com/ST1068/project,C1068,Google Data Analytics,edX,Completed,I1068,Google,Data Analyst Intern,2 Months,Not Started,R1068,92,85,19,Modern,Excellent
ST1069,Eiravati Maharaj,ladli89@example.net,IIT Bhubaneswar,Mechanical,4,2027-12-18,8,Oracle,ML Engineer,278,294,90,2116,LeetCode,87,87,92,95,88,P1069,Chatbot,FastAPI,Easy,https://github.com/ST1069/project,C1069,Full Stack Web Development,GeeksforGeeks,In Progress,I1069,Amazon,Backend Intern,2 Months,Ongoing,R1069,95,93,20,Basic,Excellent
ST1070,Gopal Kari,ragrawal@example.com,NIT Rourkela,EEE,3,2027-11-10,9,Wipro,Data Analyst,295,295,65,2220,LeetCode,86,88,92,86,91,P1070,Chatbot,MongoDB,Medium,https://github.com/ST1070/project,C1070,Artificial Intelligence Basics,edX,Completed,I1070,Oracle,Web Developer Intern,6 Months,Completed,R1070,88,98,21,Modern,Excellent
ST1071,Samarth Bath,mohinirau@example.org,IIT Bhubaneswar,IT,3,2027-11-13,7,Microsoft,Software Engineer,190,147,26,1709,LeetCode,82,81,82,78,88,P1071,Attendance Management System,C++,Hard,https://github.com/ST1071/project,C1071,Machine Learning,edX,In Progress,I1071,TCS,Frontend Intern,2 Months,Completed,R1071,79,87,20,Basic,Good
ST1072,Barkha Oak,mangatvrinda@example.com,KIIT,EEE,4,2027-12-13,7,Oracle,ML Engineer,178,176,26,1793,LeetCode,74,85,85,79,74,P1072,Face Recognition System,Java,Medium,https://github.com/ST1072/project,C1072,Full Stack Web Development,NPTEL,In Progress,I1072,Infosys,Backend Intern,3 Months,Ongoing,R1072,83,89,19,Basic,Excellent
ST1073,Nikita Modi,watikasarin@example.net,IIT Bhubaneswar,IT,3,2028-01-21,8,Accenture,Data Analyst,289,188,96,1924,LeetCode,85,87,95,95,89,P1073,Weather App,Flask,Hard,https://github.com/ST1073/project,C1073,Google Data Analytics,GeeksforGeeks,Completed,I1073,TCS,Web Developer Intern,2 Months,Completed,R1073,91,90,21,Modern,Excellent
ST1074,Nidra Sem,daniel88@example.com,IIT Bhubaneswar,Mechanical,3,2027-10-08,4,Accenture,ML Engineer,93,39,9,1402,LeetCode,71,69,59,63,60,P1074,Bank Management System,Django,Medium,https://github.com/ST1074/project,C1074,Artificial Intelligence Basics,GeeksforGeeks,In Progress,I1074,TCS,ML Intern,1 Month,Ongoing,R1074,61,65,13,Basic,Average
ST1075,Jatin Acharya,jkrish@example.org,NIT Rourkela,EEE,4,2027-12-06,9,Infosys,Frontend Developer,307,259,50,1901,LeetCode,94,98,90,88,97,P1075,Online Quiz System,Django,Easy,https://github.com/ST1075/project,C1075,Google Data Analytics,Udemy,Completed,I1075,Oracle,Python Developer Intern,1 Month,Completed,R1075,100,94,21,Basic,Excellent
ST1076,Ubika More,mason81@example.com,VSSUT,CSE,4,2028-01-28,6,Oracle,Data Scientist,156,164,36,1775,LeetCode,71,79,84,72,88,P1076,Chatbot,MongoDB,Medium,https://github.com/ST1076/project,C1076,NPTEL DBMS,Coursera,Completed,I1076,Microsoft,Backend Intern,1 Month,Not Started,R1076,81,81,15,ATS-Friendly,Excellent
ST1077,Urvi Thaman,bmani@example.com,IIT Bhubaneswar,ECE,3,2027-11-12,8,Infosys,Data Analyst,444,292,44,2159,LeetCode,99,90,99,87,90,P1077,Library Management System,Java,Hard,https://github.com/ST1077/project,C1077,Python for Everybody,Coursera,Completed,I1077,Infosys,ML Intern,1 Month,Not Started,R1077,92,90,25,ATS-Friendly,Excellent
ST1078,Isaac Kata,karnikria@example.org,VSSUT,Mechanical,3,2027-09-25,7,Adobe,Full Stack Developer,156,149,25,1721,LeetCode,80,74,82,77,70,P1078,Portfolio Website,Django,Hard,https://github.com/ST1078/project,C1078,Machine Learning,edX,Completed,I1078,Oracle,Backend Intern,1 Month,Ongoing,R1078,80,90,19,ATS-Friendly,Excellent
ST1079,Warinder Krishnamurthy,banikimaran@example.net,SOA University,IT,4,2028-01-03,7,Infosys,Backend Developer,196,82,40,1615,LeetCode,89,80,74,88,77,P1079,Movie Recommendation System,React,Easy,https://github.com/ST1079/project,C1079,AWS Cloud Practitioner,Udemy,Completed,I1079,Google,Software Developer Intern,6 Months,Not Started,R1079,83,81,14,ATS-Friendly,Excellent
ST1080,Eesha Lall,azaan23@example.net,KIIT,ECE,4,2028-01-10,8,Microsoft,Software Engineer,265,249,59,1892,LeetCode,91,86,88,97,99,P1080,Placement Prediction System,C++,Easy,https://github.com/ST1080/project,C1080,Python Programming,GeeksforGeeks,Completed,I1080,Google,Backend Intern,3 Months,Not Started,R1080,99,91,19,ATS-Friendly,Excellent
ST1081,Abdul Borde,nirjamistry@example.org,VSSUT,EEE,4,2027-11-30,5,Infosys,ML Engineer,114,71,12,1565,LeetCode,58,55,65,67,59,P1081,AI Resume Analyzer,Python,Medium,https://github.com/ST1081/project,C1081,Java Programming,Coursera,Completed,I1081,Cognizant,Backend Intern,3 Months,Not Started,R1081,70,67,15,Basic,Good
ST1082,Zansi Sood,snehatripathi@example.com,VSSUT,EEE,3,2027-12-19,6,Infosys,Backend Developer,154,111,32,1680,LeetCode,82,82,77,75,88,P1082,AI Resume Analyzer,Django,Hard,https://github.com/ST1082/project,C1082,Data Structures and Algorithms,GeeksforGeeks,Completed,I1082,Infosys,Software Developer Intern,3 Months,Not Started,R1082,79,78,14,Modern,Good
ST1083,Aadhya Mand,brijeshnarayan@example.com,IIT Bhubaneswar,IT,4,2028-01-09,7,Capgemini,Software Engineer,176,115,29,1702,LeetCode,76,81,77,83,90,P1083,Hospital Management System,Flask,Hard,https://github.com/ST1083/project,C1083,Cyber Security Essentials,GeeksforGeeks,Completed,I1083,Oracle,Python Developer Intern,1 Month,Completed,R1083,85,88,18,ATS-Friendly,Excellent
ST1084,Vidhi Gala,yashvi65@example.org,KIIT,CSE,3,2027-11-15,3,Wipro,Data Scientist,66,10,4,1347,LeetCode,46,40,54,50,55,P1084,Expense Tracker,MongoDB,Easy,https://github.com/ST1084/project,C1084,Google Data Analytics,GeeksforGeeks,Completed,I1084,Infosys,Cloud Intern,1 Month,Ongoing,R1084,36,53,7,Basic,Needs Improvement
ST1085,Niharika Shetty,omittal@example.com,VSSUT,ECE,3,2027-12-13,10,Amazon,Frontend Developer,369,276,76,2094,LeetCode,86,91,94,96,89,P1085,Chatbot,Java,Easy,https://github.com/ST1085/project,C1085,Python Programming,GeeksforGeeks,Completed,I1085,Capgemini,Software Developer Intern,6 Months,Ongoing,R1085,98,92,23,Basic,Excellent
ST1086,Wriddhish Kale,yrajagopalan@example.net,VSSUT,EEE,4,2027-08-29,3,Capgemini,Data Scientist,38,22,4,1016,LeetCode,48,46,40,49,52,P1086,E-Commerce Website,MongoDB,Medium,https://github.com/ST1086/project,C1086,Full Stack Web Development,edX,In Progress,I1086,Google,Frontend Intern,3 Months,Completed,R1086,54,41,10,Modern,Average
ST1087,Lila Mohan,zbala@example.net,VSSUT,CSE,4,2027-08-30,3,TCS,Full Stack Developer,53,26,1,1328,LeetCode,47,54,45,49,57,P1087,Bank Management System,Python,Hard,https://github.com/ST1087/project,C1087,Java Programming,Udemy,Completed,I1087,Accenture,Software Developer Intern,6 Months,Completed,R1087,51,43,10,Basic,Average
ST1088,Meera Shetty,rachit46@example.net,IIT Bhubaneswar,IT,3,2027-08-23,8,Wipro,Data Scientist,405,175,51,2295,LeetCode,87,93,95,99,86,P1088,Expense Tracker,React,Hard,https://github.com/ST1088/project,C1088,Python for Everybody,Udemy,In Progress,I1088,Infosys,Backend Intern,3 Months,Not Started,R1088,96,90,24,Basic,Excellent
ST1089,Oliver Borra,mmaharaj@example.org,IIT Bhubaneswar,ECE,3,2027-12-02,6,TCS,Backend Developer,246,122,22,1623,LeetCode,78,78,81,79,75,P1089,AI Resume Analyzer,MongoDB,Hard,https://github.com/ST1089/project,C1089,AWS Cloud Practitioner,edX,In Progress,I1089,Accenture,Data Analyst Intern,2 Months,Ongoing,R1089,76,85,19,Modern,Good
ST1090,Megha Kala,hemasridhar@example.net,NIT Rourkela,EEE,3,2027-08-14,9,Accenture,Full Stack Developer,338,170,43,2261,LeetCode,95,90,95,98,89,P1090,AI Resume Analyzer,Python,Easy,https://github.com/ST1090/project,C1090,Data Structures and Algorithms,Coursera,In Progress,I1090,Accenture,Data Analyst Intern,6 Months,Not Started,R1090,94,99,23,Modern,Excellent
ST1091,Faras Natt,girindra65@example.com,SOA University,IT,4,2027-12-05,2,Oracle,Software Engineer,64,0,5,1185,LeetCode,48,54,59,48,43,P1091,Student Management System,Java,Hard,https://github.com/ST1091/project,C1091,Java Programming,GeeksforGeeks,In Progress,I1091,Accenture,Data Analyst Intern,2 Months,Not Started,R1091,42,45,10,Modern,Needs Improvement
ST1092,Turvi Chokshi,vihaan25@example.net,NIT Rourkela,ECE,4,2028-01-12,6,Google,Frontend Developer,215,160,39,1754,LeetCode,82,70,83,80,75,P1092,AI Resume Analyzer,React,Medium,https://github.com/ST1092/project,C1092,Python for Everybody,Coursera,Completed,I1092,Google,Software Developer Intern,2 Months,Not Started,R1092,74,83,18,Basic,Good
ST1093,Oscar Kothari,indali60@example.net,SOA University,CSE,3,2027-10-28,8,TCS,Backend Developer,266,244,42,2107,LeetCode,99,94,97,96,88,P1093,Library Management System,Node.js,Easy,https://github.com/ST1093/project,C1093,Machine Learning,Udemy,Completed,I1093,Google,Data Analyst Intern,2 Months,Completed,R1093,89,95,24,Modern,Excellent
ST1094,Gabriel Bath,bhavinigour@example.org,KIIT,Mechanical,3,2027-12-31,6,Infosys,Data Scientist,246,126,44,1641,LeetCode,82,70,81,73,84,P1094,Face Recognition System,C++,Medium,https://github.com/ST1094/project,C1094,React Development,Udemy,In Progress,I1094,Wipro,ML Intern,1 Month,Completed,R1094,85,82,14,ATS-Friendly,Excellent
ST1095,Mohini Tripathi,snehawali@example.net,IIT Bhubaneswar,CSE,4,2028-01-19,3,Adobe,ML Engineer,64,9,5,1213,LeetCode,35,56,42,38,43,P1095,Student Management System,Flask,Medium,https://github.com/ST1095/project,C1095,Google Data Analytics,NPTEL,In Progress,I1095,Accenture,Frontend Intern,6 Months,Ongoing,R1095,44,53,8,ATS-Friendly,Needs Improvement
ST1096,Darsh Walia,osom@example.org,IIT Bhubaneswar,CSE,3,2027-12-04,6,TCS,Data Analyst,157,101,50,1637,LeetCode,86,72,78,79,74,P1096,Online Quiz System,MongoDB,Easy,https://github.com/ST1096/project,C1096,Python Programming,edX,Completed,I1096,Accenture,ML Intern,2 Months,Completed,R1096,81,80,15,Basic,Excellent
ST1097,Manya Palla,ria66@example.com,IIT Bhubaneswar,Mechanical,4,2027-11-22,9,Oracle,Frontend Developer,344,244,41,1801,LeetCode,87,95,99,90,87,P1097,Student Management System,Python,Medium,https://github.com/ST1097/project,C1097,Artificial Intelligence Basics,edX,In Progress,I1097,Cognizant,Frontend Intern,1 Month,Completed,R1097,87,88,20,Modern,Excellent
ST1098,Laksh Sahota,ekbalkorpal@example.com,KIIT,CSE,3,2027-11-17,7,Oracle,Full Stack Developer,172,142,29,1639,LeetCode,73,71,79,77,88,P1098,Hospital Management System,MongoDB,Hard,https://github.com/ST1098/project,C1098,AWS Cloud Practitioner,NPTEL,In Progress,I1098,Microsoft,Data Analyst Intern,2 Months,Completed,R1098,82,84,15,Modern,Excellent
ST1099,Dhruv Chada,rachit83@example.com,SOA University,IT,4,2027-12-23,10,Adobe,Frontend Developer,325,208,64,1904,LeetCode,97,90,89,93,96,P1099,E-Commerce Website,Flask,Easy,https://github.com/ST1099/project,C1099,Cloud Computing,NPTEL,Completed,I1099,Google,Frontend Intern,2 Months,Not Started,R1099,85,97,23,Modern,Excellent
ST1100,Ekanta Agate,sagarsiddharth@example.net,SOA University,EEE,4,2028-01-10,7,Adobe,Data Scientist,161,131,40,1683,LeetCode,74,85,74,80,83,P1100,Movie Recommendation System,Python,Medium,https://github.com/ST1100/project,C1100,Machine Learning,Coursera,Completed,I1100,Infosys,Python Developer Intern,3 Months,Not Started,R1100,74,75,19,ATS-Friendly,Good
ST1101,Meghana Patil,sroy@example.net,IIT Bhubaneswar,CSE,4,2027-08-15,5,Infosys,ML Engineer,129,80,5,1524,LeetCode,73,55,69,70,73,P1101,E-Commerce Website,FastAPI,Easy,https://github.com/ST1101/project,C1101,Cloud Computing,edX,In Progress,I1101,Oracle,ML Intern,6 Months,Not Started,R1101,69,74,13,ATS-Friendly,Good
ST1102,Samar Pandya,vivaan33@example.net,NIT Rourkela,Mechanical,4,2028-01-21,4,Accenture,Data Analyst,81,77,20,1537,LeetCode,73,59,59,59,55,P1102,Expense Tracker,Python,Medium,https://github.com/ST1102/project,C1102,Cyber Security Essentials,Udemy,In Progress,I1102,Cognizant,Software Developer Intern,6 Months,Completed,R1102,59,62,15,Modern,Average
ST1103,Vansha Raja,nsankaran@example.com,SOA University,Mechanical,3,2028-01-11,9,Amazon,Frontend Developer,256,212,47,2148,LeetCode,91,85,92,85,87,P1103,Face Recognition System,MySQL,Medium,https://github.com/ST1103/project,C1103,Full Stack Web Development,GeeksforGeeks,In Progress,I1103,Capgemini,Backend Intern,3 Months,Completed,R1103,89,85,22,Modern,Excellent
ST1104,Anvi Dey,hshukla@example.com,VSSUT,CSE,4,2027-12-28,8,TCS,Data Scientist,340,198,68,1887,LeetCode,89,99,100,85,93,P1104,Portfolio Website,Node.js,Hard,https://github.com/ST1104/project,C1104,Python Programming,GeeksforGeeks,In Progress,I1104,Capgemini,Python Developer Intern,3 Months,Completed,R1104,87,94,24,Modern,Excellent
ST1105,Waida Lad,gmohanty@example.net,SOA University,IT,3,2027-11-23,9,Adobe,Data Analyst,354,235,93,2127,LeetCode,87,95,96,100,90,P1105,Expense Tracker,Django,Easy,https://github.com/ST1105/project,C1105,Python Programming,NPTEL,Completed,I1105,Oracle,Python Developer Intern,3 Months,Completed,R1105,93,94,21,Basic,Excellent
ST1106,Chaaya Warrior,zgade@example.net,NIT Rourkela,ECE,3,2028-01-02,2,Adobe,Data Analyst,55,13,1,1231,LeetCode,41,59,44,59,59,P1106,AI Resume Analyzer,Node.js,Medium,https://github.com/ST1106/project,C1106,Machine Learning,NPTEL,In Progress,I1106,Wipro,Software Developer Intern,6 Months,Ongoing,R1106,55,60,10,Modern,Average
ST1107,Aadi Deshpande,arunima26@example.com,KIIT,Mechanical,3,2027-11-12,10,Microsoft,Full Stack Developer,251,157,68,2098,LeetCode,94,91,97,92,89,P1107,Online Quiz System,Java,Easy,https://github.com/ST1107/project,C1107,Full Stack Web Development,Coursera,In Progress,I1107,Oracle,Web Developer Intern,2 Months,Completed,R1107,90,96,21,Basic,Excellent
ST1108,Nisha Dayal,pdeshmukh@example.net,KIIT,EEE,4,2027-11-05,7,Microsoft,Backend Developer,237,152,50,1705,LeetCode,77,79,85,76,78,P1108,Hospital Management System,Python,Easy,https://github.com/ST1108/project,C1108,Machine Learning,GeeksforGeeks,In Progress,I1108,Infosys,Python Developer Intern,1 Month,Not Started,R1108,80,88,20,Basic,Excellent
ST1109,Sathvik Gopal,teerthpillay@example.com,SOA University,EEE,3,2028-01-23,7,Microsoft,Backend Developer,203,120,38,1700,LeetCode,82,71,77,80,81,P1109,Chatbot,C++,Hard,https://github.com/ST1109/project,C1109,Google Data Analytics,Udemy,In Progress,I1109,Wipro,Python Developer Intern,3 Months,Not Started,R1109,73,85,19,ATS-Friendly,Good
ST1110,Hitesh Gade,pallabishakha@example.com,VSSUT,ECE,3,2027-11-06,7,Google,Data Analyst,206,113,28,1704,LeetCode,88,86,75,83,79,P1110,Bank Management System,MongoDB,Easy,https://github.com/ST1110/project,C1110,Google Data Analytics,Udemy,In Progress,I1110,Amazon,ML Intern,2 Months,Not Started,R1110,75,88,14,Modern,Good
ST1111,Upma Hayer,pranitdevi@example.net,IIT Bhubaneswar,CSE,4,2028-01-22,6,Infosys,ML Engineer,216,124,35,1702,LeetCode,89,75,79,83,85,P1111,Bank Management System,Flask,Medium,https://github.com/ST1111/project,C1111,React Development,Coursera,In Progress,I1111,Amazon,Frontend Intern,1 Month,Not Started,R1111,84,87,20,ATS-Friendly,Excellent
ST1112,Ekavir Singh,gganesan@example.net,VSSUT,EEE,4,2027-12-17,2,Adobe,Backend Developer,77,15,3,1267,LeetCode,50,57,40,41,57,P1112,AI Resume Analyzer,C++,Hard,https://github.com/ST1112/project,C1112,Artificial Intelligence Basics,GeeksforGeeks,Completed,I1112,Wipro,Web Developer Intern,6 Months,Not Started,R1112,49,58,10,ATS-Friendly,Needs Improvement
ST1113,Ira Varkey,jyotiaurora@example.net,KIIT,CSE,4,2028-01-10,3,Amazon,Backend Developer,10,5,1,1368,LeetCode,58,38,47,40,54,P1113,Bank Management System,Flask,Medium,https://github.com/ST1113/project,C1113,Cyber Security Essentials,edX,Completed,I1113,TCS,Data Analyst Intern,1 Month,Ongoing,R1113,30,44,9,Basic,Needs Improvement
ST1114,Kiaan Borde,bhargavarachita@example.net,KIIT,EEE,3,2027-12-10,3,Amazon,Data Scientist,26,17,1,1199,LeetCode,47,52,46,55,49,P1114,Online Quiz System,Flask,Medium,https://github.com/ST1114/project,C1114,Google Data Analytics,NPTEL,In Progress,I1114,Google,Cloud Intern,3 Months,Completed,R1114,48,50,8,ATS-Friendly,Needs Improvement
ST1115,Madhav Kohli,gdivan@example.net,VSSUT,CSE,4,2027-09-18,8,Accenture,ML Engineer,360,156,89,1962,LeetCode,99,85,89,94,96,P1115,Face Recognition System,Java,Easy,https://github.com/ST1115/project,C1115,Python for Everybody,NPTEL,In Progress,I1115,TCS,Web Developer Intern,1 Month,Ongoing,R1115,92,97,20,ATS-Friendly,Excellent
ST1116,Kai Shenoy,varsha15@example.net,SOA University,ECE,4,2027-09-01,2,Microsoft,Backend Developer,67,11,2,1233,LeetCode,47,57,48,36,35,P1116,Placement Prediction System,FastAPI,Medium,https://github.com/ST1116/project,C1116,Artificial Intelligence Basics,Udemy,Completed,I1116,Amazon,Frontend Intern,6 Months,Ongoing,R1116,51,47,10,ATS-Friendly,Average
ST1117,Onkar Bhalla,oscar77@example.com,IIT Bhubaneswar,ECE,3,2027-12-18,2,Oracle,ML Engineer,10,19,2,1351,LeetCode,50,53,40,43,54,P1117,Student Management System,MongoDB,Hard,https://github.com/ST1117/project,C1117,Artificial Intelligence Basics,GeeksforGeeks,In Progress,I1117,Cognizant,ML Intern,6 Months,Not Started,R1117,45,53,9,Basic,Needs Improvement
ST1118,Bhavika Dass,perimegha@example.net,VSSUT,EEE,3,2028-01-24,10,Adobe,ML Engineer,347,211,85,1823,LeetCode,89,93,89,96,89,P1118,AI Resume Analyzer,Node.js,Easy,https://github.com/ST1118/project,C1118,Cyber Security Essentials,NPTEL,Completed,I1118,Amazon,Software Developer Intern,3 Months,Ongoing,R1118,97,97,21,Modern,Excellent
ST1119,Ijaya Bansal,chopracharita@example.org,KIIT,Mechanical,3,2027-11-15,5,Amazon,Data Analyst,98,32,5,1400,LeetCode,65,67,70,61,67,P1119,Online Quiz System,Flask,Hard,https://github.com/ST1119/project,C1119,Google Data Analytics,Coursera,Completed,I1119,Amazon,Software Developer Intern,3 Months,Ongoing,R1119,61,74,10,ATS-Friendly,Average
ST1120,Rachit Jain,tdutta@example.com,NIT Rourkela,IT,3,2027-10-18,8,Microsoft,ML Engineer,391,206,46,1971,LeetCode,98,91,91,95,98,P1120,Hospital Management System,MongoDB,Medium,https://github.com/ST1120/project,C1120,Machine Learning,Coursera,Completed,I1120,Microsoft,ML Intern,6 Months,Not Started,R1120,93,85,22,Modern,Excellent
ST1121,Samesh Lall,yashnagi@example.org,NIT Rourkela,ECE,4,2027-10-24,9,Adobe,Full Stack Developer,409,177,47,1865,LeetCode,95,87,94,87,85,P1121,E-Commerce Website,Node.js,Hard,https://github.com/ST1121/project,C1121,Python Programming,Udemy,Completed,I1121,Google,Frontend Intern,1 Month,Completed,R1121,91,97,25,ATS-Friendly,Excellent
ST1122,Oscar Krish,venkateshqasim@example.org,KIIT,CSE,3,2027-08-26,10,Accenture,ML Engineer,352,200,97,2140,LeetCode,100,98,93,95,87,P1122,Library Management System,C++,Medium,https://github.com/ST1122/project,C1122,Full Stack Web Development,NPTEL,Completed,I1122,Amazon,Software Developer Intern,2 Months,Not Started,R1122,87,89,21,Modern,Excellent
ST1123,Reva Tara,subramaniamadvay@example.org,NIT Rourkela,IT,4,2027-08-17,2,Google,Data Analyst,75,15,3,1211,LeetCode,55,52,41,45,41,P1123,Movie Recommendation System,Java,Medium,https://github.com/ST1123/project,C1123,Python for Everybody,Udemy,In Progress,I1123,Cognizant,Cloud Intern,1 Month,Not Started,R1123,34,56,9,Basic,Needs Improvement
ST1124,Matthew Dube,mugdhavarghese@example.com,NIT Rourkela,CSE,4,2027-09-12,7,Oracle,Backend Developer,192,161,43,1674,LeetCode,84,83,80,81,78,P1124,AI Resume Analyzer,Python,Medium,https://github.com/ST1124/project,C1124,Cyber Security Essentials,Coursera,In Progress,I1124,Google,Python Developer Intern,3 Months,Ongoing,R1124,72,79,14,Modern,Good
ST1125,Rachita Ray,sunderharinakshi@example.net,NIT Rourkela,CSE,4,2028-01-05,9,Capgemini,ML Engineer,420,228,69,2091,LeetCode,85,87,95,100,88,P1125,Student Management System,Java,Hard,https://github.com/ST1125/project,C1125,Python for Everybody,edX,In Progress,I1125,Oracle,Backend Intern,2 Months,Not Started,R1125,86,98,22,Basic,Excellent
ST1126,Bhavna Chada,shankerupma@example.com,VSSUT,IT,4,2027-09-29,9,Microsoft,ML Engineer,386,255,96,2186,LeetCode,89,98,100,89,91,P1126,Expense Tracker,C++,Hard,https://github.com/ST1126/project,C1126,Python for Everybody,NPTEL,Completed,I1126,Cognizant,Web Developer Intern,6 Months,Not Started,R1126,90,91,22,ATS-Friendly,Excellent
ST1127,Hemani Vora,darpangole@example.net,SOA University,CSE,3,2027-09-03,8,Google,Backend Developer,318,163,61,1841,LeetCode,100,98,89,92,90,P1127,Weather App,Flask,Easy,https://github.com/ST1127/project,C1127,Artificial Intelligence Basics,NPTEL,In Progress,I1127,Oracle,ML Intern,2 Months,Ongoing,R1127,99,98,25,ATS-Friendly,Excellent
ST1128,Mitesh Tella,parmarjanya@example.org,KIIT,EEE,4,2027-08-16,6,Amazon,Backend Developer,224,109,33,1640,LeetCode,90,78,86,83,77,P1128,AI Resume Analyzer,React,Easy,https://github.com/ST1128/project,C1128,React Development,GeeksforGeeks,Completed,I1128,Microsoft,Software Developer Intern,6 Months,Completed,R1128,71,87,19,Basic,Good
ST1129,Avi Kannan,khalsafariq@example.com,IIT Bhubaneswar,IT,3,2027-12-05,10,Infosys,Backend Developer,252,280,98,1819,LeetCode,99,94,90,99,86,P1129,Library Management System,Python,Medium,https://github.com/ST1129/project,C1129,Cyber Security Essentials,edX,In Progress,I1129,Cognizant,Frontend Intern,3 Months,Completed,R1129,100,89,20,Modern,Excellent
ST1130,Jagvi Rajan,bgupta@example.com,IIT Bhubaneswar,IT,3,2027-11-24,10,Microsoft,Data Analyst,359,162,44,2063,LeetCode,93,98,89,88,90,P1130,E-Commerce Website,Django,Medium,https://github.com/ST1130/project,C1130,React Development,Udemy,In Progress,I1130,Capgemini,Frontend Intern,3 Months,Not Started,R1130,90,98,18,Basic,Excellent
ST1131,Saumya Merchant,dubegaurav@example.net,VSSUT,CSE,3,2027-11-05,9,Wipro,Software Engineer,338,220,67,1845,LeetCode,88,100,96,98,99,P1131,Student Management System,Flask,Easy,https://github.com/ST1131/project,C1131,NPTEL Computer Networks,NPTEL,Completed,I1131,Cognizant,Cloud Intern,2 Months,Not Started,R1131,86,92,23,ATS-Friendly,Excellent
ST1132,Omya Apte,narasimhanaayush@example.org,VSSUT,EEE,4,2027-08-01,4,Wipro,ML Engineer,118,79,12,1580,LeetCode,64,57,65,74,72,P1132,Bank Management System,Node.js,Hard,https://github.com/ST1132/project,C1132,Java Programming,Udemy,Completed,I1132,Microsoft,Backend Intern,6 Months,Ongoing,R1132,62,62,11,ATS-Friendly,Average
ST1133,Bahadurjit Gandhi,subramaniambaghyawati@example.org,VSSUT,CSE,4,2027-08-13,5,Infosys,Software Engineer,95,33,8,1411,LeetCode,68,66,75,69,63,P1133,Online Quiz System,Java,Easy,https://github.com/ST1133/project,C1133,React Development,NPTEL,Completed,I1133,Oracle,Frontend Intern,1 Month,Completed,R1133,58,62,15,ATS-Friendly,Average
ST1134,Frederick Dhar,sanyatandon@example.com,KIIT,EEE,4,2027-12-22,4,TCS,Full Stack Developer,90,62,8,1546,LeetCode,61,59,63,64,73,P1134,Placement Prediction System,Java,Medium,https://github.com/ST1134/project,C1134,Java Programming,edX,Completed,I1134,Amazon,Data Analyst Intern,3 Months,Completed,R1134,62,62,10,Basic,Average
ST1135,Sanya Modi,wyattpalla@example.org,KIIT,IT,4,2027-08-17,9,Oracle,ML Engineer,254,170,55,1895,LeetCode,85,91,95,89,95,P1135,Expense Tracker,Java,Easy,https://github.com/ST1135/project,C1135,React Development,GeeksforGeeks,In Progress,I1135,Capgemini,Cloud Intern,3 Months,Ongoing,R1135,88,90,23,Basic,Excellent
ST1136,Manthan Gola,vedasundaram@example.com,KIIT,EEE,3,2027-08-31,6,Microsoft,Data Scientist,160,89,24,1684,LeetCode,90,70,74,74,84,P1136,Face Recognition System,React,Easy,https://github.com/ST1136/project,C1136,Python for Everybody,edX,In Progress,I1136,Cognizant,Backend Intern,2 Months,Ongoing,R1136,75,86,17,Modern,Good
ST1137,Bhavini Bera,udyativarghese@example.net,SOA University,ECE,3,2027-12-14,3,Infosys,Software Engineer,78,8,2,1294,LeetCode,39,41,50,60,40,P1137,Bank Management System,C++,Easy,https://github.com/ST1137/project,C1137,AWS Cloud Practitioner,NPTEL,Completed,I1137,Microsoft,Frontend Intern,3 Months,Not Started,R1137,50,59,9,Basic,Average
ST1138,Zashil Chacko,harshnath@example.net,VSSUT,Mechanical,3,2027-11-09,9,TCS,Data Scientist,353,210,73,1926,LeetCode,91,100,97,98,99,P1138,Movie Recommendation System,React,Easy,https://github.com/ST1138/project,C1138,Java Programming,NPTEL,Completed,I1138,Wipro,Frontend Intern,6 Months,Completed,R1138,99,85,24,ATS-Friendly,Excellent
ST1139,Qushi Vyas,dayitagulati@example.org,SOA University,IT,3,2027-08-13,8,Amazon,Frontend Developer,316,278,92,2263,LeetCode,95,99,91,93,99,P1139,E-Commerce Website,MongoDB,Easy,https://github.com/ST1139/project,C1139,NPTEL DBMS,NPTEL,Completed,I1139,Cognizant,Software Developer Intern,2 Months,Not Started,R1139,95,100,19,Modern,Excellent
ST1140,Fiyaz Rao,jasmit27@example.com,NIT Rourkela,ECE,3,2027-12-26,4,Microsoft,Backend Developer,116,52,5,1540,LeetCode,75,61,62,62,62,P1140,Portfolio Website,MySQL,Medium,https://github.com/ST1140/project,C1140,Java Programming,GeeksforGeeks,Completed,I1140,Microsoft,Web Developer Intern,1 Month,Ongoing,R1140,55,63,13,Basic,Average
ST1141,Gopal Mohan,maxnayar@example.net,SOA University,EEE,3,2027-09-20,4,Capgemini,Backend Developer,92,77,10,1468,LeetCode,67,66,73,65,61,P1141,Online Quiz System,MongoDB,Easy,https://github.com/ST1141/project,C1141,Java Programming,edX,In Progress,I1141,Infosys,Frontend Intern,2 Months,Ongoing,R1141,67,64,14,Modern,Good
ST1142,Neha Narula,kevinchokshi@example.com,SOA University,IT,3,2027-12-04,10,Google,Data Analyst,443,282,99,2021,LeetCode,85,86,96,99,100,P1142,Weather App,C++,Medium,https://github.com/ST1142/project,C1142,Python Programming,GeeksforGeeks,Completed,I1142,Wipro,Cloud Intern,1 Month,Completed,R1142,99,85,21,Modern,Excellent
ST1143,Henry Krishna,bhanumatigoda@example.com,NIT Rourkela,ECE,3,2027-09-30,9,Microsoft,Full Stack Developer,256,201,84,2114,LeetCode,92,91,92,89,92,P1143,Chatbot,MySQL,Medium,https://github.com/ST1143/project,C1143,Cloud Computing,GeeksforGeeks,In Progress,I1143,Capgemini,Software Developer Intern,6 Months,Completed,R1143,92,94,24,Modern,Excellent
ST1144,Vrishti Radhakrishnan,ktata@example.net,KIIT,EEE,4,2027-12-01,2,Infosys,Frontend Developer,16,6,4,1282,LeetCode,43,48,56,60,55,P1144,Movie Recommendation System,Java,Hard,https://github.com/ST1144/project,C1144,AWS Cloud Practitioner,NPTEL,In Progress,I1144,Capgemini,Frontend Intern,2 Months,Ongoing,R1144,42,45,8,Basic,Needs Improvement
ST1145,Faraj Butala,amrutabalay@example.com,IIT Bhubaneswar,CSE,3,2028-01-05,2,Accenture,ML Engineer,66,15,4,1327,LeetCode,55,60,44,35,44,P1145,Weather App,React,Hard,https://github.com/ST1145/project,C1145,Artificial Intelligence Basics,NPTEL,In Progress,I1145,TCS,Backend Intern,2 Months,Completed,R1145,46,51,7,ATS-Friendly,Needs Improvement
ST1146,Ethan Pathak,hayrethomas@example.com,IIT Bhubaneswar,IT,3,2027-09-03,6,Accenture,Data Scientist,170,108,27,1784,LeetCode,87,85,90,87,70,P1146,Weather App,Node.js,Hard,https://github.com/ST1146/project,C1146,Artificial Intelligence Basics,GeeksforGeeks,Completed,I1146,Google,Python Developer Intern,6 Months,Not Started,R1146,75,80,18,Modern,Good
ST1147,Forum Om,vigparth@example.net,SOA University,IT,3,2027-11-18,3,TCS,Frontend Developer,62,15,3,1303,LeetCode,39,37,51,55,40,P1147,AI Resume Analyzer,FastAPI,Medium,https://github.com/ST1147/project,C1147,Google Data Analytics,GeeksforGeeks,Completed,I1147,TCS,Cloud Intern,3 Months,Completed,R1147,35,60,9,Modern,Needs Improvement
ST1148,Abhiram Rau,wrajan@example.net,KIIT,ECE,3,2027-10-20,5,Adobe,Full Stack Developer,137,57,5,1514,LeetCode,55,61,55,75,62,P1148,Portfolio Website,MongoDB,Easy,https://github.com/ST1148/project,C1148,Full Stack Web Development,Udemy,In Progress,I1148,TCS,ML Intern,1 Month,Completed,R1148,63,62,14,ATS-Friendly,Average
ST1149,Ikbal Chaudhari,kchoudhury@example.org,VSSUT,EEE,4,2027-09-11,7,Oracle,Data Scientist,223,142,20,1782,LeetCode,77,89,82,90,72,P1149,Placement Prediction System,MongoDB,Hard,https://github.com/ST1149/project,C1149,Python for Everybody,GeeksforGeeks,In Progress,I1149,Infosys,Frontend Intern,3 Months,Ongoing,R1149,73,76,15,Basic,Good
ST1150,Wazir Saraf,ldhawan@example.net,IIT Bhubaneswar,CSE,4,2027-11-28,6,Google,ML Engineer,244,110,34,1601,LeetCode,81,82,90,90,86,P1150,Movie Recommendation System,React,Easy,https://github.com/ST1150/project,C1150,Data Structures and Algorithms,GeeksforGeeks,Completed,I1150,Oracle,Web Developer Intern,1 Month,Completed,R1150,84,83,16,Modern,Excellent
ST1151,Nathan Jain,rakshadua@example.org,SOA University,EEE,3,2027-08-20,7,Microsoft,Data Scientist,161,114,40,1718,LeetCode,80,79,74,90,82,P1151,Hospital Management System,Django,Hard,https://github.com/ST1151/project,C1151,Cloud Computing,Coursera,In Progress,I1151,Capgemini,ML Intern,1 Month,Not Started,R1151,80,86,16,Basic,Excellent
ST1152,Harita Gole,atharv01@example.com,NIT Rourkela,IT,4,2027-11-03,4,Adobe,Full Stack Developer,142,65,17,1414,LeetCode,67,57,69,56,61,P1152,Hospital Management System,MySQL,Easy,https://github.com/ST1152/project,C1152,Python Programming,edX,Completed,I1152,Cognizant,Python Developer Intern,3 Months,Not Started,R1152,69,71,12,Basic,Good
ST1153,Lakshit Venkataraman,labanvohra@example.com,NIT Rourkela,EEE,4,2027-08-30,2,Accenture,Backend Developer,10,2,5,1335,LeetCode,40,49,53,43,44,P1153,Library Management System,C++,Medium,https://github.com/ST1153/project,C1153,NPTEL DBMS,edX,In Progress,I1153,Microsoft,Cloud Intern,1 Month,Ongoing,R1153,35,51,8,Modern,Needs Improvement
ST1154,Ekiya Baria,madhavisarna@example.net,NIT Rourkela,IT,4,2027-12-01,2,Amazon,Data Scientist,38,13,3,1208,LeetCode,47,53,43,48,46,P1154,Weather App,C++,Easy,https://github.com/ST1154/project,C1154,React Development,NPTEL,In Progress,I1154,Google,Python Developer Intern,2 Months,Completed,R1154,52,50,10,Modern,Average
ST1155,Rohan Issac,kondafaqid@example.org,KIIT,EEE,3,2027-11-29,2,Amazon,Full Stack Developer,39,9,2,1157,LeetCode,55,41,36,55,39,P1155,Online Quiz System,MySQL,Hard,https://github.com/ST1155/project,C1155,Python Programming,Coursera,Completed,I1155,Microsoft,Software Developer Intern,1 Month,Not Started,R1155,51,51,6,Basic,Average
ST1156,Chanchal Sant,wazir85@example.com,VSSUT,EEE,4,2027-09-13,4,Accenture,Full Stack Developer,139,39,18,1457,LeetCode,70,60,67,63,59,P1156,Expense Tracker,FastAPI,Medium,https://github.com/ST1156/project,C1156,Full Stack Web Development,edX,Completed,I1156,TCS,Data Analyst Intern,2 Months,Completed,R1156,70,61,14,Basic,Good
ST1157,Yahvi Date,ilal@example.com,IIT Bhubaneswar,CSE,4,2027-09-27,2,Amazon,Backend Developer,44,13,4,1049,LeetCode,40,54,38,51,38,P1157,Face Recognition System,MySQL,Medium,https://github.com/ST1157/project,C1157,React Development,NPTEL,Completed,I1157,TCS,Cloud Intern,2 Months,Ongoing,R1157,47,41,7,Basic,Needs Improvement
ST1158,Vanya Gour,pathakzansi@example.org,VSSUT,IT,4,2027-08-14,10,TCS,Software Engineer,359,227,73,2002,LeetCode,96,86,89,90,100,P1158,Hospital Management System,FastAPI,Easy,https://github.com/ST1158/project,C1158,Cyber Security Essentials,NPTEL,Completed,I1158,Google,Cloud Intern,3 Months,Completed,R1158,90,86,19,ATS-Friendly,Excellent
ST1159,Simon Setty,doshioscar@example.org,NIT Rourkela,IT,4,2028-01-22,8,Adobe,Software Engineer,403,293,87,2024,LeetCode,93,100,97,86,87,P1159,Hospital Management System,FastAPI,Easy,https://github.com/ST1159/project,C1159,SQL for Data Science,Coursera,Completed,I1159,Oracle,Frontend Intern,2 Months,Ongoing,R1159,87,88,19,Modern,Excellent
ST1160,Aarna Patil,saumyabhat@example.org,NIT Rourkela,EEE,4,2028-01-19,4,TCS,ML Engineer,88,63,12,1573,LeetCode,55,73,60,59,56,P1160,Expense Tracker,React,Medium,https://github.com/ST1160/project,C1160,Data Structures and Algorithms,Udemy,Completed,I1160,Accenture,Python Developer Intern,1 Month,Ongoing,R1160,57,70,12,Basic,Average
ST1161,Joshua Sachdeva,athakkar@example.org,KIIT,IT,4,2027-10-27,6,Infosys,ML Engineer,197,128,31,1767,LeetCode,71,87,75,79,87,P1161,Online Quiz System,FastAPI,Easy,https://github.com/ST1161/project,C1161,NPTEL DBMS,GeeksforGeeks,In Progress,I1161,Capgemini,Backend Intern,2 Months,Ongoing,R1161,80,77,17,Modern,Excellent
ST1162,Nandini Uppal,jeetmangat@example.com,SOA University,CSE,4,2027-10-16,9,Wipro,Backend Developer,411,242,100,2265,LeetCode,86,95,100,92,85,P1162,Portfolio Website,Python,Hard,https://github.com/ST1162/project,C1162,Python Programming,GeeksforGeeks,In Progress,I1162,Oracle,ML Intern,3 Months,Completed,R1162,91,97,22,ATS-Friendly,Excellent
ST1163,Panini Thaker,upadhritidin@example.net,SOA University,CSE,3,2027-11-24,4,Capgemini,Backend Developer,134,54,8,1439,LeetCode,62,75,68,57,68,P1163,Online Quiz System,MySQL,Medium,https://github.com/ST1163/project,C1163,Java Programming,Udemy,In Progress,I1163,Cognizant,Cloud Intern,1 Month,Not Started,R1163,69,75,11,Basic,Good
ST1164,Panini Mukherjee,kevin94@example.net,KIIT,Mechanical,4,2027-09-13,2,Microsoft,Software Engineer,74,11,5,1046,LeetCode,49,40,42,37,43,P1164,Weather App,Django,Easy,https://github.com/ST1164/project,C1164,Full Stack Web Development,NPTEL,Completed,I1164,Oracle,Web Developer Intern,3 Months,Ongoing,R1164,40,42,6,Modern,Needs Improvement
ST1165,Lucky Pandya,bajwatanvi@example.net,SOA University,EEE,4,2027-10-02,10,Capgemini,Full Stack Developer,314,237,75,2274,LeetCode,88,89,88,87,90,P1165,Movie Recommendation System,Flask,Hard,https://github.com/ST1165/project,C1165,NPTEL Computer Networks,GeeksforGeeks,Completed,I1165,Oracle,Backend Intern,3 Months,Completed,R1165,96,90,23,Basic,Excellent
ST1166,Ati Suri,matthew13@example.org,VSSUT,ECE,3,2027-08-04,5,TCS,Full Stack Developer,133,34,15,1566,LeetCode,60,67,62,60,57,P1166,Portfolio Website,Node.js,Medium,https://github.com/ST1166/project,C1166,Google Data Analytics,edX,In Progress,I1166,Google,Web Developer Intern,6 Months,Completed,R1166,65,65,14,Basic,Good
ST1167,Ijaya Krishna,jacob19@example.com,KIIT,IT,3,2027-11-13,10,TCS,Frontend Developer,332,281,48,2103,LeetCode,92,92,89,91,92,P1167,Chatbot,Flask,Hard,https://github.com/ST1167/project,C1167,Python for Everybody,Udemy,In Progress,I1167,TCS,Web Developer Intern,1 Month,Not Started,R1167,94,91,21,ATS-Friendly,Excellent
ST1168,Nirja Sridhar,jainrachana@example.org,KIIT,IT,3,2028-01-02,5,Wipro,Data Analyst,124,73,11,1594,LeetCode,75,56,74,73,60,P1168,Face Recognition System,Java,Medium,https://github.com/ST1168/project,C1168,Python Programming,Udemy,Completed,I1168,Oracle,Software Developer Intern,2 Months,Completed,R1168,62,67,13,Modern,Average
ST1169,Warda Bajaj,victorwadhwa@example.net,NIT Rourkela,ECE,3,2028-01-01,6,Amazon,Data Analyst,245,124,43,1638,LeetCode,84,78,74,89,90,P1169,AI Resume Analyzer,Python,Hard,https://github.com/ST1169/project,C1169,Cloud Computing,NPTEL,Completed,I1169,Wipro,Backend Intern,3 Months,Not Started,R1169,77,90,14,Modern,Good
ST1170,Ubika Natt,varsha86@example.net,VSSUT,IT,4,2027-10-01,8,Wipro,Backend Developer,324,178,98,1815,LeetCode,91,90,94,89,90,P1170,Online Quiz System,Node.js,Easy,https://github.com/ST1170/project,C1170,Full Stack Web Development,Udemy,Completed,I1170,Accenture,Frontend Intern,2 Months,Completed,R1170,99,100,18,ATS-Friendly,Excellent
ST1171,Christopher Biswas,nbhasin@example.net,KIIT,IT,4,2027-08-14,9,Oracle,Data Analyst,398,177,59,2084,LeetCode,92,93,87,100,90,P1171,AI Resume Analyzer,MySQL,Medium,https://github.com/ST1171/project,C1171,Full Stack Web Development,edX,Completed,I1171,Amazon,Software Developer Intern,1 Month,Ongoing,R1171,99,96,24,Basic,Excellent
ST1172,Ria Dhar,eshanabanik@example.net,IIT Bhubaneswar,CSE,4,2028-01-04,7,Capgemini,Software Engineer,213,142,23,1631,LeetCode,76,73,85,71,76,P1172,Chatbot,React,Easy,https://github.com/ST1172/project,C1172,Python Programming,Coursera,Completed,I1172,TCS,Data Analyst Intern,3 Months,Completed,R1172,77,87,20,ATS-Friendly,Good
ST1173,Nachiket Thakkar,ranveer55@example.net,SOA University,CSE,4,2027-11-22,2,Adobe,Data Scientist,72,18,4,1242,LeetCode,53,50,53,53,57,P1173,Student Management System,Python,Medium,https://github.com/ST1173/project,C1173,NPTEL DBMS,NPTEL,Completed,I1173,Infosys,Python Developer Intern,2 Months,Not Started,R1173,50,58,10,Modern,Average
ST1174,Avni Chad,falak17@example.com,KIIT,EEE,3,2027-09-08,4,Infosys,Data Scientist,134,63,5,1464,LeetCode,58,73,62,55,72,P1174,Placement Prediction System,Flask,Medium,https://github.com/ST1174/project,C1174,Python Programming,Coursera,In Progress,I1174,Google,ML Intern,1 Month,Not Started,R1174,57,71,10,Modern,Average
ST1175,Pranit Tripathi,abha27@example.com,KIIT,ECE,3,2027-10-21,4,Microsoft,ML Engineer,117,74,15,1553,LeetCode,74,58,67,60,73,P1175,Online Quiz System,MySQL,Hard,https://github.com/ST1175/project,C1175,NPTEL DBMS,edX,In Progress,I1175,Infosys,Backend Intern,3 Months,Completed,R1175,65,69,10,ATS-Friendly,Good
ST1176,Jeremiah Ramesh,halderbakhshi@example.org,VSSUT,ECE,4,2027-11-23,6,Infosys,Frontend Developer,220,91,30,1607,LeetCode,81,86,73,72,82,P1176,Hospital Management System,FastAPI,Easy,https://github.com/ST1176/project,C1176,Cloud Computing,Coursera,Completed,I1176,Wipro,Web Developer Intern,6 Months,Ongoing,R1176,70,79,20,Basic,Good
ST1177,Tanish Das,panini81@example.com,VSSUT,CSE,4,2027-10-28,6,Infosys,Software Engineer,169,89,33,1724,LeetCode,75,78,78,79,82,P1177,Online Quiz System,Node.js,Hard,https://github.com/ST1177/project,C1177,SQL for Data Science,NPTEL,In Progress,I1177,Infosys,Frontend Intern,1 Month,Not Started,R1177,71,78,19,Modern,Good
ST1178,Tripti Krishnamurthy,eshana65@example.net,IIT Bhubaneswar,EEE,3,2027-11-18,4,Amazon,Full Stack Developer,124,75,18,1588,LeetCode,74,59,75,65,70,P1178,Student Management System,MySQL,Hard,https://github.com/ST1178/project,C1178,Data Structures and Algorithms,Udemy,Completed,I1178,TCS,Frontend Intern,6 Months,Completed,R1178,64,63,14,Basic,Average
ST1179,Meera Datta,sbalakrishnan@example.com,VSSUT,ECE,4,2027-08-09,5,Amazon,Software Engineer,137,76,19,1453,LeetCode,72,71,69,73,75,P1179,Library Management System,Java,Easy,https://github.com/ST1179/project,C1179,Python for Everybody,Udemy,In Progress,I1179,TCS,Software Developer Intern,2 Months,Completed,R1179,57,65,12,Modern,Average
ST1180,Anthony Deol,murtyjalsa@example.org,NIT Rourkela,IT,4,2027-12-27,9,Infosys,ML Engineer,322,169,78,1901,LeetCode,100,89,95,89,95,P1180,Expense Tracker,Django,Hard,https://github.com/ST1180/project,C1180,SQL for Data Science,Udemy,In Progress,I1180,TCS,Data Analyst Intern,1 Month,Completed,R1180,99,89,21,ATS-Friendly,Excellent
ST1181,Upma Munshi,vinaya54@example.net,KIIT,IT,3,2027-10-26,6,Oracle,Full Stack Developer,200,120,39,1655,LeetCode,76,88,85,90,81,P1181,Movie Recommendation System,Django,Hard,https://github.com/ST1181/project,C1181,NPTEL DBMS,Coursera,Completed,I1181,Capgemini,Software Developer Intern,2 Months,Ongoing,R1181,83,88,19,ATS-Friendly,Excellent
ST1182,Chameli Kurian,sachi07@example.org,IIT Bhubaneswar,EEE,3,2027-10-31,8,Oracle,Full Stack Developer,403,247,90,1832,LeetCode,89,99,92,97,94,P1182,Placement Prediction System,Java,Medium,https://github.com/ST1182/project,C1182,Cloud Computing,GeeksforGeeks,In Progress,I1182,Wipro,Software Developer Intern,6 Months,Ongoing,R1182,95,100,18,Basic,Excellent
ST1183,Krish Subramaniam,nmann@example.net,KIIT,EEE,4,2027-08-05,3,Adobe,Backend Developer,54,6,2,1018,LeetCode,48,44,45,45,44,P1183,Attendance Management System,FastAPI,Hard,https://github.com/ST1183/project,C1183,Full Stack Web Development,Coursera,In Progress,I1183,Cognizant,Software Developer Intern,2 Months,Ongoing,R1183,35,44,8,Modern,Needs Improvement
ST1184,Rehaan Mann,chaitalyiyer@example.com,IIT Bhubaneswar,ECE,4,2027-11-19,8,Wipro,ML Engineer,365,234,94,2263,LeetCode,88,85,87,87,88,P1184,Attendance Management System,FastAPI,Hard,https://github.com/ST1184/project,C1184,Python Programming,Coursera,In Progress,I1184,Google,Software Developer Intern,1 Month,Ongoing,R1184,86,97,25,ATS-Friendly,Excellent
ST1185,Rajata Thaman,bhaviniyadav@example.com,KIIT,EEE,4,2027-11-05,4,Google,Frontend Developer,147,49,16,1445,LeetCode,62,62,63,67,66,P1185,Bank Management System,Django,Medium,https://github.com/ST1185/project,C1185,NPTEL DBMS,GeeksforGeeks,In Progress,I1185,Capgemini,Web Developer Intern,6 Months,Not Started,R1185,55,70,13,ATS-Friendly,Average
ST1186,Rayaan Goel,niteshaggarwal@example.net,KIIT,EEE,3,2027-08-15,8,TCS,Software Engineer,300,166,92,1816,LeetCode,94,96,86,97,85,P1186,Face Recognition System,Node.js,Hard,https://github.com/ST1186/project,C1186,Java Programming,NPTEL,Completed,I1186,Google,Cloud Intern,1 Month,Completed,R1186,92,100,25,Basic,Excellent
ST1187,Kritika Sankaran,hkumar@example.org,IIT Bhubaneswar,IT,4,2027-11-08,9,Capgemini,Full Stack Developer,396,196,54,1838,LeetCode,89,99,91,92,86,P1187,Weather App,Node.js,Hard,https://github.com/ST1187/project,C1187,Python Programming,edX,Completed,I1187,Infosys,Backend Intern,2 Months,Completed,R1187,91,96,23,Basic,Excellent
ST1188,Chaaya Bhandari,kiaansharma@example.org,SOA University,ECE,4,2027-10-30,8,Wipro,Software Engineer,386,203,82,2132,LeetCode,96,93,87,96,90,P1188,Placement Prediction System,Java,Medium,https://github.com/ST1188/project,C1188,NPTEL Computer Networks,GeeksforGeeks,In Progress,I1188,Capgemini,Frontend Intern,1 Month,Ongoing,R1188,85,94,19,Modern,Excellent
ST1189,Mahika Sarin,hemangpal@example.org,SOA University,CSE,4,2027-10-06,10,Microsoft,ML Engineer,440,244,76,1800,LeetCode,95,85,97,98,88,P1189,Portfolio Website,MongoDB,Easy,https://github.com/ST1189/project,C1189,Google Data Analytics,NPTEL,Completed,I1189,Wipro,Frontend Intern,6 Months,Not Started,R1189,90,95,18,Basic,Excellent
ST1190,Vidhi Bhasin,acharyasuhani@example.org,VSSUT,ECE,4,2027-10-04,6,Google,ML Engineer,231,98,29,1690,LeetCode,82,81,76,79,77,P1190,Placement Prediction System,MongoDB,Easy,https://github.com/ST1190/project,C1190,Data Structures and Algorithms,Udemy,Completed,I1190,TCS,Web Developer Intern,1 Month,Ongoing,R1190,71,89,15,Basic,Good
ST1191,Shivani Ramachandran,waidakeer@example.org,KIIT,IT,3,2027-12-11,2,Google,Frontend Developer,56,15,2,1302,LeetCode,39,52,39,50,51,P1191,AI Resume Analyzer,C++,Hard,https://github.com/ST1191/project,C1191,Python for Everybody,Udemy,Completed,I1191,TCS,Backend Intern,1 Month,Completed,R1191,37,51,10,Modern,Needs Improvement
ST1192,Ucchal Biswas,patlagaurika@example.com,KIIT,Mechanical,3,2028-01-26,2,Accenture,Data Analyst,14,8,1,1203,LeetCode,60,37,60,49,43,P1192,Hospital Management System,Python,Hard,https://github.com/ST1192/project,C1192,Java Programming,Coursera,In Progress,I1192,Cognizant,Data Analyst Intern,2 Months,Ongoing,R1192,45,47,6,ATS-Friendly,Needs Improvement
ST1193,Omaja Wagle,sainivedant@example.com,VSSUT,Mechanical,4,2027-12-05,9,Microsoft,ML Engineer,338,269,89,2236,LeetCode,97,100,97,95,86,P1193,Online Quiz System,Java,Hard,https://github.com/ST1193/project,C1193,Google Data Analytics,edX,Completed,I1193,Microsoft,Data Analyst Intern,3 Months,Completed,R1193,99,96,22,ATS-Friendly,Excellent
ST1194,Daniel D’Alia,kumeraadi@example.org,NIT Rourkela,EEE,3,2028-01-10,3,Microsoft,Data Scientist,78,28,5,1291,LeetCode,57,56,60,59,44,P1194,Bank Management System,FastAPI,Hard,https://github.com/ST1194/project,C1194,Java Programming,NPTEL,Completed,I1194,Cognizant,Web Developer Intern,6 Months,Not Started,R1194,39,60,10,Modern,Needs Improvement
ST1195,Ojasvi Chauhan,hardik28@example.net,SOA University,CSE,4,2027-12-25,3,Microsoft,Full Stack Developer,39,2,3,1278,LeetCode,46,58,50,51,38,P1195,Hospital Management System,Node.js,Medium,https://github.com/ST1195/project,C1195,Python Programming,edX,Completed,I1195,Cognizant,Web Developer Intern,6 Months,Not Started,R1195,46,54,7,Modern,Needs Improvement
ST1196,Yauvani Bava,bassivinaya@example.com,NIT Rourkela,EEE,3,2027-11-02,7,Adobe,Frontend Developer,227,126,25,1669,LeetCode,70,90,84,86,75,P1196,Chatbot,FastAPI,Easy,https://github.com/ST1196/project,C1196,NPTEL Computer Networks,NPTEL,In Progress,I1196,Microsoft,ML Intern,6 Months,Ongoing,R1196,78,83,18,Modern,Good
ST1197,Warhi Shere,kibedevika@example.org,KIIT,IT,4,2028-01-08,7,Adobe,Frontend Developer,214,179,40,1717,LeetCode,88,85,77,79,70,P1197,Chatbot,FastAPI,Hard,https://github.com/ST1197/project,C1197,Machine Learning,Coursera,Completed,I1197,Google,Software Developer Intern,6 Months,Not Started,R1197,78,79,20,Modern,Good
ST1198,Qadim Mitter,solankidominic@example.com,SOA University,ECE,4,2027-11-23,5,Accenture,Full Stack Developer,117,30,17,1406,LeetCode,56,73,57,67,58,P1198,Portfolio Website,Python,Hard,https://github.com/ST1198/project,C1198,Java Programming,Udemy,Completed,I1198,Wipro,Data Analyst Intern,6 Months,Completed,R1198,59,60,12,Basic,Average
ST1199,Diya Prashad,wrideshwason@example.com,IIT Bhubaneswar,ECE,3,2028-01-24,6,Wipro,Backend Developer,189,138,21,1753,LeetCode,84,84,84,72,78,P1199,Chatbot,Flask,Medium,https://github.com/ST1199/project,C1199,React Development,Udemy,Completed,I1199,Wipro,Python Developer Intern,3 Months,Completed,R1199,79,80,16,ATS-Friendly,Good
ST1200,Mitesh Saraf,rattaridhi@example.net,KIIT,IT,4,2027-10-03,8,Adobe,Software Engineer,425,173,40,2274,LeetCode,99,91,90,96,90,P1200,AI Resume Analyzer,React,Easy,https://github.com/ST1200/project,C1200,AWS Cloud Practitioner,Coursera,In Progress,I1200,Cognizant,Software Developer Intern,6 Months,Completed,R1200,89,91,24,Basic,Excellent
ST1201,Rajeshri Korpal,jbhattacharyya@example.org,VSSUT,CSE,3,2027-08-28,4,Accenture,Backend Developer,118,44,20,1429,LeetCode,55,67,72,62,60,P1201,Hospital Management System,Node.js,Easy,https://github.com/ST1201/project,C1201,Cyber Security Essentials,GeeksforGeeks,In Progress,I1201,Accenture,ML Intern,2 Months,Ongoing,R1201,70,60,11,Modern,Good
ST1202,Vrinda Varma,mohammedhalder@example.com,SOA University,EEE,3,2028-01-24,4,Capgemini,Software Engineer,80,75,20,1401,LeetCode,58,65,67,73,57,P1202,Weather App,FastAPI,Easy,https://github.com/ST1202/project,C1202,React Development,NPTEL,In Progress,I1202,Oracle,ML Intern,1 Month,Ongoing,R1202,55,61,14,Basic,Average
ST1203,Azad Nagy,janyasachdeva@example.com,NIT Rourkela,IT,4,2028-01-13,3,Accenture,Software Engineer,19,27,1,1155,LeetCode,58,49,38,37,56,P1203,Chatbot,Node.js,Hard,https://github.com/ST1203/project,C1203,NPTEL Computer Networks,edX,In Progress,I1203,Cognizant,Frontend Intern,6 Months,Completed,R1203,45,49,10,Modern,Needs Improvement
ST1204,Charles Dass,nisha21@example.com,VSSUT,IT,4,2027-12-06,5,Google,Data Analyst,90,67,8,1467,LeetCode,56,55,67,60,58,P1204,Placement Prediction System,Node.js,Hard,https://github.com/ST1204/project,C1204,Python Programming,GeeksforGeeks,In Progress,I1204,Oracle,Cloud Intern,3 Months,Not Started,R1204,61,64,15,Basic,Average
ST1205,Rayaan Sagar,ldhar@example.net,IIT Bhubaneswar,EEE,3,2027-11-04,3,Adobe,Data Analyst,12,30,3,1206,LeetCode,43,38,52,36,36,P1205,Bank Management System,Java,Medium,https://github.com/ST1205/project,C1205,Google Data Analytics,edX,In Progress,I1205,Capgemini,Python Developer Intern,6 Months,Ongoing,R1205,31,49,5,ATS-Friendly,Needs Improvement
ST1206,Urmi Bora,aadipadmanabhan@example.org,VSSUT,ECE,4,2027-08-17,4,Oracle,Full Stack Developer,125,77,7,1599,LeetCode,66,64,72,67,73,P1206,Face Recognition System,Django,Hard,https://github.com/ST1206/project,C1206,Full Stack Web Development,NPTEL,In Progress,I1206,Infosys,Python Developer Intern,1 Month,Completed,R1206,56,75,13,Modern,Average
ST1207,Upasna Bhakta,arana@example.net,NIT Rourkela,IT,4,2027-10-19,6,Accenture,Full Stack Developer,245,137,20,1647,LeetCode,70,82,89,74,80,P1207,Online Quiz System,MongoDB,Medium,https://github.com/ST1207/project,C1207,React Development,Coursera,Completed,I1207,Accenture,Web Developer Intern,2 Months,Completed,R1207,75,77,14,Basic,Good
ST1208,Raagini Konda,anshchand@example.org,VSSUT,EEE,3,2027-09-11,6,TCS,Data Scientist,214,88,37,1645,LeetCode,85,81,81,71,83,P1208,Student Management System,React,Easy,https://github.com/ST1208/project,C1208,SQL for Data Science,NPTEL,Completed,I1208,Infosys,ML Intern,2 Months,Not Started,R1208,82,80,17,Basic,Excellent
ST1209,Upadhriti Kannan,brarneelima@example.com,IIT Bhubaneswar,ECE,4,2028-01-22,6,Accenture,ML Engineer,165,137,48,1610,LeetCode,73,90,84,74,77,P1209,Portfolio Website,FastAPI,Easy,https://github.com/ST1209/project,C1209,Cyber Security Essentials,Coursera,In Progress,I1209,Oracle,Python Developer Intern,6 Months,Ongoing,R1209,79,78,17,ATS-Friendly,Good
ST1210,Pavani Edwin,rdhar@example.org,IIT Bhubaneswar,Mechanical,3,2027-11-07,9,Microsoft,Data Analyst,285,224,41,1899,LeetCode,97,86,86,85,100,P1210,E-Commerce Website,Java,Easy,https://github.com/ST1210/project,C1210,Java Programming,Udemy,Completed,I1210,Microsoft,Web Developer Intern,1 Month,Ongoing,R1210,85,89,25,ATS-Friendly,Excellent
ST1211,Arunima Thakur,kiyer@example.net,NIT Rourkela,CSE,4,2027-11-07,8,TCS,Frontend Developer,409,255,77,2202,LeetCode,100,99,96,90,92,P1211,Chatbot,FastAPI,Medium,https://github.com/ST1211/project,C1211,NPTEL DBMS,edX,Completed,I1211,Microsoft,Python Developer Intern,3 Months,Ongoing,R1211,94,98,25,Basic,Excellent
ST1212,Abeer Kapadia,wakeetagoel@example.com,NIT Rourkela,EEE,3,2027-08-14,4,Adobe,Data Analyst,109,44,17,1469,LeetCode,58,63,56,61,56,P1212,E-Commerce Website,FastAPI,Medium,https://github.com/ST1212/project,C1212,NPTEL DBMS,Udemy,In Progress,I1212,Oracle,Software Developer Intern,2 Months,Not Started,R1212,69,66,10,Modern,Good
ST1213,Kai Butala,zkapadia@example.com,KIIT,Mechanical,4,2027-09-30,7,Infosys,Software Engineer,231,115,48,1734,LeetCode,81,83,71,72,79,P1213,Online Quiz System,MongoDB,Hard,https://github.com/ST1213/project,C1213,Cyber Security Essentials,edX,Completed,I1213,Oracle,Python Developer Intern,3 Months,Ongoing,R1213,85,80,14,ATS-Friendly,Excellent
ST1214,Yutika Shere,tamanna95@example.org,IIT Bhubaneswar,ECE,3,2027-12-12,4,Capgemini,Full Stack Developer,126,51,10,1411,LeetCode,62,63,55,63,61,P1214,AI Resume Analyzer,C++,Medium,https://github.com/ST1214/project,C1214,Google Data Analytics,GeeksforGeeks,Completed,I1214,Google,Web Developer Intern,3 Months,Ongoing,R1214,63,64,14,ATS-Friendly,Average
ST1215,Vasana Basu,dhritisampath@example.org,IIT Bhubaneswar,EEE,4,2027-09-02,7,Microsoft,Backend Developer,246,91,36,1608,LeetCode,71,75,90,75,79,P1215,E-Commerce Website,Node.js,Easy,https://github.com/ST1215/project,C1215,Cloud Computing,Udemy,In Progress,I1215,Amazon,Web Developer Intern,6 Months,Not Started,R1215,71,76,16,ATS-Friendly,Good
ST1216,Ojas Pandya,koshyavni@example.net,KIIT,ECE,4,2027-10-01,10,Google,Frontend Developer,296,228,69,2188,LeetCode,89,100,99,85,91,P1216,Placement Prediction System,MongoDB,Easy,https://github.com/ST1216/project,C1216,Cyber Security Essentials,Udemy,Completed,I1216,Capgemini,ML Intern,1 Month,Ongoing,R1216,88,85,19,Basic,Excellent
ST1217,Udyati Bhagat,ravisudiksha@example.org,VSSUT,Mechanical,3,2027-08-13,2,Google,Software Engineer,49,15,4,1321,LeetCode,48,56,47,42,36,P1217,Weather App,MongoDB,Easy,https://github.com/ST1217/project,C1217,Full Stack Web Development,GeeksforGeeks,Completed,I1217,Infosys,Software Developer Intern,3 Months,Completed,R1217,46,50,8,Modern,Needs Improvement
ST1218,Vivaan Saxena,caleb48@example.net,SOA University,Mechanical,4,2027-08-08,10,Capgemini,Frontend Developer,279,232,64,2266,LeetCode,99,98,95,100,86,P1218,Movie Recommendation System,Java,Easy,https://github.com/ST1218/project,C1218,Data Structures and Algorithms,NPTEL,In Progress,I1218,Cognizant,Frontend Intern,6 Months,Ongoing,R1218,95,98,20,ATS-Friendly,Excellent
ST1219,Harsh Sarma,ria36@example.org,VSSUT,IT,3,2027-09-26,4,Wipro,Data Scientist,149,36,7,1487,LeetCode,72,55,57,65,60,P1219,Face Recognition System,MySQL,Easy,https://github.com/ST1219/project,C1219,Full Stack Web Development,Coursera,Completed,I1219,Microsoft,Frontend Intern,6 Months,Completed,R1219,68,71,15,ATS-Friendly,Good
ST1220,Ethan Balakrishnan,parth11@example.org,IIT Bhubaneswar,Mechanical,3,2027-08-21,10,TCS,Full Stack Developer,357,281,100,2150,LeetCode,99,100,87,90,100,P1220,Portfolio Website,Flask,Hard,https://github.com/ST1220/project,C1220,Machine Learning,NPTEL,Completed,I1220,Cognizant,Data Analyst Intern,2 Months,Completed,R1220,90,87,23,ATS-Friendly,Excellent
ST1221,Ekanta Walla,mason24@example.com,VSSUT,IT,3,2027-10-03,4,Amazon,Data Analyst,119,60,7,1411,LeetCode,62,70,75,57,62,P1221,Chatbot,MySQL,Medium,https://github.com/ST1221/project,C1221,Python for Everybody,edX,Completed,I1221,Oracle,Backend Intern,6 Months,Not Started,R1221,64,60,12,Modern,Average
ST1222,Ijaya Ahluwalia,jack89@example.com,KIIT,EEE,4,2028-01-28,2,Infosys,Full Stack Developer,41,25,3,1208,LeetCode,36,54,48,44,58,P1222,Weather App,FastAPI,Easy,https://github.com/ST1222/project,C1222,Artificial Intelligence Basics,NPTEL,Completed,I1222,Cognizant,Web Developer Intern,1 Month,Completed,R1222,32,46,7,Modern,Needs Improvement
ST1223,Waida Buch,enatarajan@example.org,IIT Bhubaneswar,EEE,3,2027-10-08,7,Capgemini,Data Analyst,168,138,42,1605,LeetCode,79,88,70,75,85,P1223,Library Management System,Java,Easy,https://github.com/ST1223/project,C1223,AWS Cloud Practitioner,Coursera,Completed,I1223,Infosys,Python Developer Intern,3 Months,Completed,R1223,75,76,17,Basic,Good
ST1224,Andrew Kala,nkar@example.org,KIIT,Mechanical,3,2027-12-09,4,Oracle,Backend Developer,145,56,16,1412,LeetCode,59,65,64,60,65,P1224,Expense Tracker,Django,Easy,https://github.com/ST1224/project,C1224,Artificial Intelligence Basics,Udemy,In Progress,I1224,Oracle,Web Developer Intern,3 Months,Completed,R1224,69,61,12,Modern,Good
ST1225,Matthew Salvi,saanvimammen@example.org,VSSUT,IT,4,2028-01-05,8,Amazon,Frontend Developer,402,194,69,2124,LeetCode,89,88,93,85,90,P1225,Attendance Management System,MySQL,Hard,https://github.com/ST1225/project,C1225,Machine Learning,Coursera,In Progress,I1225,Wipro,ML Intern,6 Months,Completed,R1225,96,90,20,Basic,Excellent
ST1226,Udarsh Lalla,parththaman@example.org,VSSUT,CSE,4,2028-01-05,6,Wipro,Backend Developer,240,154,21,1700,LeetCode,79,71,71,78,75,P1226,Movie Recommendation System,Flask,Easy,https://github.com/ST1226/project,C1226,Artificial Intelligence Basics,GeeksforGeeks,In Progress,I1226,Infosys,Cloud Intern,6 Months,Ongoing,R1226,75,90,14,ATS-Friendly,Good
ST1227,Henry Rattan,xalaksaran@example.org,VSSUT,Mechanical,3,2027-08-17,5,Capgemini,ML Engineer,138,33,18,1440,LeetCode,61,66,67,71,68,P1227,AI Resume Analyzer,Java,Hard,https://github.com/ST1227/project,C1227,Java Programming,GeeksforGeeks,In Progress,I1227,TCS,Web Developer Intern,1 Month,Ongoing,R1227,66,73,15,ATS-Friendly,Good
ST1228,Ubika Bansal,ganga62@example.net,VSSUT,Mechanical,3,2027-10-25,4,Infosys,ML Engineer,108,34,17,1590,LeetCode,63,70,56,59,58,P1228,Placement Prediction System,Node.js,Medium,https://github.com/ST1228/project,C1228,SQL for Data Science,Coursera,In Progress,I1228,TCS,ML Intern,2 Months,Not Started,R1228,58,73,13,Modern,Average
ST1229,Madhavi Patla,neelshanker@example.com,IIT Bhubaneswar,ECE,3,2027-11-07,3,Capgemini,Data Analyst,66,27,5,1012,LeetCode,45,52,42,57,36,P1229,Hospital Management System,React,Hard,https://github.com/ST1229/project,C1229,Machine Learning,NPTEL,Completed,I1229,Accenture,Data Analyst Intern,1 Month,Completed,R1229,42,41,10,Basic,Needs Improvement
ST1230,Leela Kapoor,deshpandeyagnesh@example.net,IIT Bhubaneswar,ECE,4,2027-11-26,9,Capgemini,Data Analyst,423,272,53,1815,LeetCode,98,86,96,93,93,P1230,Expense Tracker,MySQL,Easy,https://github.com/ST1230/project,C1230,NPTEL Computer Networks,edX,In Progress,I1230,Oracle,ML Intern,3 Months,Ongoing,R1230,85,92,18,Basic,Excellent
ST1231,Anusha Chana,ryanbasak@example.net,VSSUT,CSE,4,2027-12-17,7,Infosys,Data Analyst,170,179,28,1759,LeetCode,84,86,72,84,87,P1231,Library Management System,Python,Hard,https://github.com/ST1231/project,C1231,AWS Cloud Practitioner,edX,In Progress,I1231,TCS,ML Intern,6 Months,Not Started,R1231,78,76,15,ATS-Friendly,Good
ST1232,Yasti Shukla,tissac@example.com,SOA University,EEE,3,2027-10-04,5,Microsoft,Data Scientist,84,48,11,1487,LeetCode,69,72,73,59,59,P1232,Library Management System,Python,Hard,https://github.com/ST1232/project,C1232,Cyber Security Essentials,edX,In Progress,I1232,Wipro,Software Developer Intern,2 Months,Not Started,R1232,67,71,12,Basic,Good
ST1233,Zinal Pillay,oscarkaran@example.com,KIIT,ECE,4,2027-08-05,2,Adobe,Data Scientist,55,6,1,1269,LeetCode,55,35,46,51,56,P1233,Weather App,FastAPI,Easy,https://github.com/ST1233/project,C1233,Data Structures and Algorithms,NPTEL,In Progress,I1233,TCS,Software Developer Intern,1 Month,Completed,R1233,45,42,10,Basic,Needs Improvement
ST1234,Gopal Basak,ronith63@example.org,VSSUT,Mechanical,3,2027-12-21,8,Accenture,Full Stack Developer,416,191,43,2112,LeetCode,88,95,98,98,100,P1234,Weather App,Flask,Medium,https://github.com/ST1234/project,C1234,Cloud Computing,Udemy,In Progress,I1234,Capgemini,Software Developer Intern,3 Months,Not Started,R1234,87,95,19,Modern,Excellent
ST1235,Ekansh Madan,rattabaljiwan@example.org,KIIT,EEE,3,2028-01-19,8,TCS,Data Analyst,343,171,85,2171,LeetCode,90,96,97,92,87,P1235,Movie Recommendation System,MySQL,Hard,https://github.com/ST1235/project,C1235,Python for Everybody,GeeksforGeeks,In Progress,I1235,Amazon,ML Intern,2 Months,Not Started,R1235,98,94,23,Modern,Excellent
ST1236,Jatin Kalita,hagate@example.com,NIT Rourkela,IT,3,2027-11-28,10,Google,Frontend Developer,298,297,48,2145,LeetCode,87,96,88,87,97,P1236,Chatbot,C++,Easy,https://github.com/ST1236/project,C1236,Cloud Computing,Udemy,Completed,I1236,Capgemini,Web Developer Intern,1 Month,Ongoing,R1236,98,95,24,ATS-Friendly,Excellent
ST1237,Waida Tara,hpandya@example.com,KIIT,CSE,3,2027-09-24,9,TCS,Software Engineer,347,257,96,1891,LeetCode,95,91,99,93,91,P1237,Expense Tracker,Node.js,Hard,https://github.com/ST1237/project,C1237,Artificial Intelligence Basics,Udemy,Completed,I1237,Amazon,Python Developer Intern,1 Month,Not Started,R1237,90,85,21,Modern,Excellent
ST1238,Girish Ghosh,qnayak@example.org,IIT Bhubaneswar,CSE,4,2028-01-21,7,Oracle,Software Engineer,229,139,43,1654,LeetCode,76,72,86,80,71,P1238,Face Recognition System,Python,Hard,https://github.com/ST1238/project,C1238,Google Data Analytics,Coursera,In Progress,I1238,Capgemini,Web Developer Intern,1 Month,Not Started,R1238,77,82,17,ATS-Friendly,Good
ST1239,Radhika Kulkarni,goyalzehaan@example.com,VSSUT,CSE,4,2028-01-18,5,TCS,Frontend Developer,119,45,6,1471,LeetCode,70,65,68,65,57,P1239,AI Resume Analyzer,FastAPI,Easy,https://github.com/ST1239/project,C1239,Java Programming,NPTEL,In Progress,I1239,Amazon,Cloud Intern,6 Months,Completed,R1239,55,62,11,Modern,Average
ST1240,Forum Sami,hayerkalpit@example.com,KIIT,IT,3,2027-11-30,6,Capgemini,Backend Developer,190,82,34,1609,LeetCode,86,76,73,87,83,P1240,Face Recognition System,FastAPI,Easy,https://github.com/ST1240/project,C1240,Full Stack Web Development,edX,Completed,I1240,Microsoft,Software Developer Intern,1 Month,Not Started,R1240,82,84,19,Basic,Excellent
ST1241,Aryan Ranganathan,sastrysaumya@example.org,VSSUT,ECE,3,2027-11-17,9,Wipro,Data Scientist,289,201,69,2221,LeetCode,94,93,94,97,91,P1241,Weather App,Node.js,Hard,https://github.com/ST1241/project,C1241,Google Data Analytics,GeeksforGeeks,In Progress,I1241,Wipro,Data Analyst Intern,1 Month,Completed,R1241,90,91,24,Modern,Excellent
ST1242,Anjali Pai,jackpuri@example.org,NIT Rourkela,CSE,4,2027-12-20,6,Capgemini,Software Engineer,225,162,27,1770,LeetCode,73,82,90,73,74,P1242,Student Management System,Java,Medium,https://github.com/ST1242/project,C1242,Java Programming,GeeksforGeeks,Completed,I1242,Oracle,Web Developer Intern,6 Months,Not Started,R1242,83,85,20,Modern,Excellent
ST1243,Yash Madan,jhawyatt@example.com,IIT Bhubaneswar,ECE,3,2027-11-20,4,Accenture,Full Stack Developer,89,74,10,1536,LeetCode,73,74,65,64,66,P1243,Bank Management System,Java,Easy,https://github.com/ST1243/project,C1243,Artificial Intelligence Basics,NPTEL,Completed,I1243,Cognizant,ML Intern,6 Months,Completed,R1243,59,68,15,Modern,Average
ST1244,Umang Kalita,rachana22@example.com,VSSUT,ECE,3,2027-12-01,7,Capgemini,Data Scientist,159,168,25,1612,LeetCode,79,74,84,74,74,P1244,Placement Prediction System,C++,Hard,https://github.com/ST1244/project,C1244,Python Programming,NPTEL,Completed,I1244,Wipro,Cloud Intern,3 Months,Completed,R1244,77,86,17,ATS-Friendly,Good
ST1245,Idika Sachdeva,samesh18@example.org,KIIT,ECE,3,2027-12-04,9,TCS,Frontend Developer,289,230,73,2237,LeetCode,99,92,94,100,97,P1245,AI Resume Analyzer,Django,Hard,https://github.com/ST1245/project,C1245,Python for Everybody,GeeksforGeeks,In Progress,I1245,Microsoft,Backend Intern,6 Months,Ongoing,R1245,93,91,20,ATS-Friendly,Excellent
ST1246,Ethan Rege,bhagattanay@example.net,VSSUT,ECE,3,2027-11-10,5,Capgemini,Full Stack Developer,93,47,12,1573,LeetCode,74,59,61,71,69,P1246,Hospital Management System,Django,Easy,https://github.com/ST1246/project,C1246,Artificial Intelligence Basics,Coursera,Completed,I1246,Wipro,Frontend Intern,2 Months,Completed,R1246,64,74,14,Modern,Average
ST1247,Zayan Sharaf,aishanikakar@example.org,NIT Rourkela,Mechanical,3,2027-10-20,9,Google,Full Stack Developer,361,279,90,2268,LeetCode,96,98,89,95,86,P1247,Weather App,React,Medium,https://github.com/ST1247/project,C1247,Data Structures and Algorithms,edX,Completed,I1247,Cognizant,Web Developer Intern,1 Month,Ongoing,R1247,86,91,22,Basic,Excellent
ST1248,Kamala Wagle,dbora@example.com,NIT Rourkela,CSE,3,2027-08-09,5,Accenture,Data Scientist,86,75,5,1488,LeetCode,64,68,69,74,55,P1248,Online Quiz System,MySQL,Medium,https://github.com/ST1248/project,C1248,SQL for Data Science,Coursera,In Progress,I1248,Capgemini,Web Developer Intern,6 Months,Completed,R1248,58,64,15,ATS-Friendly,Average
ST1249,Faraj Sidhu,lakshitjaggi@example.com,KIIT,EEE,4,2027-12-27,10,Accenture,Software Engineer,306,282,52,2013,LeetCode,94,100,93,88,94,P1249,Face Recognition System,Java,Hard,https://github.com/ST1249/project,C1249,Python Programming,Coursera,In Progress,I1249,Oracle,ML Intern,1 Month,Not Started,R1249,90,99,25,Basic,Excellent
ST1250,Hamsini Deol,barmanvidhi@example.org,IIT Bhubaneswar,CSE,4,2028-01-12,7,TCS,ML Engineer,237,84,45,1744,LeetCode,82,85,76,76,73,P1250,Expense Tracker,Node.js,Hard,https://github.com/ST1250/project,C1250,Machine Learning,GeeksforGeeks,In Progress,I1250,Wipro,Web Developer Intern,1 Month,Ongoing,R1250,84,80,20,ATS-Friendly,Excellent
ST1251,Adweta Rai,nikitanazareth@example.com,SOA University,IT,3,2027-11-17,7,Google,Data Scientist,153,92,32,1798,LeetCode,82,75,71,89,78,P1251,Placement Prediction System,Flask,Medium,https://github.com/ST1251/project,C1251,React Development,GeeksforGeeks,In Progress,I1251,Wipro,Web Developer Intern,6 Months,Ongoing,R1251,71,79,14,ATS-Friendly,Good
ST1252,Dhruv Shere,vaidyadiya@example.com,KIIT,IT,4,2027-11-08,2,Microsoft,Backend Developer,55,13,0,1188,LeetCode,55,46,59,50,45,P1252,Attendance Management System,Java,Easy,https://github.com/ST1252/project,C1252,Python for Everybody,GeeksforGeeks,In Progress,I1252,Cognizant,Data Analyst Intern,1 Month,Completed,R1252,48,51,6,Basic,Needs Improvement
ST1253,Vyanjana Sachdev,rdubey@example.org,SOA University,EEE,4,2027-12-25,8,Oracle,Full Stack Developer,334,259,86,1900,LeetCode,96,87,93,85,97,P1253,Library Management System,MySQL,Hard,https://github.com/ST1253/project,C1253,NPTEL Computer Networks,Udemy,In Progress,I1253,Infosys,Backend Intern,3 Months,Not Started,R1253,87,99,20,ATS-Friendly,Excellent
ST1254,Siya Chatterjee,hemang28@example.org,NIT Rourkela,ECE,4,2027-12-06,9,Oracle,Data Scientist,323,278,64,2062,LeetCode,85,87,99,95,88,P1254,AI Resume Analyzer,FastAPI,Medium,https://github.com/ST1254/project,C1254,SQL for Data Science,Coursera,Completed,I1254,Wipro,ML Intern,3 Months,Ongoing,R1254,93,88,19,ATS-Friendly,Excellent
ST1255,Onveer Choudhry,wagarwal@example.net,NIT Rourkela,CSE,4,2027-11-09,2,Google,ML Engineer,45,18,0,1281,LeetCode,56,47,44,39,49,P1255,Hospital Management System,FastAPI,Easy,https://github.com/ST1255/project,C1255,Full Stack Web Development,Udemy,In Progress,I1255,Amazon,Cloud Intern,1 Month,Not Started,R1255,53,48,6,Basic,Average
ST1256,Hemal Kumar,xsachar@example.net,KIIT,EEE,4,2027-11-08,8,Capgemini,Software Engineer,254,166,68,2021,LeetCode,89,89,85,93,88,P1256,Movie Recommendation System,Django,Hard,https://github.com/ST1256/project,C1256,Artificial Intelligence Basics,NPTEL,Completed,I1256,Wipro,Cloud Intern,6 Months,Ongoing,R1256,92,93,22,Basic,Excellent
ST1257,Nimrat More,rauinaya@example.org,SOA University,Mechanical,3,2027-11-17,10,Microsoft,Data Analyst,433,158,77,2109,LeetCode,95,93,93,90,93,P1257,Face Recognition System,Flask,Easy,https://github.com/ST1257/project,C1257,Data Structures and Algorithms,NPTEL,Completed,I1257,Oracle,Backend Intern,2 Months,Not Started,R1257,91,99,18,Modern,Excellent
ST1258,Gauri Sarin,kavya99@example.org,VSSUT,IT,4,2027-10-08,7,Oracle,Data Scientist,220,139,36,1716,LeetCode,74,72,75,75,85,P1258,Attendance Management System,Django,Medium,https://github.com/ST1258/project,C1258,Cloud Computing,Coursera,Completed,I1258,Infosys,Backend Intern,6 Months,Completed,R1258,72,82,20,Basic,Good
ST1259,Arin Swaminathan,pdube@example.net,IIT Bhubaneswar,ECE,3,2027-10-21,10,Oracle,Frontend Developer,311,233,54,2055,LeetCode,97,88,94,98,88,P1259,Library Management System,FastAPI,Medium,https://github.com/ST1259/project,C1259,AWS Cloud Practitioner,Coursera,Completed,I1259,Oracle,Backend Intern,6 Months,Completed,R1259,88,100,25,Modern,Excellent
ST1260,Warinder Doshi,dsinha@example.org,KIIT,ECE,4,2027-11-02,9,Google,ML Engineer,409,244,89,2256,LeetCode,88,91,85,100,98,P1260,Bank Management System,MySQL,Medium,https://github.com/ST1260/project,C1260,Full Stack Web Development,NPTEL,In Progress,I1260,Amazon,Cloud Intern,3 Months,Ongoing,R1260,90,93,25,Modern,Excellent
ST1261,Nisha Grewal,daksh51@example.net,NIT Rourkela,Mechanical,4,2028-01-04,2,Wipro,Data Scientist,71,14,0,1208,LeetCode,51,35,58,58,49,P1261,Expense Tracker,Java,Medium,https://github.com/ST1261/project,C1261,NPTEL Computer Networks,Udemy,In Progress,I1261,Amazon,Python Developer Intern,6 Months,Not Started,R1261,41,40,7,Modern,Needs Improvement
ST1262,Sanya Agrawal,dalaja15@example.org,KIIT,EEE,3,2027-09-01,4,Microsoft,Data Scientist,99,78,14,1440,LeetCode,74,61,71,66,71,P1262,Online Quiz System,C++,Hard,https://github.com/ST1262/project,C1262,Java Programming,edX,Completed,I1262,Oracle,ML Intern,2 Months,Completed,R1262,62,74,10,Basic,Average
ST1263,Darpan Banik,akshay48@example.org,NIT Rourkela,Mechanical,4,2027-08-11,10,Google,Full Stack Developer,271,276,67,2166,LeetCode,95,89,89,93,88,P1263,Chatbot,C++,Easy,https://github.com/ST1263/project,C1263,Python for Everybody,Coursera,Completed,I1263,Capgemini,Web Developer Intern,1 Month,Ongoing,R1263,85,95,18,Modern,Excellent
ST1264,Jagdish Swamy,yasti97@example.net,IIT Bhubaneswar,CSE,3,2028-01-04,6,Wipro,ML Engineer,153,91,43,1661,LeetCode,70,77,70,85,73,P1264,Student Management System,FastAPI,Easy,https://github.com/ST1264/project,C1264,NPTEL Computer Networks,edX,In Progress,I1264,Capgemini,Python Developer Intern,3 Months,Ongoing,R1264,75,76,14,ATS-Friendly,Good
ST1265,Dalbir Radhakrishnan,jagdish13@example.com,VSSUT,EEE,3,2027-08-06,8,Wipro,Backend Developer,370,279,48,2264,LeetCode,87,100,97,97,89,P1265,Face Recognition System,C++,Hard,https://github.com/ST1265/project,C1265,Python for Everybody,NPTEL,In Progress,I1265,Google,Backend Intern,2 Months,Ongoing,R1265,92,87,18,ATS-Friendly,Excellent
ST1266,Darika Ramaswamy,samraxavier@example.net,VSSUT,ECE,4,2027-11-16,9,Google,Full Stack Developer,310,205,88,2256,LeetCode,92,90,98,97,98,P1266,AI Resume Analyzer,MySQL,Hard,https://github.com/ST1266/project,C1266,Google Data Analytics,Coursera,In Progress,I1266,Accenture,Software Developer Intern,3 Months,Not Started,R1266,91,91,25,ATS-Friendly,Excellent
ST1267,Daksha Misra,banjeetbatra@example.com,VSSUT,ECE,4,2027-11-30,5,Microsoft,ML Engineer,86,62,6,1403,LeetCode,58,70,62,55,59,P1267,Bank Management System,React,Medium,https://github.com/ST1267/project,C1267,NPTEL Computer Networks,NPTEL,In Progress,I1267,Oracle,Backend Intern,1 Month,Completed,R1267,60,67,12,ATS-Friendly,Average
ST1268,Suhani Pradhan,gaurang44@example.com,VSSUT,IT,3,2027-09-19,9,Amazon,Data Analyst,292,279,70,2087,LeetCode,88,90,92,91,100,P1268,Bank Management System,Django,Medium,https://github.com/ST1268/project,C1268,SQL for Data Science,Udemy,Completed,I1268,Accenture,Backend Intern,6 Months,Completed,R1268,90,97,24,ATS-Friendly,Excellent
ST1269,Mekhala Chand,indrajitsolanki@example.org,SOA University,IT,3,2027-10-06,3,TCS,Data Analyst,60,30,0,1227,LeetCode,41,45,49,49,50,P1269,Attendance Management System,Flask,Medium,https://github.com/ST1269/project,C1269,Cloud Computing,Udemy,Completed,I1269,Infosys,Web Developer Intern,1 Month,Not Started,R1269,45,40,6,Basic,Needs Improvement
ST1270,Pranav Mittal,kumarchampak@example.net,KIIT,IT,3,2027-10-30,8,Adobe,Data Analyst,375,251,49,1897,LeetCode,90,87,88,92,99,P1270,Library Management System,Django,Hard,https://github.com/ST1270/project,C1270,Java Programming,edX,Completed,I1270,Cognizant,Software Developer Intern,2 Months,Not Started,R1270,97,98,21,ATS-Friendly,Excellent
ST1271,Idika Ravel,xchowdhury@example.org,VSSUT,EEE,4,2027-10-01,3,Wipro,Data Scientist,13,9,0,1246,LeetCode,54,55,49,50,55,P1271,Face Recognition System,Node.js,Hard,https://github.com/ST1271/project,C1271,SQL for Data Science,edX,In Progress,I1271,Amazon,Cloud Intern,3 Months,Not Started,R1271,36,49,8,ATS-Friendly,Needs Improvement
ST1272,Dominic Bal,murthynaksh@example.com,NIT Rourkela,Mechanical,3,2027-10-08,6,Oracle,ML Engineer,160,163,46,1626,LeetCode,74,86,79,89,89,P1272,Face Recognition System,Java,Hard,https://github.com/ST1272/project,C1272,Cloud Computing,GeeksforGeeks,In Progress,I1272,Google,Frontend Intern,2 Months,Completed,R1272,76,83,14,Basic,Good
ST1273,Yashoda Majumdar,kchada@example.com,NIT Rourkela,IT,4,2027-08-22,3,Google,Data Scientist,54,27,0,1124,LeetCode,37,52,57,60,40,P1273,Student Management System,React,Easy,https://github.com/ST1273/project,C1273,React Development,edX,Completed,I1273,Oracle,Backend Intern,2 Months,Not Started,R1273,37,48,9,Basic,Needs Improvement
ST1274,Jagrati Nagi,samuelkurian@example.net,KIIT,Mechanical,3,2027-10-10,3,Google,Data Analyst,75,27,2,1242,LeetCode,50,57,48,52,37,P1274,Placement Prediction System,Python,Easy,https://github.com/ST1274/project,C1274,Python Programming,Udemy,In Progress,I1274,Accenture,ML Intern,3 Months,Not Started,R1274,46,59,6,ATS-Friendly,Needs Improvement
ST1275,Ranveer Kadakia,dmangat@example.net,NIT Rourkela,CSE,3,2027-08-04,6,Oracle,Backend Developer,217,153,20,1703,LeetCode,87,70,70,88,73,P1275,Student Management System,Node.js,Hard,https://github.com/ST1275/project,C1275,Cyber Security Essentials,Coursera,In Progress,I1275,Google,Software Developer Intern,6 Months,Not Started,R1275,74,87,17,Basic,Good
ST1276,Rachita Barman,meghanabaria@example.org,IIT Bhubaneswar,EEE,3,2027-09-28,3,Adobe,Software Engineer,62,23,3,1286,LeetCode,60,59,42,48,60,P1276,Student Management System,Node.js,Medium,https://github.com/ST1276/project,C1276,Python Programming,GeeksforGeeks,Completed,I1276,Accenture,Data Analyst Intern,6 Months,Completed,R1276,44,57,8,ATS-Friendly,Needs Improvement
ST1277,Chaitaly Cherian,dominic52@example.net,VSSUT,EEE,3,2027-10-17,6,Accenture,ML Engineer,247,104,44,1648,LeetCode,86,75,74,87,87,P1277,Student Management System,React,Medium,https://github.com/ST1277/project,C1277,Google Data Analytics,GeeksforGeeks,In Progress,I1277,Capgemini,Cloud Intern,2 Months,Ongoing,R1277,78,87,15,ATS-Friendly,Good
ST1278,Eshana Jhaveri,rachanadhar@example.net,NIT Rourkela,IT,4,2028-01-09,9,Google,Frontend Developer,330,211,44,2022,LeetCode,99,97,93,90,96,P1278,E-Commerce Website,MongoDB,Hard,https://github.com/ST1278/project,C1278,Cyber Security Essentials,Coursera,In Progress,I1278,Wipro,Data Analyst Intern,6 Months,Completed,R1278,93,92,22,Modern,Excellent
ST1279,Bakhshi Rao,divya50@example.com,KIIT,EEE,4,2027-12-30,3,Capgemini,Data Analyst,76,22,1,1132,LeetCode,49,52,37,43,57,P1279,E-Commerce Website,MongoDB,Easy,https://github.com/ST1279/project,C1279,Machine Learning,Coursera,In Progress,I1279,Google,Frontend Intern,1 Month,Not Started,R1279,51,55,6,ATS-Friendly,Average
ST1280,Leena Sethi,xbatta@example.org,VSSUT,IT,3,2027-11-21,10,Microsoft,Full Stack Developer,255,267,88,2236,LeetCode,94,85,87,88,93,P1280,Movie Recommendation System,FastAPI,Hard,https://github.com/ST1280/project,C1280,Google Data Analytics,NPTEL,Completed,I1280,Oracle,Data Analyst Intern,6 Months,Not Started,R1280,90,96,22,Basic,Excellent
ST1281,Rudra Hora,wverma@example.com,NIT Rourkela,CSE,4,2027-10-29,8,Amazon,Frontend Developer,443,257,73,2090,LeetCode,88,90,93,100,85,P1281,Student Management System,Node.js,Easy,https://github.com/ST1281/project,C1281,React Development,GeeksforGeeks,Completed,I1281,Cognizant,ML Intern,1 Month,Completed,R1281,88,90,24,Modern,Excellent
ST1282,Devika Pall,rajata01@example.com,VSSUT,IT,3,2027-11-15,7,Infosys,Backend Developer,244,149,25,1788,LeetCode,85,73,83,90,80,P1282,Library Management System,MongoDB,Medium,https://github.com/ST1282/project,C1282,NPTEL DBMS,Coursera,In Progress,I1282,Microsoft,Data Analyst Intern,2 Months,Not Started,R1282,74,86,18,Modern,Good
ST1283,Leela Sachdeva,tarak33@example.org,IIT Bhubaneswar,EEE,4,2027-10-26,7,Wipro,Data Scientist,229,133,37,1660,LeetCode,76,72,86,70,86,P1283,Attendance Management System,FastAPI,Easy,https://github.com/ST1283/project,C1283,Artificial Intelligence Basics,GeeksforGeeks,In Progress,I1283,TCS,Data Analyst Intern,6 Months,Not Started,R1283,74,88,15,Modern,Good
ST1284,Jason Nayak,basuvrinda@example.net,NIT Rourkela,Mechanical,3,2027-10-24,2,Amazon,Frontend Developer,48,26,0,1330,LeetCode,40,50,58,47,59,P1284,Placement Prediction System,MySQL,Easy,https://github.com/ST1284/project,C1284,NPTEL Computer Networks,Coursera,Completed,I1284,Capgemini,Web Developer Intern,2 Months,Completed,R1284,46,48,10,Modern,Needs Improvement
ST1285,Eta Vora,dmall@example.net,NIT Rourkela,EEE,4,2027-11-30,2,Microsoft,Data Analyst,55,14,5,1006,LeetCode,57,56,39,46,35,P1285,Student Management System,Django,Medium,https://github.com/ST1285/project,C1285,SQL for Data Science,edX,In Progress,I1285,TCS,Cloud Intern,6 Months,Ongoing,R1285,38,44,6,Modern,Needs Improvement
ST1286,Banjeet Barad,jasmit57@example.org,KIIT,EEE,3,2028-01-12,8,Google,Software Engineer,436,253,61,2090,LeetCode,97,89,98,86,91,P1286,Library Management System,MySQL,Medium,https://github.com/ST1286/project,C1286,Cyber Security Essentials,Coursera,Completed,I1286,Accenture,Python Developer Intern,6 Months,Ongoing,R1286,89,90,23,ATS-Friendly,Excellent
ST1287,Oscar Mani,baradshaurya@example.net,SOA University,Mechanical,3,2028-01-11,7,Amazon,Frontend Developer,161,159,45,1658,LeetCode,89,83,77,76,78,P1287,Library Management System,Django,Easy,https://github.com/ST1287/project,C1287,AWS Cloud Practitioner,NPTEL,Completed,I1287,Infosys,Software Developer Intern,2 Months,Ongoing,R1287,71,89,16,Modern,Good
ST1288,Advika Zachariah,balvansama@example.com,VSSUT,IT,4,2027-08-10,10,Microsoft,Frontend Developer,309,274,40,2179,LeetCode,98,92,96,95,93,P1288,Weather App,React,Medium,https://github.com/ST1288/project,C1288,AWS Cloud Practitioner,GeeksforGeeks,Completed,I1288,Oracle,Web Developer Intern,6 Months,Ongoing,R1288,94,100,20,Modern,Excellent
ST1289,Madhav Parekh,gopaldeo@example.org,SOA University,IT,4,2027-12-27,9,Oracle,Data Scientist,297,195,60,2208,LeetCode,92,99,98,96,86,P1289,Placement Prediction System,Python,Easy,https://github.com/ST1289/project,C1289,Data Structures and Algorithms,edX,Completed,I1289,Wipro,ML Intern,2 Months,Completed,R1289,90,91,25,ATS-Friendly,Excellent
ST1290,Lila Sethi,gollayatan@example.org,IIT Bhubaneswar,EEE,4,2027-11-02,2,Adobe,Backend Developer,79,4,0,1057,LeetCode,50,58,42,49,43,P1290,Face Recognition System,MySQL,Hard,https://github.com/ST1290/project,C1290,Machine Learning,NPTEL,Completed,I1290,Wipro,Python Developer Intern,1 Month,Completed,R1290,47,56,6,Modern,Needs Improvement
ST1291,Dominic Rout,ade@example.net,SOA University,ECE,4,2027-08-30,10,Google,Frontend Developer,382,263,91,2132,LeetCode,95,85,94,98,96,P1291,Bank Management System,C++,Medium,https://github.com/ST1291/project,C1291,Full Stack Web Development,Coursera,In Progress,I1291,Infosys,ML Intern,2 Months,Ongoing,R1291,93,87,23,Modern,Excellent
ST1292,Aahana Saha,grewalnoah@example.org,KIIT,CSE,4,2027-11-05,2,Accenture,Backend Developer,54,29,5,1333,LeetCode,50,55,46,51,38,P1292,Portfolio Website,React,Easy,https://github.com/ST1292/project,C1292,Cloud Computing,GeeksforGeeks,In Progress,I1292,Oracle,ML Intern,3 Months,Ongoing,R1292,48,46,5,ATS-Friendly,Needs Improvement
ST1293,Anya Sani,ramaswamyreva@example.org,IIT Bhubaneswar,EEE,4,2027-08-17,9,Wipro,Software Engineer,342,152,75,2173,LeetCode,93,100,87,100,89,P1293,Chatbot,C++,Hard,https://github.com/ST1293/project,C1293,Python Programming,Coursera,In Progress,I1293,Accenture,Frontend Intern,2 Months,Not Started,R1293,96,95,22,ATS-Friendly,Excellent
ST1294,Tanveer Bhakta,ikbal97@example.org,NIT Rourkela,ECE,4,2027-11-13,8,Infosys,ML Engineer,425,255,65,2033,LeetCode,98,95,97,88,92,P1294,E-Commerce Website,Java,Easy,https://github.com/ST1294/project,C1294,Google Data Analytics,edX,Completed,I1294,Google,Cloud Intern,1 Month,Not Started,R1294,100,89,21,Modern,Excellent
ST1295,Bhavna Ganesh,pushti33@example.org,VSSUT,ECE,3,2027-08-08,9,Accenture,ML Engineer,287,181,64,1931,LeetCode,98,96,88,87,92,P1295,Online Quiz System,MySQL,Medium,https://github.com/ST1295/project,C1295,Python Programming,Udemy,In Progress,I1295,Oracle,Data Analyst Intern,2 Months,Ongoing,R1295,99,93,19,Basic,Excellent
ST1296,Onkar Sangha,kevin78@example.net,KIIT,ECE,4,2027-10-28,7,Google,Data Analyst,233,135,31,1764,LeetCode,70,87,90,81,75,P1296,Face Recognition System,Node.js,Easy,https://github.com/ST1296/project,C1296,NPTEL DBMS,edX,In Progress,I1296,Amazon,ML Intern,1 Month,Completed,R1296,84,77,18,ATS-Friendly,Excellent
ST1297,Fitan Thakkar,baghyawatibose@example.net,IIT Bhubaneswar,EEE,3,2027-08-30,8,Oracle,Data Analyst,426,167,72,1928,LeetCode,93,96,87,96,90,P1297,Library Management System,Java,Easy,https://github.com/ST1297/project,C1297,Data Structures and Algorithms,Udemy,In Progress,I1297,Oracle,Python Developer Intern,6 Months,Completed,R1297,100,91,23,Basic,Excellent
ST1298,Chandran Sha,chatterjeeavi@example.org,VSSUT,Mechanical,3,2027-12-11,9,Wipro,Data Analyst,300,295,54,1848,LeetCode,87,100,87,92,97,P1298,Bank Management System,Node.js,Medium,https://github.com/ST1298/project,C1298,NPTEL Computer Networks,Udemy,In Progress,I1298,Capgemini,ML Intern,3 Months,Not Started,R1298,90,98,24,Basic,Excellent
ST1299,Upadhriti Sura,balavamakshi@example.org,NIT Rourkela,CSE,4,2027-10-03,3,Adobe,Full Stack Developer,71,8,2,1279,LeetCode,58,56,60,36,38,P1299,Portfolio Website,Node.js,Medium,https://github.com/ST1299/project,C1299,Machine Learning,GeeksforGeeks,In Progress,I1299,Cognizant,ML Intern,1 Month,Completed,R1299,54,45,6,Basic,Average
ST1300,Ekavir Pandit,ekarajdutta@example.com,SOA University,IT,3,2027-08-10,5,Oracle,ML Engineer,98,49,7,1414,LeetCode,64,66,70,59,74,P1300,Student Management System,Node.js,Medium,https://github.com/ST1300/project,C1300,Java Programming,NPTEL,In Progress,I1300,Infosys,Cloud Intern,1 Month,Not Started,R1300,59,73,10,Modern,Average
ST1301,Nilima Golla,pdubey@example.net,SOA University,IT,3,2027-09-24,6,Amazon,Software Engineer,200,128,24,1768,LeetCode,88,73,90,86,86,P1301,Movie Recommendation System,MySQL,Medium,https://github.com/ST1301/project,C1301,Python Programming,NPTEL,In Progress,I1301,Accenture,Frontend Intern,1 Month,Not Started,R1301,77,87,18,ATS-Friendly,Good
ST1302,Harini Chanda,sanaya23@example.org,NIT Rourkela,CSE,4,2027-09-20,4,Amazon,Data Scientist,120,78,6,1536,LeetCode,66,68,59,68,66,P1302,Online Quiz System,Node.js,Medium,https://github.com/ST1302/project,C1302,Artificial Intelligence Basics,edX,Completed,I1302,Amazon,Web Developer Intern,1 Month,Ongoing,R1302,61,73,14,Basic,Average
ST1303,Avni Warrior,cgole@example.org,NIT Rourkela,EEE,4,2027-11-25,9,Accenture,Data Analyst,388,209,75,2247,LeetCode,99,100,94,96,98,P1303,Weather App,Java,Easy,https://github.com/ST1303/project,C1303,React Development,Udemy,Completed,I1303,Oracle,Frontend Intern,3 Months,Ongoing,R1303,88,95,22,Modern,Excellent
ST1304,Indali Bahri,sparikh@example.org,NIT Rourkela,Mechanical,3,2027-10-20,2,Oracle,Data Scientist,28,15,0,1240,LeetCode,46,53,35,59,59,P1304,Chatbot,Python,Hard,https://github.com/ST1304/project,C1304,Java Programming,edX,Completed,I1304,Cognizant,Web Developer Intern,2 Months,Completed,R1304,31,52,9,Modern,Needs Improvement
ST1305,Jason Chawla,fradoborde@example.com,VSSUT,ECE,3,2027-10-11,9,Oracle,Data Scientist,296,185,40,2216,LeetCode,86,95,97,86,98,P1305,Bank Management System,FastAPI,Easy,https://github.com/ST1305/project,C1305,Python Programming,edX,In Progress,I1305,Infosys,Python Developer Intern,1 Month,Not Started,R1305,90,95,20,Modern,Excellent
ST1306,Jeevika Saraf,mandalkala@example.com,IIT Bhubaneswar,IT,3,2027-11-08,3,Oracle,Backend Developer,72,4,3,1203,LeetCode,35,39,54,60,41,P1306,Library Management System,MySQL,Hard,https://github.com/ST1306/project,C1306,Google Data Analytics,NPTEL,Completed,I1306,Accenture,Software Developer Intern,6 Months,Ongoing,R1306,48,40,10,Modern,Needs Improvement
ST1307,Ranveer Kakar,revaganesh@example.com,NIT Rourkela,IT,3,2027-12-16,6,Adobe,Software Engineer,246,148,42,1679,LeetCode,89,70,87,76,88,P1307,Hospital Management System,React,Hard,https://github.com/ST1307/project,C1307,Cloud Computing,edX,In Progress,I1307,Microsoft,Python Developer Intern,6 Months,Ongoing,R1307,74,78,19,Modern,Good
ST1308,Rudra Loyal,lekhadeep@example.com,SOA University,CSE,4,2028-01-16,7,Adobe,Frontend Developer,196,141,40,1789,LeetCode,80,74,80,86,87,P1308,Library Management System,Django,Easy,https://github.com/ST1308/project,C1308,Machine Learning,edX,Completed,I1308,Amazon,Backend Intern,2 Months,Completed,R1308,72,89,15,ATS-Friendly,Good
ST1309,Faris Venkatesh,naveensagar@example.org,SOA University,ECE,4,2027-08-31,9,Infosys,Software Engineer,385,284,40,1860,LeetCode,96,88,100,89,92,P1309,Online Quiz System,MySQL,Easy,https://github.com/ST1309/project,C1309,Cyber Security Essentials,edX,In Progress,I1309,Oracle,Cloud Intern,2 Months,Completed,R1309,90,91,23,Modern,Excellent
ST1310,Vinaya Desai,isha52@example.net,IIT Bhubaneswar,Mechanical,4,2027-10-16,3,Amazon,Software Engineer,34,30,2,1032,LeetCode,50,53,55,51,35,P1310,E-Commerce Website,MongoDB,Easy,https://github.com/ST1310/project,C1310,Python for Everybody,NPTEL,Completed,I1310,Capgemini,Web Developer Intern,1 Month,Not Started,R1310,36,50,6,Modern,Needs Improvement
ST1311,Chakrika Dyal,mayahayer@example.org,VSSUT,ECE,3,2027-10-13,10,Capgemini,Data Analyst,339,283,72,2168,LeetCode,94,98,86,91,86,P1311,Online Quiz System,Java,Easy,https://github.com/ST1311/project,C1311,Machine Learning,Udemy,Completed,I1311,Oracle,Backend Intern,2 Months,Ongoing,R1311,99,92,24,ATS-Friendly,Excellent
ST1312,Yuvraj Dhaliwal,sairaja@example.com,KIIT,EEE,4,2027-11-16,6,Capgemini,Frontend Developer,245,83,24,1641,LeetCode,83,88,82,89,70,P1312,AI Resume Analyzer,MySQL,Hard,https://github.com/ST1312/project,C1312,NPTEL DBMS,Udemy,Completed,I1312,Cognizant,Cloud Intern,2 Months,Completed,R1312,76,79,15,ATS-Friendly,Good
ST1313,Harita Patla,indrajitkhatri@example.org,SOA University,ECE,3,2027-08-20,4,TCS,Data Analyst,84,78,14,1499,LeetCode,72,70,73,75,56,P1313,Portfolio Website,Node.js,Easy,https://github.com/ST1313/project,C1313,Machine Learning,Coursera,In Progress,I1313,TCS,Frontend Intern,6 Months,Not Started,R1313,70,71,15,Modern,Good
ST1314,Aditya Din,megha41@example.com,VSSUT,EEE,4,2027-12-27,10,Amazon,Frontend Developer,443,233,46,2041,LeetCode,85,93,89,88,99,P1314,Hospital Management System,FastAPI,Easy,https://github.com/ST1314/project,C1314,Data Structures and Algorithms,Coursera,Completed,I1314,Infosys,Web Developer Intern,1 Month,Not Started,R1314,91,96,18,ATS-Friendly,Excellent
ST1315,Qarin Sahota,avi41@example.org,NIT Rourkela,EEE,3,2027-10-02,9,Oracle,Backend Developer,277,293,67,2049,LeetCode,89,87,96,93,97,P1315,Placement Prediction System,C++,Easy,https://github.com/ST1315/project,C1315,Cloud Computing,NPTEL,In Progress,I1315,Infosys,Software Developer Intern,3 Months,Ongoing,R1315,98,90,25,ATS-Friendly,Excellent
ST1316,Pratyush Kala,rajabimala@example.net,KIIT,ECE,4,2027-08-28,3,Capgemini,Software Engineer,77,22,5,1233,LeetCode,51,55,41,59,39,P1316,Weather App,MySQL,Medium,https://github.com/ST1316/project,C1316,Google Data Analytics,edX,In Progress,I1316,Capgemini,Frontend Intern,3 Months,Not Started,R1316,39,44,9,Modern,Needs Improvement
ST1317,Abeer Wason,dhawananirudh@example.net,VSSUT,Mechanical,4,2027-09-13,7,Wipro,Backend Developer,216,107,49,1696,LeetCode,76,90,74,83,87,P1317,Weather App,Python,Medium,https://github.com/ST1317/project,C1317,Google Data Analytics,Coursera,Completed,I1317,Cognizant,Web Developer Intern,3 Months,Ongoing,R1317,75,78,17,ATS-Friendly,Good
ST1318,Ekapad Hayre,pratyush70@example.net,SOA University,IT,3,2027-12-03,9,TCS,Data Scientist,410,245,96,1925,LeetCode,96,86,99,96,99,P1318,E-Commerce Website,MongoDB,Easy,https://github.com/ST1318/project,C1318,Google Data Analytics,Coursera,In Progress,I1318,Cognizant,Web Developer Intern,6 Months,Completed,R1318,99,93,24,ATS-Friendly,Excellent
ST1319,Ishanvi Rajagopal,saimandal@example.net,KIIT,Mechanical,4,2027-12-01,9,Wipro,Data Analyst,387,262,57,2227,LeetCode,96,89,95,96,97,P1319,Weather App,Java,Hard,https://github.com/ST1319/project,C1319,Cyber Security Essentials,Coursera,Completed,I1319,Accenture,Web Developer Intern,1 Month,Ongoing,R1319,85,91,23,Modern,Excellent
ST1320,Nachiket Nagar,ayushganguly@example.com,SOA University,CSE,4,2027-08-02,5,Adobe,Software Engineer,93,44,14,1570,LeetCode,61,59,57,68,63,P1320,Bank Management System,MySQL,Hard,https://github.com/ST1320/project,C1320,Java Programming,NPTEL,Completed,I1320,Infosys,Cloud Intern,2 Months,Completed,R1320,60,63,14,ATS-Friendly,Average
ST1321,Baghyawati Chada,snatarajan@example.org,IIT Bhubaneswar,IT,3,2027-11-01,4,Google,Data Analyst,128,47,16,1407,LeetCode,71,73,73,73,61,P1321,Library Management System,Java,Medium,https://github.com/ST1321/project,C1321,NPTEL Computer Networks,edX,In Progress,I1321,Microsoft,Backend Intern,6 Months,Ongoing,R1321,68,71,12,ATS-Friendly,Good
ST1322,Ijaya Sen,aradhana40@example.net,SOA University,CSE,4,2027-11-10,7,TCS,Data Analyst,193,177,20,1735,LeetCode,89,86,72,81,74,P1322,Weather App,Django,Easy,https://github.com/ST1322/project,C1322,AWS Cloud Practitioner,edX,Completed,I1322,Cognizant,Cloud Intern,1 Month,Not Started,R1322,80,83,16,ATS-Friendly,Excellent
ST1323,Hiral Barad,hamsini09@example.org,VSSUT,EEE,4,2028-01-12,3,Adobe,Full Stack Developer,37,3,2,1344,LeetCode,51,49,40,43,42,P1323,Hospital Management System,MongoDB,Easy,https://github.com/ST1323/project,C1323,AWS Cloud Practitioner,NPTEL,Completed,I1323,Infosys,Python Developer Intern,2 Months,Ongoing,R1323,53,60,8,ATS-Friendly,Average
ST1324,Fitan Padmanabhan,nandinisodhi@example.org,VSSUT,IT,4,2027-09-15,8,Wipro,Data Analyst,361,205,92,2097,LeetCode,90,99,99,91,98,P1324,Hospital Management System,Node.js,Hard,https://github.com/ST1324/project,C1324,Python for Everybody,NPTEL,Completed,I1324,TCS,Cloud Intern,6 Months,Not Started,R1324,90,90,18,Basic,Excellent
ST1325,Ganga Raghavan,gangulylila@example.org,KIIT,Mechanical,3,2027-11-26,2,Infosys,Software Engineer,19,10,4,1221,LeetCode,44,57,36,38,59,P1325,Movie Recommendation System,MongoDB,Medium,https://github.com/ST1325/project,C1325,Artificial Intelligence Basics,edX,In Progress,I1325,TCS,Software Developer Intern,2 Months,Completed,R1325,30,54,8,Modern,Needs Improvement
ST1326,Madhavi Deshmukh,samarkanda@example.org,VSSUT,EEE,3,2027-09-29,4,Capgemini,Full Stack Developer,107,70,14,1527,LeetCode,75,60,64,61,58,P1326,Placement Prediction System,Python,Easy,https://github.com/ST1326/project,C1326,NPTEL Computer Networks,Coursera,In Progress,I1326,Amazon,Data Analyst Intern,1 Month,Ongoing,R1326,62,60,11,Basic,Average
ST1327,Baghyawati Kar,suratimothy@example.net,VSSUT,IT,3,2027-09-25,4,Oracle,Full Stack Developer,124,40,9,1463,LeetCode,62,60,58,75,56,P1327,Chatbot,MongoDB,Hard,https://github.com/ST1327/project,C1327,NPTEL Computer Networks,Coursera,In Progress,I1327,Amazon,Cloud Intern,3 Months,Not Started,R1327,56,70,13,ATS-Friendly,Average
ST1328,Yashawini Bawa,mkhare@example.org,SOA University,EEE,3,2028-01-17,10,Google,Frontend Developer,321,154,43,2173,LeetCode,85,100,99,93,100,P1328,Weather App,Flask,Medium,https://github.com/ST1328/project,C1328,Artificial Intelligence Basics,GeeksforGeeks,In Progress,I1328,Cognizant,Frontend Intern,6 Months,Not Started,R1328,92,99,20,ATS-Friendly,Excellent
ST1329,Sarthak Kala,dakshesh54@example.net,NIT Rourkela,CSE,3,2027-08-03,7,Oracle,Data Analyst,193,172,35,1789,LeetCode,74,81,88,76,71,P1329,Weather App,Java,Hard,https://github.com/ST1329/project,C1329,NPTEL DBMS,Udemy,In Progress,I1329,Microsoft,Software Developer Intern,2 Months,Completed,R1329,72,80,14,Basic,Good
ST1330,Anya Bora,onveer64@example.net,IIT Bhubaneswar,Mechanical,3,2027-09-25,9,Oracle,Software Engineer,441,169,80,2137,LeetCode,93,99,100,95,86,P1330,Student Management System,FastAPI,Hard,https://github.com/ST1330/project,C1330,Cyber Security Essentials,Udemy,In Progress,I1330,Capgemini,Software Developer Intern,6 Months,Ongoing,R1330,100,94,19,ATS-Friendly,Excellent
ST1331,Gautami Reddy,jasmit86@example.net,NIT Rourkela,EEE,3,2027-09-28,7,Accenture,Data Scientist,212,131,41,1656,LeetCode,90,79,71,72,74,P1331,Expense Tracker,Flask,Medium,https://github.com/ST1331/project,C1331,Cyber Security Essentials,Udemy,In Progress,I1331,Accenture,Backend Intern,6 Months,Ongoing,R1331,73,89,18,Modern,Good
ST1332,Damini Sahota,vsami@example.net,VSSUT,Mechanical,4,2027-12-17,10,Accenture,Data Analyst,380,238,74,1939,LeetCode,87,87,95,91,94,P1332,Attendance Management System,Python,Medium,https://github.com/ST1332/project,C1332,Cyber Security Essentials,Coursera,In Progress,I1332,Capgemini,Backend Intern,6 Months,Ongoing,R1332,90,95,22,ATS-Friendly,Excellent
ST1333,Praneel Ravel,sanya17@example.com,NIT Rourkela,ECE,3,2028-01-06,5,Google,Data Analyst,83,51,13,1411,LeetCode,74,70,63,70,67,P1333,Face Recognition System,MySQL,Easy,https://github.com/ST1333/project,C1333,Google Data Analytics,GeeksforGeeks,In Progress,I1333,TCS,Frontend Intern,3 Months,Ongoing,R1333,60,74,12,Modern,Average
ST1334,Yashoda Sachdev,kapurkashvi@example.com,NIT Rourkela,CSE,3,2027-11-14,6,Microsoft,Data Scientist,207,94,47,1617,LeetCode,79,82,72,75,84,P1334,Placement Prediction System,MySQL,Hard,https://github.com/ST1334/project,C1334,NPTEL Computer Networks,Udemy,In Progress,I1334,Capgemini,ML Intern,6 Months,Ongoing,R1334,75,86,20,ATS-Friendly,Good
ST1335,Tanmayi Ramaswamy,berapratyush@example.com,VSSUT,CSE,4,2027-11-25,10,Microsoft,Full Stack Developer,313,176,85,1881,LeetCode,90,99,85,85,85,P1335,Portfolio Website,MongoDB,Hard,https://github.com/ST1335/project,C1335,SQL for Data Science,NPTEL,Completed,I1335,Google,ML Intern,2 Months,Not Started,R1335,98,89,24,Basic,Excellent
ST1336,Tristan Sangha,ranbirkari@example.net,SOA University,EEE,3,2028-01-06,4,Accenture,Backend Developer,117,49,12,1565,LeetCode,74,65,75,70,74,P1336,Weather App,C++,Easy,https://github.com/ST1336/project,C1336,Artificial Intelligence Basics,NPTEL,In Progress,I1336,Accenture,Python Developer Intern,6 Months,Ongoing,R1336,67,68,15,Modern,Good
ST1337,Joshua Rajagopal,teerth45@example.com,SOA University,IT,4,2027-12-05,3,Capgemini,Frontend Developer,30,28,3,1100,LeetCode,56,59,56,37,49,P1337,Movie Recommendation System,Node.js,Easy,https://github.com/ST1337/project,C1337,Google Data Analytics,Udemy,Completed,I1337,Google,Backend Intern,1 Month,Not Started,R1337,52,47,9,Modern,Average
ST1338,Damyanti Char,wardapillai@example.net,NIT Rourkela,EEE,3,2027-10-20,10,Capgemini,Backend Developer,429,207,44,2095,LeetCode,93,88,87,98,94,P1338,Movie Recommendation System,MySQL,Easy,https://github.com/ST1338/project,C1338,Cyber Security Essentials,GeeksforGeeks,In Progress,I1338,Microsoft,Python Developer Intern,1 Month,Not Started,R1338,96,98,19,Modern,Excellent
ST1339,Gaurika Verma,gavin63@example.org,SOA University,EEE,4,2027-08-13,2,Wipro,ML Engineer,13,2,0,1088,LeetCode,50,46,60,37,53,P1339,Face Recognition System,Flask,Easy,https://github.com/ST1339/project,C1339,Cloud Computing,GeeksforGeeks,Completed,I1339,Oracle,Data Analyst Intern,2 Months,Ongoing,R1339,38,44,8,ATS-Friendly,Needs Improvement
ST1340,Leela Keer,zbali@example.com,SOA University,ECE,3,2027-12-13,8,Accenture,Data Scientist,436,223,94,2013,LeetCode,92,97,86,88,97,P1340,Movie Recommendation System,FastAPI,Medium,https://github.com/ST1340/project,C1340,Cloud Computing,GeeksforGeeks,Completed,I1340,Oracle,Software Developer Intern,1 Month,Not Started,R1340,91,85,19,Basic,Excellent
ST1341,Kiaan Rama,bdora@example.net,VSSUT,Mechanical,3,2027-08-17,8,Oracle,ML Engineer,322,203,89,2005,LeetCode,94,99,91,91,94,P1341,Attendance Management System,MongoDB,Medium,https://github.com/ST1341/project,C1341,Python for Everybody,NPTEL,In Progress,I1341,Amazon,Software Developer Intern,2 Months,Completed,R1341,93,97,20,ATS-Friendly,Excellent
ST1342,Neel De,udalia@example.org,IIT Bhubaneswar,CSE,4,2028-01-20,4,Infosys,Data Analyst,134,66,14,1532,LeetCode,71,66,68,59,69,P1342,Chatbot,Flask,Hard,https://github.com/ST1342/project,C1342,React Development,NPTEL,In Progress,I1342,Wipro,Frontend Intern,2 Months,Not Started,R1342,60,67,14,Basic,Average
ST1343,Divya Bala,srinivasanbanjeet@example.com,NIT Rourkela,ECE,4,2027-09-22,8,Amazon,Software Engineer,267,269,98,2081,LeetCode,85,99,93,91,89,P1343,Portfolio Website,Java,Easy,https://github.com/ST1343/project,C1343,Data Structures and Algorithms,Udemy,In Progress,I1343,Microsoft,Frontend Intern,6 Months,Not Started,R1343,91,90,18,Modern,Excellent
ST1344,Jackson Divan,wshere@example.com,SOA University,CSE,4,2027-10-31,5,Adobe,Full Stack Developer,94,50,7,1486,LeetCode,65,68,58,66,70,P1344,Face Recognition System,Django,Medium,https://github.com/ST1344/project,C1344,Java Programming,Udemy,In Progress,I1344,Accenture,Backend Intern,3 Months,Not Started,R1344,64,74,14,ATS-Friendly,Average
ST1345,Chandani Wali,schoudhary@example.org,SOA University,IT,3,2027-08-18,5,Wipro,Software Engineer,115,59,6,1575,LeetCode,75,72,60,64,75,P1345,Chatbot,Python,Easy,https://github.com/ST1345/project,C1345,Artificial Intelligence Basics,NPTEL,In Progress,I1345,Cognizant,Python Developer Intern,2 Months,Not Started,R1345,59,61,10,ATS-Friendly,Average
ST1346,Vrishti Kuruvilla,meghana84@example.net,NIT Rourkela,CSE,3,2027-09-22,2,Oracle,Data Scientist,69,20,5,1013,LeetCode,35,56,39,56,44,P1346,Expense Tracker,Node.js,Hard,https://github.com/ST1346/project,C1346,Python for Everybody,Coursera,In Progress,I1346,Google,Python Developer Intern,6 Months,Ongoing,R1346,47,56,8,Modern,Needs Improvement
ST1347,Anita Lad,randhawaaishani@example.org,KIIT,ECE,3,2028-01-02,5,Infosys,ML Engineer,115,62,19,1420,LeetCode,59,60,62,59,59,P1347,Library Management System,MySQL,Hard,https://github.com/ST1347/project,C1347,Cloud Computing,Coursera,In Progress,I1347,TCS,Backend Intern,3 Months,Ongoing,R1347,70,63,11,Basic,Good
ST1348,Darsh Purohit,madankashish@example.net,NIT Rourkela,IT,3,2027-08-10,6,Adobe,ML Engineer,202,125,37,1741,LeetCode,82,84,73,82,85,P1348,Hospital Management System,MySQL,Hard,https://github.com/ST1348/project,C1348,NPTEL DBMS,GeeksforGeeks,Completed,I1348,TCS,Python Developer Intern,3 Months,Completed,R1348,70,77,20,Modern,Good
ST1349,Charan Mander,gmallick@example.net,NIT Rourkela,CSE,4,2027-10-15,8,Infosys,Full Stack Developer,376,150,73,2113,LeetCode,94,93,88,96,90,P1349,Face Recognition System,MongoDB,Medium,https://github.com/ST1349/project,C1349,Machine Learning,GeeksforGeeks,Completed,I1349,Accenture,Cloud Intern,6 Months,Completed,R1349,99,89,25,Basic,Excellent
ST1350,Krish Lanka,shivansh64@example.net,VSSUT,CSE,4,2027-09-03,5,Infosys,Data Analyst,107,50,15,1487,LeetCode,57,72,58,62,69,P1350,Face Recognition System,React,Easy,https://github.com/ST1350/project,C1350,NPTEL Computer Networks,Udemy,In Progress,I1350,Accenture,Frontend Intern,2 Months,Completed,R1350,70,60,12,Modern,Good
ST1351,Odika Badami,enarayan@example.org,VSSUT,EEE,3,2027-12-10,6,Wipro,Data Scientist,201,180,28,1749,LeetCode,72,88,75,70,70,P1351,E-Commerce Website,Django,Hard,https://github.com/ST1351/project,C1351,Full Stack Web Development,NPTEL,In Progress,I1351,Oracle,Cloud Intern,6 Months,Not Started,R1351,78,83,18,Modern,Good
ST1352,Aarna Bhatti,nadiggirindra@example.com,KIIT,EEE,3,2027-11-19,8,Amazon,Software Engineer,364,271,87,2217,LeetCode,85,88,99,94,93,P1352,Weather App,Node.js,Easy,https://github.com/ST1352/project,C1352,Java Programming,Coursera,In Progress,I1352,Oracle,Web Developer Intern,3 Months,Completed,R1352,85,95,19,Basic,Excellent
ST1353,Turvi Prabhakar,pchada@example.org,KIIT,EEE,4,2027-12-24,2,Capgemini,Backend Developer,34,0,0,1313,LeetCode,55,47,60,41,49,P1353,Expense Tracker,Flask,Medium,https://github.com/ST1353/project,C1353,Cloud Computing,edX,In Progress,I1353,Amazon,Web Developer Intern,3 Months,Completed,R1353,33,52,9,ATS-Friendly,Needs Improvement
ST1354,Laban Saini,qnath@example.org,SOA University,IT,3,2027-09-23,9,Wipro,Frontend Developer,343,163,84,2091,LeetCode,97,88,88,91,88,P1354,Portfolio Website,Django,Medium,https://github.com/ST1354/project,C1354,NPTEL DBMS,Udemy,Completed,I1354,Microsoft,Python Developer Intern,2 Months,Completed,R1354,85,97,18,Basic,Excellent
ST1355,Kevin Choudhury,abeersachdeva@example.org,IIT Bhubaneswar,Mechanical,3,2027-10-24,8,Infosys,Software Engineer,369,227,51,2102,LeetCode,92,96,93,99,94,P1355,Weather App,Java,Medium,https://github.com/ST1355/project,C1355,NPTEL Computer Networks,Udemy,Completed,I1355,Infosys,Frontend Intern,6 Months,Not Started,R1355,95,89,18,Modern,Excellent
ST1356,Hredhaan Dada,chandransanya@example.org,IIT Bhubaneswar,CSE,4,2028-01-27,10,Capgemini,Data Scientist,308,201,65,1949,LeetCode,96,86,88,97,87,P1356,Online Quiz System,Node.js,Medium,https://github.com/ST1356/project,C1356,Machine Learning,Udemy,In Progress,I1356,Wipro,Frontend Intern,6 Months,Completed,R1356,89,94,19,ATS-Friendly,Excellent
ST1357,Hemal Sagar,tpradhan@example.org,VSSUT,Mechanical,4,2027-10-04,5,Microsoft,Software Engineer,119,45,8,1513,LeetCode,61,57,62,71,63,P1357,Hospital Management System,Java,Medium,https://github.com/ST1357/project,C1357,Google Data Analytics,Coursera,In Progress,I1357,Accenture,Cloud Intern,3 Months,Completed,R1357,58,62,15,Basic,Average
ST1358,Mason Rai,arin56@example.org,IIT Bhubaneswar,ECE,4,2028-01-14,9,Microsoft,Software Engineer,356,167,83,2207,LeetCode,94,96,87,91,97,P1358,Placement Prediction System,Node.js,Easy,https://github.com/ST1358/project,C1358,Machine Learning,edX,In Progress,I1358,Oracle,Data Analyst Intern,1 Month,Not Started,R1358,100,100,23,Modern,Excellent
ST1359,Barkha Chaudhuri,ebalay@example.net,KIIT,IT,4,2027-10-17,6,Adobe,Software Engineer,222,125,42,1789,LeetCode,84,74,87,80,71,P1359,AI Resume Analyzer,MongoDB,Hard,https://github.com/ST1359/project,C1359,Python Programming,Coursera,In Progress,I1359,Accenture,Data Analyst Intern,2 Months,Completed,R1359,79,86,20,ATS-Friendly,Good
ST1360,Vivaan Hayer,vasudhamurthy@example.org,KIIT,IT,3,2027-08-30,10,Wipro,ML Engineer,256,229,42,1876,LeetCode,96,88,87,89,89,P1360,Bank Management System,Python,Medium,https://github.com/ST1360/project,C1360,Artificial Intelligence Basics,Coursera,In Progress,I1360,Accenture,ML Intern,3 Months,Completed,R1360,96,100,19,ATS-Friendly,Excellent
ST1361,Jeremiah Shukla,qoak@example.net,VSSUT,EEE,3,2027-08-22,6,Accenture,ML Engineer,187,154,37,1703,LeetCode,89,86,82,74,89,P1361,Expense Tracker,FastAPI,Hard,https://github.com/ST1361/project,C1361,AWS Cloud Practitioner,GeeksforGeeks,Completed,I1361,Capgemini,Data Analyst Intern,3 Months,Completed,R1361,73,88,20,Modern,Good
ST1362,Fariq Cherian,mukhopadhyayridhi@example.com,KIIT,IT,3,2027-10-14,2,Amazon,Software Engineer,72,4,5,1259,LeetCode,58,53,54,37,54,P1362,Student Management System,C++,Hard,https://github.com/ST1362/project,C1362,Full Stack Web Development,NPTEL,In Progress,I1362,Accenture,Web Developer Intern,2 Months,Completed,R1362,42,55,5,Basic,Needs Improvement
ST1363,David Bava,wissac@example.net,KIIT,EEE,4,2027-10-31,6,Capgemini,Data Scientist,229,144,37,1602,LeetCode,86,73,86,81,85,P1363,AI Resume Analyzer,MongoDB,Hard,https://github.com/ST1363/project,C1363,Python Programming,GeeksforGeeks,Completed,I1363,Wipro,Python Developer Intern,1 Month,Not Started,R1363,70,83,17,ATS-Friendly,Good
ST1364,Zinal Agrawal,chasmumrout@example.org,NIT Rourkela,Mechanical,4,2027-09-12,10,Amazon,Data Scientist,386,283,91,2233,LeetCode,85,91,87,92,96,P1364,Weather App,MySQL,Easy,https://github.com/ST1364/project,C1364,Full Stack Web Development,Coursera,Completed,I1364,Accenture,Cloud Intern,1 Month,Completed,R1364,86,96,24,Modern,Excellent
ST1365,Abeer Maharaj,nagarwal@example.net,IIT Bhubaneswar,CSE,4,2027-11-05,5,Amazon,ML Engineer,89,60,8,1453,LeetCode,60,55,59,70,66,P1365,AI Resume Analyzer,C++,Easy,https://github.com/ST1365/project,C1365,AWS Cloud Practitioner,edX,In Progress,I1365,Google,Python Developer Intern,3 Months,Ongoing,R1365,66,73,13,Basic,Good
ST1366,Ryan Sankaran,nicholasdar@example.com,KIIT,CSE,3,2027-12-30,3,TCS,Frontend Developer,57,30,4,1275,LeetCode,36,58,40,58,49,P1366,Student Management System,Node.js,Hard,https://github.com/ST1366/project,C1366,Python for Everybody,NPTEL,In Progress,I1366,Oracle,Python Developer Intern,6 Months,Completed,R1366,52,42,7,Modern,Average
ST1367,Krish Kota,jagdish72@example.org,IIT Bhubaneswar,IT,3,2027-12-03,7,Infosys,ML Engineer,221,156,35,1661,LeetCode,88,85,86,82,82,P1367,E-Commerce Website,FastAPI,Easy,https://github.com/ST1367/project,C1367,Data Structures and Algorithms,Coursera,In Progress,I1367,Infosys,Frontend Intern,1 Month,Completed,R1367,81,82,18,ATS-Friendly,Excellent
ST1368,Hemani Pandey,fdubey@example.org,VSSUT,EEE,3,2027-11-09,5,Adobe,Data Analyst,88,64,17,1508,LeetCode,71,67,69,72,67,P1368,Library Management System,Python,Hard,https://github.com/ST1368/project,C1368,React Development,Udemy,In Progress,I1368,Oracle,Cloud Intern,6 Months,Not Started,R1368,70,61,10,Basic,Good
ST1369,Aadhya Bahl,gsinha@example.net,NIT Rourkela,CSE,4,2027-10-15,10,Accenture,Full Stack Developer,359,171,60,2088,LeetCode,96,100,91,85,96,P1369,Weather App,React,Hard,https://github.com/ST1369/project,C1369,Google Data Analytics,Udemy,Completed,I1369,Oracle,Frontend Intern,2 Months,Ongoing,R1369,86,95,23,Basic,Excellent
ST1370,Inaya Bali,lakshgopal@example.com,KIIT,EEE,3,2027-09-09,5,Microsoft,Data Analyst,130,33,17,1433,LeetCode,73,73,56,62,55,P1370,Movie Recommendation System,C++,Hard,https://github.com/ST1370/project,C1370,React Development,NPTEL,In Progress,I1370,TCS,Cloud Intern,2 Months,Completed,R1370,55,68,10,ATS-Friendly,Average
ST1371,Jatin Kulkarni,xpai@example.net,SOA University,CSE,4,2028-01-09,4,TCS,Full Stack Developer,132,55,6,1538,LeetCode,71,60,58,59,64,P1371,Movie Recommendation System,Python,Easy,https://github.com/ST1371/project,C1371,Artificial Intelligence Basics,GeeksforGeeks,Completed,I1371,TCS,Data Analyst Intern,2 Months,Ongoing,R1371,58,70,14,Basic,Average
ST1372,Manya Som,goyalleela@example.com,NIT Rourkela,EEE,4,2027-08-07,4,Adobe,Full Stack Developer,88,70,8,1459,LeetCode,73,55,70,62,67,P1372,Bank Management System,Python,Easy,https://github.com/ST1372/project,C1372,Full Stack Web Development,Coursera,Completed,I1372,Infosys,Data Analyst Intern,2 Months,Not Started,R1372,55,60,15,Modern,Average
ST1373,Naveen Date,jparsa@example.com,SOA University,CSE,3,2027-09-24,10,Microsoft,Data Analyst,393,158,52,1913,LeetCode,98,92,87,98,95,P1373,Weather App,C++,Medium,https://github.com/ST1373/project,C1373,Artificial Intelligence Basics,Udemy,In Progress,I1373,TCS,Software Developer Intern,3 Months,Completed,R1373,95,86,24,Basic,Excellent
ST1374,Hritik Desai,vamakshigulati@example.net,KIIT,IT,4,2027-08-12,2,Adobe,ML Engineer,71,25,4,1204,LeetCode,53,52,35,51,40,P1374,AI Resume Analyzer,C++,Hard,https://github.com/ST1374/project,C1374,NPTEL DBMS,Coursera,In Progress,I1374,Microsoft,Frontend Intern,1 Month,Ongoing,R1374,42,44,9,ATS-Friendly,Needs Improvement
ST1375,Oeshi Vasa,riya72@example.com,KIIT,Mechanical,4,2027-08-21,7,Capgemini,ML Engineer,238,85,36,1771,LeetCode,79,84,87,77,80,P1375,Online Quiz System,FastAPI,Easy,https://github.com/ST1375/project,C1375,Python Programming,Coursera,In Progress,I1375,Microsoft,Software Developer Intern,1 Month,Ongoing,R1375,83,80,20,Basic,Excellent
ST1376,Samaksh Kanda,nattmitesh@example.net,NIT Rourkela,IT,3,2027-11-28,4,Microsoft,ML Engineer,132,51,18,1533,LeetCode,66,66,73,65,70,P1376,Placement Prediction System,Java,Hard,https://github.com/ST1376/project,C1376,Python Programming,GeeksforGeeks,In Progress,I1376,Capgemini,Web Developer Intern,3 Months,Completed,R1376,59,75,11,Modern,Average
ST1377,Pallavi Sachdev,semalexander@example.com,KIIT,Mechanical,4,2028-01-10,5,Oracle,Backend Developer,105,48,14,1564,LeetCode,59,57,72,71,60,P1377,Hospital Management System,Django,Hard,https://github.com/ST1377/project,C1377,Cyber Security Essentials,edX,In Progress,I1377,TCS,Data Analyst Intern,1 Month,Completed,R1377,60,72,11,Basic,Average
ST1378,Atharv Dara,tbava@example.org,VSSUT,Mechanical,3,2027-10-06,6,Google,Backend Developer,212,150,50,1765,LeetCode,82,70,78,75,86,P1378,Placement Prediction System,Python,Hard,https://github.com/ST1378/project,C1378,NPTEL Computer Networks,Coursera,Completed,I1378,Oracle,ML Intern,6 Months,Ongoing,R1378,75,87,15,Basic,Good
ST1379,Aarna Kar,geetikaanand@example.net,IIT Bhubaneswar,IT,3,2027-12-06,2,Accenture,Software Engineer,27,1,5,1367,LeetCode,49,54,57,35,40,P1379,Expense Tracker,FastAPI,Hard,https://github.com/ST1379/project,C1379,Python for Everybody,Coursera,In Progress,I1379,TCS,ML Intern,6 Months,Completed,R1379,40,44,9,Basic,Needs Improvement
ST1380,Frado Patil,trivenimaster@example.org,KIIT,CSE,3,2027-10-17,6,Accenture,ML Engineer,203,146,45,1751,LeetCode,89,88,85,88,70,P1380,Expense Tracker,Java,Hard,https://github.com/ST1380/project,C1380,Artificial Intelligence Basics,Coursera,In Progress,I1380,Google,Cloud Intern,6 Months,Completed,R1380,85,88,17,Modern,Excellent
ST1381,Jagdish Mall,rajugaurangi@example.org,IIT Bhubaneswar,CSE,3,2027-09-29,7,Google,Backend Developer,239,124,21,1639,LeetCode,88,73,89,70,78,P1381,Placement Prediction System,Django,Easy,https://github.com/ST1381/project,C1381,React Development,Coursera,In Progress,I1381,Microsoft,Python Developer Intern,3 Months,Not Started,R1381,83,86,16,Basic,Excellent
ST1382,Nicholas Ravel,hegdehema@example.net,SOA University,Mechanical,4,2027-11-22,3,Wipro,Data Analyst,10,14,2,1093,LeetCode,43,39,40,42,41,P1382,Portfolio Website,Django,Easy,https://github.com/ST1382/project,C1382,NPTEL Computer Networks,Coursera,In Progress,I1382,TCS,Data Analyst Intern,1 Month,Ongoing,R1382,44,60,10,Basic,Needs Improvement
ST1383,Samuel Buch,ybadal@example.net,SOA University,IT,4,2027-08-16,10,Amazon,Frontend Developer,370,281,98,2286,LeetCode,97,89,91,87,96,P1383,Face Recognition System,C++,Hard,https://github.com/ST1383/project,C1383,SQL for Data Science,NPTEL,Completed,I1383,Cognizant,Frontend Intern,3 Months,Ongoing,R1383,100,94,22,Basic,Excellent
ST1384,Osha Reddy,chanchalsabharwal@example.org,KIIT,IT,3,2028-01-07,2,Google,Software Engineer,11,6,3,1167,LeetCode,56,41,49,55,53,P1384,AI Resume Analyzer,Flask,Medium,https://github.com/ST1384/project,C1384,Python Programming,NPTEL,In Progress,I1384,Infosys,ML Intern,3 Months,Completed,R1384,49,40,8,ATS-Friendly,Needs Improvement
ST1385,Pratyush Varma,zehaansant@example.net,VSSUT,Mechanical,3,2027-10-27,7,Wipro,Data Analyst,224,161,44,1610,LeetCode,89,74,78,71,81,P1385,Online Quiz System,Python,Easy,https://github.com/ST1385/project,C1385,Java Programming,Coursera,In Progress,I1385,Accenture,Data Analyst Intern,2 Months,Completed,R1385,70,75,20,Modern,Good
ST1386,Tanmayi Sharaf,xbobal@example.com,VSSUT,EEE,4,2027-12-18,6,Adobe,Full Stack Developer,225,161,35,1764,LeetCode,71,73,75,81,85,P1386,Bank Management System,Python,Medium,https://github.com/ST1386/project,C1386,Full Stack Web Development,Coursera,In Progress,I1386,Wipro,Web Developer Intern,6 Months,Not Started,R1386,73,81,17,Modern,Good
ST1387,Amara Kothari,hemang92@example.com,IIT Bhubaneswar,CSE,3,2027-09-28,2,Infosys,ML Engineer,28,12,3,1124,LeetCode,60,37,47,53,60,P1387,E-Commerce Website,React,Hard,https://github.com/ST1387/project,C1387,Data Structures and Algorithms,Udemy,Completed,I1387,Google,Python Developer Intern,6 Months,Not Started,R1387,48,59,6,Modern,Needs Improvement
ST1388,Ayush Manda,harita55@example.com,IIT Bhubaneswar,EEE,3,2028-01-28,4,Oracle,Data Scientist,137,70,6,1488,LeetCode,66,58,62,67,57,P1388,Movie Recommendation System,Java,Easy,https://github.com/ST1388/project,C1388,Artificial Intelligence Basics,GeeksforGeeks,In Progress,I1388,Capgemini,Software Developer Intern,3 Months,Not Started,R1388,60,75,10,ATS-Friendly,Average
ST1389,Aarav Chana,davidyohannan@example.com,SOA University,CSE,3,2027-12-11,5,Oracle,Frontend Developer,134,37,15,1430,LeetCode,60,65,75,57,70,P1389,AI Resume Analyzer,Python,Hard,https://github.com/ST1389/project,C1389,Google Data Analytics,NPTEL,In Progress,I1389,Capgemini,Backend Intern,3 Months,Not Started,R1389,58,61,10,Modern,Average
ST1390,Avni Soman,varshakeer@example.com,SOA University,IT,4,2027-11-11,10,Microsoft,Full Stack Developer,367,163,55,1869,LeetCode,96,97,98,99,96,P1390,Weather App,Python,Hard,https://github.com/ST1390/project,C1390,React Development,Coursera,Completed,I1390,Accenture,ML Intern,2 Months,Ongoing,R1390,89,99,22,ATS-Friendly,Excellent
ST1391,Pallavi Char,mkurian@example.com,SOA University,CSE,3,2027-12-27,8,Adobe,Frontend Developer,353,231,85,1858,LeetCode,85,98,98,91,100,P1391,E-Commerce Website,Node.js,Easy,https://github.com/ST1391/project,C1391,Data Structures and Algorithms,GeeksforGeeks,In Progress,I1391,Cognizant,Web Developer Intern,2 Months,Not Started,R1391,96,97,22,Modern,Excellent
ST1392,Irya Krishnan,tanvikrishna@example.net,SOA University,IT,3,2027-09-28,3,Infosys,Software Engineer,37,30,3,1307,LeetCode,35,55,51,35,40,P1392,Movie Recommendation System,Java,Medium,https://github.com/ST1392/project,C1392,Java Programming,GeeksforGeeks,In Progress,I1392,Cognizant,ML Intern,1 Month,Completed,R1392,32,55,8,ATS-Friendly,Needs Improvement
ST1393,Chakradhar Palla,oliver66@example.net,KIIT,CSE,4,2027-09-05,5,Wipro,ML Engineer,144,75,11,1541,LeetCode,66,63,75,67,58,P1393,Chatbot,Java,Medium,https://github.com/ST1393/project,C1393,Cloud Computing,Udemy,Completed,I1393,Google,Frontend Intern,1 Month,Ongoing,R1393,65,67,14,Basic,Good
ST1394,Darika Srinivas,ychana@example.net,KIIT,ECE,3,2027-10-26,4,Amazon,Data Scientist,109,75,16,1495,LeetCode,68,69,62,68,57,P1394,Movie Recommendation System,C++,Hard,https://github.com/ST1394/project,C1394,NPTEL Computer Networks,Coursera,Completed,I1394,TCS,Cloud Intern,2 Months,Not Started,R1394,63,75,13,ATS-Friendly,Average
ST1395,Onveer Sachar,liam97@example.net,IIT Bhubaneswar,IT,4,2027-12-15,4,Amazon,Full Stack Developer,124,68,6,1546,LeetCode,68,56,64,73,57,P1395,Chatbot,Java,Medium,https://github.com/ST1395/project,C1395,React Development,NPTEL,Completed,I1395,Accenture,Backend Intern,6 Months,Ongoing,R1395,60,70,12,Modern,Average
ST1396,Rachana Chanda,tristan85@example.net,NIT Rourkela,IT,3,2027-10-01,7,Google,Frontend Developer,178,116,22,1723,LeetCode,70,74,70,79,89,P1396,Student Management System,React,Hard,https://github.com/ST1396/project,C1396,Cyber Security Essentials,Coursera,In Progress,I1396,Google,Backend Intern,6 Months,Completed,R1396,78,80,14,Basic,Good
ST1397,Champak Manne,aishani75@example.com,IIT Bhubaneswar,ECE,3,2027-09-27,5,TCS,ML Engineer,80,54,14,1518,LeetCode,64,74,68,70,64,P1397,Library Management System,React,Easy,https://github.com/ST1397/project,C1397,Cloud Computing,NPTEL,In Progress,I1397,Infosys,Backend Intern,6 Months,Completed,R1397,61,65,15,Modern,Average
ST1398,Urvashi Zacharia,manthanpatel@example.net,VSSUT,ECE,3,2027-10-31,6,Infosys,Full Stack Developer,201,163,39,1798,LeetCode,78,71,79,84,82,P1398,Portfolio Website,MongoDB,Hard,https://github.com/ST1398/project,C1398,Cyber Security Essentials,Coursera,In Progress,I1398,Wipro,Data Analyst Intern,1 Month,Completed,R1398,78,82,17,ATS-Friendly,Good
ST1399,Logan Prabhakar,anjalidas@example.org,NIT Rourkela,Mechanical,3,2027-10-13,8,Infosys,Full Stack Developer,428,241,99,2214,LeetCode,93,93,92,93,87,P1399,Hospital Management System,FastAPI,Easy,https://github.com/ST1399/project,C1399,Full Stack Web Development,NPTEL,In Progress,I1399,Google,ML Intern,6 Months,Not Started,R1399,97,95,25,Modern,Excellent
ST1400,Gavin Dara,ekbal19@example.com,KIIT,ECE,4,2027-09-21,4,Amazon,Frontend Developer,131,64,18,1486,LeetCode,74,67,59,58,75,P1400,Hospital Management System,Python,Hard,https://github.com/ST1400/project,C1400,AWS Cloud Practitioner,NPTEL,Completed,I1400,Amazon,Web Developer Intern,2 Months,Ongoing,R1400,55,75,15,ATS-Friendly,Average
ST1401,Laksh Mander,dalaja51@example.com,VSSUT,EEE,4,2027-12-03,8,Microsoft,Data Analyst,285,197,53,2061,LeetCode,93,95,90,100,93,P1401,Bank Management System,React,Hard,https://github.com/ST1401/project,C1401,Python Programming,Udemy,Completed,I1401,Wipro,Data Analyst Intern,1 Month,Not Started,R1401,97,87,20,Modern,Excellent
ST1402,Balendra Madan,barkhaparekh@example.com,KIIT,Mechanical,4,2027-10-11,7,Adobe,Frontend Developer,236,92,29,1684,LeetCode,85,85,79,78,83,P1402,Chatbot,Python,Hard,https://github.com/ST1402/project,C1402,Google Data Analytics,Coursera,Completed,I1402,Capgemini,Frontend Intern,1 Month,Completed,R1402,75,76,20,Basic,Good
ST1403,George Dayal,balveerjaggi@example.org,VSSUT,ECE,4,2027-09-07,4,Oracle,ML Engineer,95,31,8,1543,LeetCode,58,57,64,57,59,P1403,Online Quiz System,React,Medium,https://github.com/ST1403/project,C1403,NPTEL DBMS,Udemy,Completed,I1403,Infosys,Cloud Intern,3 Months,Completed,R1403,58,62,11,Basic,Average
ST1404,Ria Master,kkari@example.net,IIT Bhubaneswar,CSE,3,2027-08-08,3,Wipro,Backend Developer,34,16,1,1032,LeetCode,36,47,43,56,38,P1404,Face Recognition System,MongoDB,Hard,https://github.com/ST1404/project,C1404,SQL for Data Science,Udemy,In Progress,I1404,Wipro,Data Analyst Intern,6 Months,Completed,R1404,49,59,9,Modern,Needs Improvement
ST1405,Kashvi Sunder,karamaanas@example.net,KIIT,ECE,4,2027-12-31,6,Capgemini,Frontend Developer,205,140,22,1624,LeetCode,82,73,85,85,73,P1405,AI Resume Analyzer,Node.js,Medium,https://github.com/ST1405/project,C1405,Machine Learning,GeeksforGeeks,Completed,I1405,Amazon,ML Intern,2 Months,Ongoing,R1405,79,80,17,ATS-Friendly,Good
ST1406,Keya Kala,bediyasti@example.net,NIT Rourkela,IT,4,2027-09-05,2,Amazon,Frontend Developer,28,1,5,1038,LeetCode,57,50,44,51,39,P1406,Movie Recommendation System,React,Medium,https://github.com/ST1406/project,C1406,React Development,edX,In Progress,I1406,Wipro,Frontend Intern,3 Months,Completed,R1406,38,59,5,ATS-Friendly,Needs Improvement
ST1407,Aahana Mohanty,rkapadia@example.org,VSSUT,EEE,3,2027-08-01,2,Oracle,Frontend Developer,47,11,3,1021,LeetCode,38,49,59,54,58,P1407,Chatbot,Flask,Easy,https://github.com/ST1407/project,C1407,SQL for Data Science,NPTEL,Completed,I1407,Accenture,Python Developer Intern,6 Months,Ongoing,R1407,55,59,6,ATS-Friendly,Average
ST1408,Urvashi Om,wriddhishsahni@example.com,NIT Rourkela,ECE,4,2027-09-04,7,Accenture,Backend Developer,164,105,36,1763,LeetCode,70,88,88,89,78,P1408,Bank Management System,MongoDB,Medium,https://github.com/ST1408/project,C1408,Google Data Analytics,Coursera,Completed,I1408,Google,Software Developer Intern,6 Months,Not Started,R1408,85,90,17,Basic,Excellent
ST1409,Shivani Sridhar,khalsakavya@example.net,VSSUT,EEE,3,2027-12-28,5,Google,ML Engineer,132,38,11,1499,LeetCode,56,61,61,56,75,P1409,Hospital Management System,C++,Hard,https://github.com/ST1409/project,C1409,NPTEL DBMS,Udemy,Completed,I1409,Cognizant,Frontend Intern,2 Months,Ongoing,R1409,57,64,14,ATS-Friendly,Average
ST1410,Samaksh Korpal,znatarajan@example.net,VSSUT,Mechanical,4,2027-12-04,6,Adobe,Backend Developer,178,92,34,1790,LeetCode,81,77,89,89,75,P1410,Attendance Management System,MongoDB,Hard,https://github.com/ST1410/project,C1410,Python for Everybody,Coursera,In Progress,I1410,Oracle,Software Developer Intern,3 Months,Not Started,R1410,78,80,17,Modern,Good
ST1411,Udant Shan,ssami@example.net,NIT Rourkela,EEE,4,2027-09-30,6,TCS,Data Scientist,237,162,31,1791,LeetCode,77,82,77,81,85,P1411,Placement Prediction System,React,Medium,https://github.com/ST1411/project,C1411,AWS Cloud Practitioner,NPTEL,Completed,I1411,Wipro,Python Developer Intern,1 Month,Ongoing,R1411,71,82,18,Basic,Good
ST1412,Om Dar,fdivan@example.org,SOA University,EEE,4,2027-08-16,3,Amazon,Full Stack Developer,79,22,0,1018,LeetCode,53,43,59,35,53,P1412,E-Commerce Website,Java,Easy,https://github.com/ST1412/project,C1412,SQL for Data Science,NPTEL,Completed,I1412,Google,ML Intern,1 Month,Completed,R1412,36,54,8,Basic,Needs Improvement
ST1413,Saanvi Arya,senguptaaishani@example.com,NIT Rourkela,IT,3,2028-01-24,7,Oracle,Backend Developer,202,82,50,1796,LeetCode,70,86,74,87,72,P1413,Hospital Management System,Node.js,Hard,https://github.com/ST1413/project,C1413,React Development,Coursera,Completed,I1413,Microsoft,ML Intern,1 Month,Not Started,R1413,81,90,16,Modern,Excellent
ST1414,Charita Kar,dvarma@example.org,VSSUT,IT,3,2027-11-19,2,Oracle,Frontend Developer,65,1,3,1337,LeetCode,58,39,36,59,53,P1414,Library Management System,C++,Medium,https://github.com/ST1414/project,C1414,Python for Everybody,edX,In Progress,I1414,Amazon,Frontend Intern,6 Months,Ongoing,R1414,53,42,8,Modern,Average
ST1415,Neha Buch,lakshmiparikh@example.org,KIIT,IT,4,2027-12-02,2,Amazon,Frontend Developer,57,11,4,1213,LeetCode,52,51,35,36,54,P1415,Bank Management System,FastAPI,Hard,https://github.com/ST1415/project,C1415,Google Data Analytics,GeeksforGeeks,In Progress,I1415,Oracle,Python Developer Intern,6 Months,Completed,R1415,40,56,8,Modern,Needs Improvement
ST1416,Raksha Thakkar,barmanayushman@example.com,SOA University,IT,4,2028-01-23,10,Microsoft,Data Scientist,311,253,89,1897,LeetCode,99,90,95,88,99,P1416,Attendance Management System,React,Medium,https://github.com/ST1416/project,C1416,Cyber Security Essentials,Coursera,Completed,I1416,Amazon,Software Developer Intern,1 Month,Ongoing,R1416,93,93,21,Modern,Excellent
ST1417,Megha Narayanan,hmalhotra@example.com,SOA University,Mechanical,4,2027-12-29,9,Adobe,Data Scientist,293,195,53,2279,LeetCode,99,99,86,98,90,P1417,Online Quiz System,Node.js,Hard,https://github.com/ST1417/project,C1417,Data Structures and Algorithms,Coursera,Completed,I1417,Infosys,Web Developer Intern,6 Months,Ongoing,R1417,87,99,25,Basic,Excellent
ST1418,Ayush Chopra,charan33@example.net,IIT Bhubaneswar,IT,3,2027-11-04,8,Oracle,Data Scientist,290,172,62,2035,LeetCode,97,99,91,88,99,P1418,Online Quiz System,C++,Easy,https://github.com/ST1418/project,C1418,AWS Cloud Practitioner,edX,In Progress,I1418,Wipro,Software Developer Intern,6 Months,Not Started,R1418,90,86,25,ATS-Friendly,Excellent
ST1419,Vanya Khurana,hritikdara@example.net,VSSUT,IT,4,2027-08-27,8,TCS,Data Analyst,344,151,93,2172,LeetCode,99,90,98,95,95,P1419,E-Commerce Website,C++,Hard,https://github.com/ST1419/project,C1419,Cyber Security Essentials,NPTEL,Completed,I1419,Infosys,Python Developer Intern,1 Month,Ongoing,R1419,90,86,21,Basic,Excellent
ST1420,Kala Bal,tanmayi54@example.com,KIIT,EEE,3,2028-01-28,3,Oracle,Software Engineer,50,20,1,1396,LeetCode,57,44,55,60,46,P1420,Hospital Management System,Python,Hard,https://github.com/ST1420/project,C1420,NPTEL DBMS,Udemy,In Progress,I1420,Cognizant,ML Intern,2 Months,Ongoing,R1420,46,50,9,Modern,Needs Improvement
ST1421,Simon Loyal,gayathri47@example.net,KIIT,ECE,3,2028-01-12,2,Capgemini,Full Stack Developer,59,9,5,1083,LeetCode,55,60,49,49,46,P1421,Hospital Management System,FastAPI,Hard,https://github.com/ST1421/project,C1421,NPTEL DBMS,Coursera,Completed,I1421,Oracle,Cloud Intern,3 Months,Not Started,R1421,36,43,10,Basic,Needs Improvement
ST1422,Bhavani Chowdhury,smunshi@example.org,VSSUT,Mechanical,3,2027-08-21,4,Capgemini,ML Engineer,127,63,18,1543,LeetCode,68,60,66,73,63,P1422,Bank Management System,Django,Hard,https://github.com/ST1422/project,C1422,Google Data Analytics,GeeksforGeeks,Completed,I1422,Google,ML Intern,6 Months,Ongoing,R1422,65,67,14,Basic,Good
ST1423,Maanav Sandhu,naidusanya@example.org,KIIT,IT,4,2027-10-26,4,Wipro,Software Engineer,129,55,15,1440,LeetCode,59,57,67,68,58,P1423,Online Quiz System,C++,Easy,https://github.com/ST1423/project,C1423,Machine Learning,Udemy,In Progress,I1423,Microsoft,Python Developer Intern,1 Month,Completed,R1423,61,66,12,ATS-Friendly,Average
ST1424,Idika Krish,girindra14@example.net,SOA University,IT,4,2027-12-26,8,Microsoft,Backend Developer,433,294,92,2082,LeetCode,91,93,97,97,95,P1424,Face Recognition System,Java,Hard,https://github.com/ST1424/project,C1424,Python for Everybody,Udemy,Completed,I1424,Google,Cloud Intern,2 Months,Completed,R1424,95,86,21,Modern,Excellent
ST1425,Dhriti Batta,iryamane@example.com,NIT Rourkela,CSE,3,2027-09-12,8,TCS,Software Engineer,343,261,58,1921,LeetCode,87,94,98,89,85,P1425,Hospital Management System,Flask,Hard,https://github.com/ST1425/project,C1425,Google Data Analytics,edX,In Progress,I1425,Cognizant,Python Developer Intern,6 Months,Ongoing,R1425,95,97,23,ATS-Friendly,Excellent
ST1426,Jagvi Radhakrishnan,kalpit52@example.org,SOA University,IT,3,2027-08-19,5,Microsoft,Data Scientist,136,58,7,1529,LeetCode,63,65,62,68,62,P1426,E-Commerce Website,Python,Hard,https://github.com/ST1426/project,C1426,SQL for Data Science,Udemy,Completed,I1426,Google,Backend Intern,3 Months,Completed,R1426,55,63,13,ATS-Friendly,Average
ST1427,Dominic Sahni,oscarsha@example.net,VSSUT,EEE,4,2027-10-13,10,TCS,Data Scientist,439,176,68,2293,LeetCode,86,95,88,90,90,P1427,E-Commerce Website,MongoDB,Medium,https://github.com/ST1427/project,C1427,NPTEL DBMS,GeeksforGeeks,Completed,I1427,Wipro,ML Intern,3 Months,Completed,R1427,90,92,23,Modern,Excellent
ST1428,Hardik Wadhwa,xitiloke@example.com,VSSUT,EEE,4,2027-12-20,6,Oracle,Software Engineer,201,136,33,1754,LeetCode,78,87,85,73,88,P1428,Hospital Management System,Node.js,Easy,https://github.com/ST1428/project,C1428,AWS Cloud Practitioner,edX,In Progress,I1428,Amazon,Frontend Intern,3 Months,Completed,R1428,70,85,15,Basic,Good
ST1429,Raagini Rau,qbandi@example.org,VSSUT,Mechanical,3,2027-12-16,3,Infosys,Software Engineer,33,0,5,1281,LeetCode,35,44,38,53,38,P1429,Hospital Management System,FastAPI,Hard,https://github.com/ST1429/project,C1429,AWS Cloud Practitioner,GeeksforGeeks,In Progress,I1429,TCS,Data Analyst Intern,6 Months,Ongoing,R1429,46,60,8,ATS-Friendly,Needs Improvement
ST1430,Praneel Bora,sidhubaghyawati@example.net,KIIT,EEE,4,2028-01-24,3,Google,Frontend Developer,35,12,4,1268,LeetCode,40,43,36,46,41,P1430,Chatbot,Node.js,Hard,https://github.com/ST1430/project,C1430,Data Structures and Algorithms,Coursera,Completed,I1430,Cognizant,ML Intern,6 Months,Ongoing,R1430,31,53,7,Modern,Needs Improvement
ST1431,Advika Srinivas,narangvrinda@example.net,NIT Rourkela,Mechanical,3,2027-09-04,9,Oracle,Backend Developer,293,194,53,1942,LeetCode,96,87,100,92,95,P1431,Library Management System,Python,Medium,https://github.com/ST1431/project,C1431,Cyber Security Essentials,GeeksforGeeks,In Progress,I1431,Cognizant,Python Developer Intern,2 Months,Completed,R1431,88,93,20,Modern,Excellent
ST1432,Tanvi Deshmukh,charadya@example.org,KIIT,Mechanical,4,2027-11-10,2,Wipro,Full Stack Developer,55,3,5,1107,LeetCode,59,42,46,36,41,P1432,Bank Management System,C++,Medium,https://github.com/ST1432/project,C1432,NPTEL Computer Networks,NPTEL,In Progress,I1432,Microsoft,Backend Intern,1 Month,Ongoing,R1432,31,41,10,Basic,Needs Improvement
ST1433,Harrison Sehgal,aryan67@example.org,SOA University,IT,3,2027-09-16,6,Oracle,ML Engineer,233,134,34,1625,LeetCode,86,77,84,79,86,P1433,Online Quiz System,Java,Easy,https://github.com/ST1433/project,C1433,Python Programming,Coursera,In Progress,I1433,Amazon,Data Analyst Intern,1 Month,Not Started,R1433,80,80,17,Modern,Excellent
ST1434,Faraj Raval,hkrishnamurthy@example.com,IIT Bhubaneswar,EEE,3,2027-11-04,10,Microsoft,Data Analyst,390,258,90,2090,LeetCode,85,89,87,86,93,P1434,Online Quiz System,MySQL,Easy,https://github.com/ST1434/project,C1434,AWS Cloud Practitioner,NPTEL,Completed,I1434,Wipro,Frontend Intern,3 Months,Not Started,R1434,88,99,18,Basic,Excellent
ST1435,Rachita Karan,npandya@example.com,SOA University,EEE,3,2028-01-20,9,TCS,Full Stack Developer,360,164,79,1806,LeetCode,94,95,86,97,89,P1435,Student Management System,Flask,Hard,https://github.com/ST1435/project,C1435,Cyber Security Essentials,Coursera,Completed,I1435,Amazon,Data Analyst Intern,6 Months,Completed,R1435,97,97,19,Modern,Excellent
ST1436,Kritika Kapoor,orinderverma@example.com,VSSUT,ECE,4,2027-09-12,10,Microsoft,Frontend Developer,323,165,66,2129,LeetCode,92,96,90,95,85,P1436,Weather App,MongoDB,Hard,https://github.com/ST1436/project,C1436,Python Programming,GeeksforGeeks,Completed,I1436,Google,Web Developer Intern,2 Months,Completed,R1436,97,86,21,ATS-Friendly,Excellent
ST1437,Vedhika Kant,nidhidugar@example.net,VSSUT,ECE,3,2027-09-19,10,Wipro,Backend Developer,321,243,61,1903,LeetCode,87,87,94,87,88,P1437,E-Commerce Website,React,Hard,https://github.com/ST1437/project,C1437,Python Programming,Coursera,Completed,I1437,Cognizant,Cloud Intern,2 Months,Ongoing,R1437,93,100,19,Modern,Excellent
ST1438,Wazir Ray,yashawininadkarni@example.org,IIT Bhubaneswar,IT,4,2027-08-22,5,Capgemini,Data Analyst,91,77,15,1400,LeetCode,61,73,73,67,71,P1438,Student Management System,MySQL,Medium,https://github.com/ST1438/project,C1438,AWS Cloud Practitioner,GeeksforGeeks,In Progress,I1438,Oracle,Web Developer Intern,6 Months,Completed,R1438,55,70,14,Modern,Average
ST1439,Chanchal Saha,dominic56@example.org,KIIT,ECE,3,2027-10-28,8,Accenture,Full Stack Developer,289,184,58,2283,LeetCode,97,94,100,96,100,P1439,Expense Tracker,Flask,Easy,https://github.com/ST1439/project,C1439,Cloud Computing,edX,Completed,I1439,Infosys,Frontend Intern,2 Months,Ongoing,R1439,87,88,20,ATS-Friendly,Excellent
ST1440,Jackson Gera,jacob07@example.net,KIIT,Mechanical,3,2027-08-09,6,Amazon,Software Engineer,179,164,22,1643,LeetCode,80,78,72,78,75,P1440,Expense Tracker,Python,Hard,https://github.com/ST1440/project,C1440,NPTEL DBMS,NPTEL,In Progress,I1440,Cognizant,Cloud Intern,1 Month,Completed,R1440,83,77,18,Basic,Excellent
ST1441,Chameli Patil,xdugar@example.net,VSSUT,CSE,3,2027-09-08,8,Amazon,Frontend Developer,365,294,93,2288,LeetCode,88,100,88,92,88,P1441,Bank Management System,Django,Hard,https://github.com/ST1441/project,C1441,Python Programming,GeeksforGeeks,Completed,I1441,Microsoft,Frontend Intern,3 Months,Ongoing,R1441,97,99,21,ATS-Friendly,Excellent
ST1442,Inaya Kata,janya16@example.com,KIIT,CSE,4,2028-01-02,10,Infosys,Backend Developer,428,230,44,2163,LeetCode,96,95,100,95,86,P1442,E-Commerce Website,MySQL,Hard,https://github.com/ST1442/project,C1442,Java Programming,Udemy,In Progress,I1442,Infosys,Web Developer Intern,1 Month,Ongoing,R1442,88,96,22,Basic,Excellent
ST1443,Aarush Garde,hemanioommen@example.net,NIT Rourkela,Mechanical,3,2027-12-13,6,Capgemini,Data Analyst,208,96,38,1755,LeetCode,82,85,87,81,70,P1443,Hospital Management System,Flask,Medium,https://github.com/ST1443/project,C1443,Python Programming,Udemy,Completed,I1443,Wipro,Data Analyst Intern,1 Month,Not Started,R1443,73,81,19,ATS-Friendly,Good
ST1444,Charita Mishra,gargjanya@example.net,SOA University,Mechanical,4,2028-01-20,2,Adobe,Backend Developer,17,9,3,1259,LeetCode,38,43,40,47,60,P1444,Placement Prediction System,React,Medium,https://github.com/ST1444/project,C1444,Full Stack Web Development,Coursera,Completed,I1444,TCS,Frontend Intern,1 Month,Completed,R1444,54,51,8,ATS-Friendly,Average
ST1445,Inaya Kata,baliutkarsh@example.com,KIIT,Mechanical,3,2027-09-01,10,Infosys,Software Engineer,380,192,43,2277,LeetCode,94,100,93,85,93,P1445,E-Commerce Website,Java,Medium,https://github.com/ST1445/project,C1445,SQL for Data Science,edX,Completed,I1445,Amazon,Frontend Intern,3 Months,Ongoing,R1445,85,91,22,Modern,Excellent
ST1446,Saksham Sha,advik24@example.net,KIIT,EEE,4,2027-08-30,2,Google,Software Engineer,10,4,1,1318,LeetCode,53,60,60,56,48,P1446,Weather App,React,Easy,https://github.com/ST1446/project,C1446,Artificial Intelligence Basics,Coursera,In Progress,I1446,Capgemini,ML Intern,2 Months,Not Started,R1446,51,41,10,Modern,Average
ST1447,Odika Ghose,rattanjhalak@example.org,VSSUT,IT,3,2027-12-27,8,Wipro,Data Analyst,366,183,41,1971,LeetCode,98,87,98,92,100,P1447,Attendance Management System,Java,Medium,https://github.com/ST1447/project,C1447,AWS Cloud Practitioner,GeeksforGeeks,Completed,I1447,Oracle,Cloud Intern,6 Months,Not Started,R1447,99,92,23,Modern,Excellent
ST1448,Baghyawati Thaker,sainifaris@example.net,KIIT,Mechanical,3,2027-12-10,5,Accenture,Full Stack Developer,121,48,15,1521,LeetCode,60,58,56,69,56,P1448,Portfolio Website,Python,Medium,https://github.com/ST1448/project,C1448,Java Programming,NPTEL,Completed,I1448,TCS,Software Developer Intern,1 Month,Completed,R1448,61,71,15,Modern,Average
ST1449,Nandini Chaudhari,lipika42@example.org,KIIT,ECE,4,2027-09-28,2,Google,Data Scientist,27,2,5,1237,LeetCode,35,55,53,60,40,P1449,AI Resume Analyzer,MongoDB,Easy,https://github.com/ST1449/project,C1449,Python Programming,GeeksforGeeks,In Progress,I1449,Cognizant,Frontend Intern,1 Month,Not Started,R1449,47,55,6,ATS-Friendly,Needs Improvement
ST1450,Ekalinga Chaudhry,anita05@example.org,SOA University,CSE,4,2027-09-15,3,Capgemini,Data Scientist,60,25,3,1400,LeetCode,48,46,54,59,35,P1450,Portfolio Website,Django,Easy,https://github.com/ST1450/project,C1450,React Development,Coursera,In Progress,I1450,Google,Python Developer Intern,6 Months,Completed,R1450,46,57,10,Modern,Needs Improvement
ST1451,Kritika Malhotra,lmuni@example.net,NIT Rourkela,ECE,3,2027-12-10,9,Microsoft,Frontend Developer,356,255,44,2068,LeetCode,87,94,87,98,94,P1451,AI Resume Analyzer,Django,Medium,https://github.com/ST1451/project,C1451,Artificial Intelligence Basics,GeeksforGeeks,In Progress,I1451,Amazon,ML Intern,3 Months,Ongoing,R1451,95,96,19,ATS-Friendly,Excellent
ST1452,Amara Kunda,lila18@example.net,IIT Bhubaneswar,IT,4,2027-11-25,9,Accenture,Frontend Developer,297,177,72,2294,LeetCode,90,97,89,85,100,P1452,Placement Prediction System,Flask,Hard,https://github.com/ST1452/project,C1452,Cloud Computing,edX,Completed,I1452,Oracle,Backend Intern,3 Months,Ongoing,R1452,87,97,21,Modern,Excellent
ST1453,Qadim Wali,rswamy@example.net,VSSUT,EEE,4,2027-08-13,2,Google,Data Scientist,37,3,5,1214,LeetCode,50,56,51,44,48,P1453,Weather App,MySQL,Hard,https://github.com/ST1453/project,C1453,Google Data Analytics,GeeksforGeeks,In Progress,I1453,Accenture,Cloud Intern,1 Month,Not Started,R1453,32,53,8,ATS-Friendly,Needs Improvement
ST1454,Bhavika Date,luthraganga@example.org,VSSUT,ECE,3,2027-09-30,6,Google,Data Analyst,228,149,20,1754,LeetCode,76,76,79,90,90,P1454,Student Management System,Python,Medium,https://github.com/ST1454/project,C1454,Python for Everybody,Udemy,In Progress,I1454,TCS,Python Developer Intern,2 Months,Completed,R1454,80,88,15,Basic,Excellent
ST1455,Anirudh Mishra,siddharth34@example.net,SOA University,IT,4,2027-10-23,10,Capgemini,Data Analyst,398,251,95,2121,LeetCode,93,98,97,89,86,P1455,Movie Recommendation System,MongoDB,Hard,https://github.com/ST1455/project,C1455,Java Programming,Udemy,In Progress,I1455,Accenture,Cloud Intern,6 Months,Ongoing,R1455,86,86,18,Basic,Excellent
ST1456,David Kari,vivaan53@example.com,KIIT,IT,3,2028-01-04,4,Adobe,ML Engineer,113,74,14,1473,LeetCode,55,69,75,74,70,P1456,Portfolio Website,MongoDB,Hard,https://github.com/ST1456/project,C1456,Cyber Security Essentials,Udemy,In Progress,I1456,Oracle,Backend Intern,6 Months,Not Started,R1456,56,60,13,Basic,Average
ST1457,Anita Zacharia,darpanvarma@example.com,SOA University,IT,4,2027-12-17,10,TCS,Backend Developer,436,183,77,1800,LeetCode,85,98,99,97,92,P1457,Expense Tracker,FastAPI,Medium,https://github.com/ST1457/project,C1457,Python Programming,edX,In Progress,I1457,Google,Software Developer Intern,6 Months,Ongoing,R1457,88,88,20,ATS-Friendly,Excellent
ST1458,Peter Shah,tandonpratyush@example.org,SOA University,EEE,4,2027-10-22,8,Microsoft,Software Engineer,377,286,64,2093,LeetCode,96,92,94,87,96,P1458,Portfolio Website,Django,Easy,https://github.com/ST1458/project,C1458,Google Data Analytics,NPTEL,Completed,I1458,Microsoft,ML Intern,3 Months,Ongoing,R1458,88,85,25,Basic,Excellent
ST1459,Frado Divan,kamya33@example.org,IIT Bhubaneswar,CSE,4,2027-11-25,3,Capgemini,Full Stack Developer,21,6,2,1067,LeetCode,41,50,51,56,45,P1459,Expense Tracker,Django,Hard,https://github.com/ST1459/project,C1459,React Development,Udemy,In Progress,I1459,Accenture,Data Analyst Intern,2 Months,Ongoing,R1459,44,60,9,Modern,Needs Improvement
ST1460,Leena Zachariah,tjani@example.net,SOA University,CSE,3,2027-11-29,9,Accenture,Frontend Developer,423,188,56,1806,LeetCode,93,92,97,87,87,P1460,Portfolio Website,Java,Easy,https://github.com/ST1460/project,C1460,NPTEL DBMS,Coursera,In Progress,I1460,Google,Python Developer Intern,3 Months,Completed,R1460,98,100,19,Basic,Excellent
ST1461,Megha Nori,ethanswamy@example.com,NIT Rourkela,Mechanical,3,2028-01-16,5,Adobe,ML Engineer,86,77,6,1480,LeetCode,58,57,61,62,68,P1461,Online Quiz System,MySQL,Hard,https://github.com/ST1461/project,C1461,Python Programming,Coursera,In Progress,I1461,Accenture,Python Developer Intern,6 Months,Completed,R1461,69,67,15,Modern,Good
ST1462,Rohan Chaudhari,cjha@example.com,NIT Rourkela,ECE,3,2027-10-18,6,Amazon,Backend Developer,242,93,39,1786,LeetCode,80,86,74,80,90,P1462,Student Management System,C++,Easy,https://github.com/ST1462/project,C1462,Google Data Analytics,Coursera,Completed,I1462,Oracle,Python Developer Intern,3 Months,Not Started,R1462,81,86,16,Basic,Excellent
ST1463,Abhiram Rout,chameliborde@example.com,KIIT,IT,4,2027-08-06,8,Accenture,Software Engineer,252,216,63,1971,LeetCode,94,88,89,85,93,P1463,AI Resume Analyzer,Python,Hard,https://github.com/ST1463/project,C1463,NPTEL DBMS,Coursera,In Progress,I1463,Oracle,Software Developer Intern,2 Months,Not Started,R1463,98,94,22,ATS-Friendly,Excellent
ST1464,Bhavika Gulati,raoindali@example.net,KIIT,IT,3,2027-12-17,7,Google,Data Analyst,168,176,33,1606,LeetCode,83,82,75,77,73,P1464,Face Recognition System,Python,Easy,https://github.com/ST1464/project,C1464,SQL for Data Science,GeeksforGeeks,Completed,I1464,Wipro,Web Developer Intern,6 Months,Ongoing,R1464,84,84,16,Modern,Excellent
ST1465,Tripti Sethi,jdada@example.org,VSSUT,EEE,4,2027-10-03,10,Oracle,Backend Developer,374,198,58,2272,LeetCode,95,85,89,92,93,P1465,Weather App,Java,Hard,https://github.com/ST1465/project,C1465,Java Programming,NPTEL,In Progress,I1465,Infosys,Web Developer Intern,3 Months,Completed,R1465,88,87,22,Modern,Excellent
ST1466,Deepa Goel,chasmum42@example.net,IIT Bhubaneswar,EEE,3,2027-12-26,2,Capgemini,Data Analyst,11,13,4,1373,LeetCode,45,38,60,38,58,P1466,Chatbot,MongoDB,Hard,https://github.com/ST1466/project,C1466,AWS Cloud Practitioner,Udemy,In Progress,I1466,Infosys,Backend Intern,6 Months,Ongoing,R1466,37,57,5,Modern,Needs Improvement
ST1467,Yashica Chakraborty,hamsiniganesh@example.com,NIT Rourkela,ECE,4,2028-01-22,3,Adobe,Data Analyst,10,10,1,1163,LeetCode,52,60,57,37,44,P1467,Attendance Management System,C++,Hard,https://github.com/ST1467/project,C1467,Java Programming,edX,In Progress,I1467,Cognizant,Cloud Intern,3 Months,Not Started,R1467,51,50,7,ATS-Friendly,Average
ST1468,Tanish Bhatti,snehamannan@example.com,NIT Rourkela,ECE,4,2027-08-19,6,Amazon,Full Stack Developer,182,80,42,1648,LeetCode,89,79,84,70,82,P1468,Online Quiz System,React,Medium,https://github.com/ST1468/project,C1468,React Development,edX,In Progress,I1468,TCS,Backend Intern,3 Months,Completed,R1468,82,77,14,ATS-Friendly,Excellent
ST1469,Chasmum Chakraborty,devmahajan@example.net,KIIT,ECE,3,2027-12-07,4,Capgemini,ML Engineer,111,51,13,1572,LeetCode,73,74,72,57,61,P1469,Online Quiz System,Django,Easy,https://github.com/ST1469/project,C1469,Java Programming,Udemy,Completed,I1469,Wipro,Data Analyst Intern,2 Months,Not Started,R1469,69,71,10,Modern,Good
ST1470,Chaaya Jain,ygara@example.com,VSSUT,IT,3,2027-08-27,4,Capgemini,Data Scientist,133,74,15,1488,LeetCode,70,75,73,70,71,P1470,E-Commerce Website,React,Hard,https://github.com/ST1470/project,C1470,Data Structures and Algorithms,GeeksforGeeks,In Progress,I1470,Wipro,Software Developer Intern,3 Months,Not Started,R1470,57,70,10,Basic,Average
ST1471,Arin Loyal,narayanchakradhar@example.net,IIT Bhubaneswar,ECE,3,2027-09-09,9,Infosys,Data Scientist,343,230,80,1808,LeetCode,87,90,100,93,87,P1471,Bank Management System,C++,Hard,https://github.com/ST1471/project,C1471,Python Programming,Udemy,Completed,I1471,Accenture,Web Developer Intern,3 Months,Not Started,R1471,99,99,23,Basic,Excellent
ST1472,Rayaan Chacko,waliaanusha@example.net,NIT Rourkela,CSE,3,2027-10-12,5,Infosys,Full Stack Developer,102,35,18,1503,LeetCode,62,72,70,69,69,P1472,Library Management System,Django,Medium,https://github.com/ST1472/project,C1472,AWS Cloud Practitioner,edX,Completed,I1472,Infosys,ML Intern,6 Months,Not Started,R1472,61,74,15,Modern,Average
ST1473,Onveer Narang,vyanjanasuresh@example.net,VSSUT,CSE,4,2027-11-11,7,Accenture,ML Engineer,150,131,33,1791,LeetCode,83,79,76,78,70,P1473,Student Management System,React,Hard,https://github.com/ST1473/project,C1473,React Development,GeeksforGeeks,In Progress,I1473,Cognizant,ML Intern,3 Months,Ongoing,R1473,81,77,16,Basic,Excellent
ST1474,Siddharth Das,mason98@example.org,NIT Rourkela,CSE,4,2027-10-18,9,Adobe,Data Scientist,397,242,47,1808,LeetCode,92,87,85,97,91,P1474,AI Resume Analyzer,C++,Easy,https://github.com/ST1474/project,C1474,Machine Learning,GeeksforGeeks,In Progress,I1474,Infosys,ML Intern,1 Month,Not Started,R1474,94,85,25,Basic,Excellent
ST1475,Nitesh Krishnan,ranbirlad@example.org,NIT Rourkela,IT,4,2027-12-27,7,Google,Data Analyst,250,120,47,1783,LeetCode,82,70,83,87,85,P1475,Expense Tracker,MongoDB,Hard,https://github.com/ST1475/project,C1475,Full Stack Web Development,GeeksforGeeks,Completed,I1475,Oracle,Frontend Intern,3 Months,Completed,R1475,76,88,16,Basic,Good
ST1476,Vincent Rama,udada@example.org,KIIT,EEE,3,2028-01-25,5,Amazon,Data Scientist,131,75,5,1512,LeetCode,71,55,61,56,75,P1476,Weather App,Node.js,Medium,https://github.com/ST1476/project,C1476,Java Programming,Udemy,In Progress,I1476,TCS,Backend Intern,1 Month,Completed,R1476,61,74,11,Basic,Average
ST1477,Rehaan Hegde,dhruv70@example.com,SOA University,Mechanical,4,2027-12-02,5,Microsoft,Backend Developer,148,67,6,1537,LeetCode,56,63,67,58,63,P1477,Attendance Management System,FastAPI,Hard,https://github.com/ST1477/project,C1477,Cloud Computing,NPTEL,Completed,I1477,Infosys,Software Developer Intern,2 Months,Ongoing,R1477,64,68,12,Basic,Average
ST1478,Chatura Batra,semalka@example.org,VSSUT,IT,4,2027-12-30,9,TCS,Software Engineer,322,161,100,2165,LeetCode,91,87,89,86,96,P1478,Bank Management System,Flask,Easy,https://github.com/ST1478/project,C1478,Machine Learning,GeeksforGeeks,Completed,I1478,Oracle,ML Intern,2 Months,Ongoing,R1478,99,99,23,Basic,Excellent
ST1479,Vedhika Issac,vedikagala@example.org,IIT Bhubaneswar,EEE,4,2027-11-03,7,Google,Frontend Developer,232,83,24,1666,LeetCode,85,72,76,83,86,P1479,Movie Recommendation System,Node.js,Medium,https://github.com/ST1479/project,C1479,Google Data Analytics,GeeksforGeeks,In Progress,I1479,Amazon,Data Analyst Intern,6 Months,Ongoing,R1479,74,78,20,Modern,Good
ST1480,Yashoda Om,zilmil85@example.org,SOA University,ECE,4,2027-11-06,4,Adobe,Data Analyst,80,74,17,1600,LeetCode,66,75,74,71,68,P1480,Chatbot,Python,Easy,https://github.com/ST1480/project,C1480,NPTEL Computer Networks,Coursera,In Progress,I1480,TCS,ML Intern,2 Months,Ongoing,R1480,59,74,12,Modern,Average
ST1481,Sai Dua,aacharya@example.com,SOA University,IT,3,2027-09-28,8,Wipro,Data Analyst,305,223,52,2111,LeetCode,99,88,99,99,88,P1481,Chatbot,Flask,Hard,https://github.com/ST1481/project,C1481,Python Programming,NPTEL,Completed,I1481,Accenture,Data Analyst Intern,6 Months,Ongoing,R1481,92,89,19,Basic,Excellent
ST1482,Amol Agrawal,obhalla@example.org,KIIT,IT,3,2028-01-22,2,Capgemini,Full Stack Developer,52,17,4,1076,LeetCode,38,53,49,48,43,P1482,Portfolio Website,MongoDB,Easy,https://github.com/ST1482/project,C1482,SQL for Data Science,Udemy,In Progress,I1482,Cognizant,Cloud Intern,2 Months,Not Started,R1482,39,56,7,Basic,Needs Improvement
ST1483,Lohit Menon,rachita83@example.com,IIT Bhubaneswar,Mechanical,4,2027-11-28,3,Google,Software Engineer,50,21,3,1033,LeetCode,50,42,54,38,53,P1483,Expense Tracker,React,Medium,https://github.com/ST1483/project,C1483,Machine Learning,GeeksforGeeks,In Progress,I1483,Microsoft,Software Developer Intern,3 Months,Not Started,R1483,46,47,8,ATS-Friendly,Needs Improvement
ST1484,Jyoti Walla,kritika16@example.org,IIT Bhubaneswar,CSE,4,2027-10-23,8,Google,Backend Developer,326,192,45,1854,LeetCode,98,91,87,85,95,P1484,E-Commerce Website,Django,Medium,https://github.com/ST1484/project,C1484,Data Structures and Algorithms,Coursera,Completed,I1484,Google,Data Analyst Intern,3 Months,Completed,R1484,87,96,18,ATS-Friendly,Excellent
ST1485,Arin Natarajan,chakrabartidamyanti@example.net,KIIT,EEE,3,2027-12-05,3,Wipro,Software Engineer,15,18,1,1230,LeetCode,54,51,54,44,54,P1485,Library Management System,Flask,Hard,https://github.com/ST1485/project,C1485,Machine Learning,Coursera,In Progress,I1485,Accenture,Software Developer Intern,3 Months,Ongoing,R1485,44,50,6,Basic,Needs Improvement
ST1486,Raagini Choudhary,varenyatalwar@example.org,IIT Bhubaneswar,ECE,3,2027-12-14,4,Capgemini,Data Analyst,122,51,20,1474,LeetCode,74,71,75,60,57,P1486,Weather App,Java,Hard,https://github.com/ST1486/project,C1486,Python for Everybody,NPTEL,In Progress,I1486,Microsoft,Cloud Intern,2 Months,Completed,R1486,62,64,11,ATS-Friendly,Average
ST1487,Reva Chhabra,udass@example.net,NIT Rourkela,EEE,3,2027-12-19,4,Adobe,Backend Developer,148,62,5,1546,LeetCode,60,63,62,60,58,P1487,Chatbot,MySQL,Easy,https://github.com/ST1487/project,C1487,Full Stack Web Development,NPTEL,In Progress,I1487,Google,Web Developer Intern,2 Months,Not Started,R1487,57,74,12,Basic,Average
ST1488,Anamika Sood,daniel78@example.net,IIT Bhubaneswar,Mechanical,4,2027-08-22,2,Adobe,ML Engineer,67,8,0,1325,LeetCode,43,49,59,52,60,P1488,Online Quiz System,C++,Hard,https://github.com/ST1488/project,C1488,Artificial Intelligence Basics,GeeksforGeeks,Completed,I1488,Microsoft,Cloud Intern,2 Months,Completed,R1488,46,48,6,ATS-Friendly,Needs Improvement
ST1489,Geetika Yogi,jalsasaha@example.org,NIT Rourkela,Mechanical,3,2027-10-02,5,Oracle,Software Engineer,88,68,7,1480,LeetCode,68,64,71,66,61,P1489,AI Resume Analyzer,Flask,Hard,https://github.com/ST1489/project,C1489,Python Programming,Coursera,In Progress,I1489,Oracle,Software Developer Intern,2 Months,Not Started,R1489,62,71,13,ATS-Friendly,Average
ST1490,Charan Dara,butalagaurangi@example.com,SOA University,IT,3,2028-01-15,5,Infosys,Data Scientist,105,50,10,1487,LeetCode,58,63,70,55,63,P1490,Placement Prediction System,Flask,Hard,https://github.com/ST1490/project,C1490,Cyber Security Essentials,GeeksforGeeks,Completed,I1490,Microsoft,Python Developer Intern,2 Months,Not Started,R1490,63,70,12,Basic,Average
ST1491,Eta Kala,cgour@example.org,NIT Rourkela,IT,4,2027-11-04,10,Wipro,Software Engineer,445,200,56,2092,LeetCode,97,100,95,88,99,P1491,Student Management System,MySQL,Medium,https://github.com/ST1491/project,C1491,Cyber Security Essentials,GeeksforGeeks,In Progress,I1491,Amazon,Python Developer Intern,1 Month,Ongoing,R1491,86,87,24,Modern,Excellent
ST1492,Dakshesh Dara,ekanda@example.net,NIT Rourkela,ECE,3,2027-11-27,3,TCS,Data Analyst,49,26,2,1234,LeetCode,48,50,59,56,60,P1492,Attendance Management System,C++,Medium,https://github.com/ST1492/project,C1492,Artificial Intelligence Basics,NPTEL,Completed,I1492,Wipro,Frontend Intern,1 Month,Completed,R1492,43,45,7,Basic,Needs Improvement
ST1493,Om Batra,jagat03@example.org,IIT Bhubaneswar,CSE,4,2027-11-12,2,Capgemini,Software Engineer,48,2,5,1395,LeetCode,41,36,46,53,44,P1493,Bank Management System,MySQL,Hard,https://github.com/ST1493/project,C1493,Machine Learning,Coursera,Completed,I1493,Amazon,Web Developer Intern,1 Month,Completed,R1493,34,42,7,Modern,Needs Improvement
ST1494,Radha Dass,xcherian@example.com,NIT Rourkela,Mechanical,4,2027-10-22,5,TCS,Backend Developer,91,70,8,1463,LeetCode,64,67,65,75,65,P1494,Movie Recommendation System,Python,Easy,https://github.com/ST1494/project,C1494,SQL for Data Science,Coursera,In Progress,I1494,Oracle,Frontend Intern,6 Months,Not Started,R1494,62,72,11,Basic,Average
ST1495,Eesha Bansal,kalavasatika@example.com,IIT Bhubaneswar,ECE,4,2027-09-21,3,Microsoft,Full Stack Developer,12,13,2,1291,LeetCode,40,52,58,38,57,P1495,Bank Management System,MongoDB,Easy,https://github.com/ST1495/project,C1495,Cloud Computing,NPTEL,Completed,I1495,Infosys,ML Intern,6 Months,Ongoing,R1495,36,52,10,ATS-Friendly,Needs Improvement
ST1496,Wridesh Sabharwal,yatin97@example.org,VSSUT,CSE,3,2027-08-29,8,Adobe,Frontend Developer,252,175,94,1851,LeetCode,91,90,87,91,87,P1496,Expense Tracker,FastAPI,Easy,https://github.com/ST1496/project,C1496,React Development,Coursera,In Progress,I1496,Infosys,Backend Intern,6 Months,Ongoing,R1496,93,99,18,Basic,Excellent
ST1497,Bina Bava,damyantichhabra@example.com,SOA University,CSE,4,2027-09-10,10,Oracle,Data Scientist,307,272,43,2271,LeetCode,86,97,98,95,86,P1497,Bank Management System,Python,Medium,https://github.com/ST1497/project,C1497,Google Data Analytics,Udemy,Completed,I1497,TCS,ML Intern,2 Months,Not Started,R1497,97,96,22,Basic,Excellent
ST1498,Indrajit Dey,msridhar@example.com,IIT Bhubaneswar,Mechanical,3,2027-08-06,3,Google,Data Analyst,38,14,5,1270,LeetCode,57,43,48,44,56,P1498,E-Commerce Website,Node.js,Medium,https://github.com/ST1498/project,C1498,React Development,Coursera,In Progress,I1498,Microsoft,Cloud Intern,3 Months,Completed,R1498,55,41,5,Basic,Average
ST1499,Nitara Mall,indirabatra@example.net,NIT Rourkela,EEE,4,2027-11-25,4,TCS,Software Engineer,85,46,18,1502,LeetCode,71,64,67,75,60,P1499,Movie Recommendation System,Django,Medium,https://github.com/ST1499/project,C1499,Python for Everybody,Udemy,Completed,I1499,Microsoft,ML Intern,3 Months,Completed,R1499,61,72,13,ATS-Friendly,Average
ST1500,Siya Chada,xaviergoswami@example.net,SOA University,IT,3,2027-08-09,10,Oracle,ML Engineer,287,185,71,1804,LeetCode,94,85,99,88,92,P1500,Portfolio Website,Java,Easy,https://github.com/ST1500/project,C1500,SQL for Data Science,Coursera,Completed,I1500,Cognizant,ML Intern,6 Months,Not Started,R1500,95,95,23,Modern,Excellent
